employee_id,name,address,salary,age
1,Allison Hill,"819 Johnson Course, East William, AK 74064",127716.89,22
2,Matthew Gardner,"26542 Susan Junction Apt. 161, Melanieview, AS 06196",142524.82,36
3,Kimberly Dudley,"959 Janet Cape Apt. 413, South Joshuastad, GA 49021",67365.56,27
4,Michael Miles,"283 Steven Groves, Lake Mark, WI 07832",133121.43,55
5,Andrew Stewart,"537 Wilkerson Row, Thomasberg, IA 98148",47606.13,48
6,Deborah Richards,"PSC 6532, Box 8710, APO AE 20534",39608.49,26
7,Rebecca Henderson,"784 Erin Crescent Suite 514, Mooretown, VA 94830",66702.51,53
8,Jonathan White,"PSC 4893, Box 2528, APO AP 00575",122292.72,56
9,Katherine Rodriguez,"03911 Cabrera Trace Apt. 278, West Allison, PA 55962",63831.46,62
10,Tanya Campos,"5787 John Circles Suite 098, New Jeffrey, CA 93279",136692.12,47
11,Crystal Whitehead,"347 Amber Stream, Sanchezfort, AS 53855",66963.89,58
12,Brent Jordan,"010 Chandler Union Apt. 333, Taylorburgh, KY 61138",75337.65,21
13,Thomas Ramos,"80132 Tucker Forest, Barreraburgh, MS 00783",145027.07,31
14,Mrs. Rachel Gibson,"34309 Julie Centers Apt. 978, North Susan, CO 24857",136230.21,42
15,Barry Hensley,"909 Robert Prairie, Sarahborough, TN 94373",75291.34,34
16,Derek Anderson,"1079 Charles Forest Suite 251, West Justin, NV 71701",173795.9,42
17,Lisa Archer,"841 Joseph Coves, West Juan, IL 94559",49820.49,45
18,Michael Farrell,"16400 Wise Route Suite 278, Hoffmanville, CA 91074",49023.87,43
19,Kimberly Davenport,"2045 Rachel Fords, Lake Curtis, WI 73886",122540.27,23
20,Jennifer Oliver,"26025 Pham Way, West Erik, UT 14669",140811.11,55
21,Andrew Ruiz,"4330 Raymond Harbors Apt. 458, Frazierside, MA 04118",53099.79,45
22,Wesley White,"USNV Johnson, FPO AP 57460",46426.03,39
23,Richard Graham,"Unit 1693 Box 4060, DPO AP 71076",155263.68,60
24,Teresa Mclaughlin,"59514 Estrada Islands Suite 482, South Elizabeth, MS 89278",163390.5,44
25,Carrie Carroll,"4369 Marshall Mills, New Thomas, MH 96964",118716.06,25
26,Bradley Robertson,"34332 Brandon Mountains Apt. 769, Lake Heather, NM 52884",41644.54,35
27,Matthew Smith,"3287 Angela Vista, South Dennismouth, TN 70117",147094.91,26
28,Linda Dodson DVM,"727 Green Gateway Suite 873, Scottport, IA 36115",159021.07,27
29,Steven Miller,"231 Russell Plains Suite 603, Priceshire, UT 03061",90118.3,50
30,Pamela James,"6688 Tracy Groves Suite 706, Elizabethfurt, VA 22133",127174.24,44
31,Tamara Hooper,"901 Taylor Mountain Apt. 046, Jasonmouth, MA 50193",58584.84,43
32,Trevor Fisher,"80531 Karen Gateway Apt. 092, East Thomas, DE 74421",65378.52,38
33,Julie Scott,"41904 Sanders Stravenue, North Brittany, MP 82714",136763.95,64
34,Michael Turner,"058 Stanley Cliff, Alexanderchester, GU 64752",128965.13,59
35,Tyler Reid,"2849 Marshall Views, Marcusbury, MP 11860",127071.85,55
36,Jerry Christensen,"0752 Lewis Union Suite 549, Angelahaven, ID 11722",140723.39,31
37,Jason Peters,"770 Kelly Lodge Apt. 495, Transtad, NE 98272",102027.73,38
38,Heather Chavez,"35182 Javier Orchard, Jennyhaven, PA 37594",178480.89,61
39,Dr. Elizabeth Ward,"0084 Dana Terrace, Garciatown, OK 37769",134783.48,35
40,Jeremiah Lopez,"16719 Edward Valleys Suite 131, Obrienbury, WI 68995",134269.07,24
41,Terry Evans,"9909 Stacey Fords Apt. 412, East Andrea, GA 00851",68211.97,23
42,Michael Harrison,"471 Sandra Turnpike Apt. 618, Lake Edward, KY 19144",151731.64,46
43,Christopher Parker,"1746 Mason Park Suite 190, Navarroview, AK 12471",73822.43,34
44,Michael Valencia,"490 Thomas Run, Moonburgh, OR 57633",167404.74,57
45,Katherine Davis,"1256 Roberts Locks Apt. 715, Marcusfurt, VI 67950",162073.31,41
46,April Booth,"85977 James Plaza, West Samuel, UT 64033",65830.85,52
47,William Lynch,"8086 Jeffrey Ville, South Staceyberg, NM 94427",92366.63,62
48,Michael Perry,"78263 Michelle Harbor Suite 584, West Jessicashire, OR 87000",101533.52,37
49,Charles Ryan MD,"5339 Hall Trail Suite 057, Hughesberg, NM 05353",55246.4,56
50,Vincent Rivera,"87026 Charles Tunnel Suite 596, Port Markside, MS 42006",113151.71,58
51,Stacy Freeman,"43161 Scott Square, Rebeccaton, MD 07856",97122.9,58
52,James Thomas,"21969 Tyler Prairie, East Steven, KS 60737",92913.07,35
53,Adam Ballard,"PSC 8217, Box 5946, APO AP 33281",179612.24,29
54,Eric Kidd,"69594 Johnson Village, Hillshire, VI 90390",108881.31,26
55,Valerie Lozano,"95339 Byrd Stravenue Apt. 104, Johnsonstad, VA 17725",144588.41,28
56,Edward Burgess,"588 Rivas Glens, Coffeyport, WA 44897",57161.99,31
57,Julie Jones,"685 Krystal Bridge, Amandamouth, MN 88689",149851.51,48
58,Deborah James,"37098 Herman Forges Apt. 746, East Brandonton, ME 65070",121479.31,45
59,David Medina,"869 Nicole Shoal Apt. 796, Antoniostad, IL 58616",90334.8,50
60,David Cox,"Unit 5850 Box 6431, DPO AA 12516",111721.58,56
61,Maria Harper,"29318 Brenda Via Apt. 529, West Micheleberg, DC 71308",159813.06,21
62,Christopher Guerrero,"3950 Joseph Crossroad, Foxland, NJ 59257",133641.09,28
63,Kayla Rodriguez,"847 Bruce Neck, Simmonsville, NM 93876",133848,55
64,Angel Miller,"49985 Vang Pines, Shawnchester, CT 92484",143877.28,62
65,Matthew Rich,"7365 Ross Stream, West Ronaldview, MN 20507",84325.44,39
66,Kara Davis,"52809 Santiago Loop Suite 604, Michaelshire, NY 28385",98040.96,50
67,John Boone,"49368 Chelsea Shoals Suite 024, Sandrastad, AL 24278",35470.57,37
68,Kylie Morales,"83667 Moore Inlet, Kimberlyshire, PA 11636",175923.77,32
69,Brittney Webster,"7679 Perry Forge, West Russellport, TX 89431",108613.84,27
70,Kelsey Parker,"34324 Murphy Avenue, Burgessburgh, DC 50335",161225.19,40
71,Crystal Hansen,"60607 Michelle Ports Suite 966, Dariustown, MD 23028",157042.06,53
72,Lisa Collier,"PSC 1613, Box 6968, APO AE 52374",123300.68,30
73,Nichole Walker,"188 Rebecca Keys, Jessicaberg, IA 13975",89217.51,31
74,Craig Morrison,"77997 Lin Road, Edwardland, NJ 58462",113209.96,54
75,Rebecca Vargas,"7700 Decker Club, New Brookefurt, NH 76565",168181.56,59
76,Rebecca Huang,"9782 Shannon Valleys, Toniland, NY 85190",82002.63,22
77,David Kim,"5466 Shelton Center, Cameronville, OH 89417",51220.82,44
78,David York,"Unit 9251 Box 9254, DPO AP 92052",162414.67,40
79,Betty Fletcher,"528 Debbie Manors Suite 054, East Matthew, WI 64237",69720.58,36
80,Zachary Moore,"880 Walter River, New Nicholas, GA 24204",162311.39,26
81,Patricia Lamb,"65379 Goodwin Tunnel Suite 383, Tammyfort, MH 25931",47419.75,52
82,Travis Joyce,"8862 Laurie Dam Suite 075, Lake Meghanville, LA 11494",153323.37,55
83,Denise Whitehead,"37506 Randy Landing Apt. 615, North Lucas, CT 94178",146045.99,29
84,Raven Taylor,"277 Rebecca Brook Suite 328, Rodriguezport, IA 39973",130663.87,56
85,David Fowler,"79808 Jennifer Highway, Smithstad, IA 75299",58943.41,54
86,Matthew Miller,"Unit 1888 Box 8806, DPO AA 06207",161502.79,48
87,Veronica King,"3195 Bradley Plains, Lisaburgh, MP 90243",174832.62,55
88,Michael Welch,"704 Bradley Flats, West Sarahhaven, MO 71677",144513.45,65
89,Andrew Lucas,"541 Kim Locks, Klinefurt, MA 24987",64166.9,40
90,Jonathan Glass MD,"69284 Garcia Islands Suite 479, Jacksonmouth, MI 59107",92853.88,63
91,Sergio Gomez,"Unit 4016 Box 5820, DPO AE 80136",129232.32,49
92,Jessica Martinez,"6909 Erika Land Suite 719, New Michael, MD 85640",165444.04,49
93,Tyler Johnson,"144 Lewis Ridge Suite 731, Port Charles, HI 94003",52545.61,35
94,Brandon Fleming,"518 Vance Vista Apt. 258, North Tracie, WY 18703",44283.75,22
95,Johnny Ward,"291 Kyle Stravenue Suite 866, East Teresaland, NV 61558",120304.76,35
96,Haley Humphrey,"68018 Kevin Estates, Sarahbury, MI 68513",120323.82,21
97,Sarah King,"49818 Brittany Prairie Apt. 299, Meganshire, AZ 04219",45294,61
98,Travis Wise,"690 Small Plains, Dawnport, NJ 32597",43536.7,25
99,Melinda Evans,"76773 Lawson Island, Jessicastad, MO 17640",166285.9,42
100,Kayla Rodriguez,"7321 Kelly Lights, Wrightburgh, GU 43418",45274.32,36
101,Michelle Lee,"4701 Wagner Garden Apt. 950, West Troyfort, LA 70846",75379.2,52
102,Brian Anderson,"5060 Michael Heights Apt. 687, Marciaville, DC 13173",66064.34,29
103,Robert Morgan,"USNS Gonzalez, FPO AP 53111",139886.12,57
104,Amber Taylor,"729 Mark Ridge Suite 269, Brittneyhaven, MP 67310",118550.69,36
105,Michelle Evans,"1694 Candice Greens Apt. 097, New Cristina, RI 50333",148769.82,47
106,Michael Johnson,"USS Lee, FPO AA 41617",62609.44,27
107,Jason Harris,"028 Ann Shore Suite 865, South Rhonda, MA 72102",130552.5,43
108,Raymond Le,"733 Grant Fork Suite 437, Timothyside, WY 95090",96418.9,50
109,Bryan Rhodes,"2404 Michael Mills Suite 733, Sarahview, DC 14817",160256.33,24
110,Laurie Sanchez,"301 Rivera Mountains, Lake Kellitown, OH 21202",132637.86,62
111,Timothy Johns,"5401 Amanda Stream, East Robertburgh, PW 05264",49270.59,46
112,Jennifer Simpson DVM,"USNV Mcdowell, FPO AE 39611",140590.97,27
113,Ashley Bird,"87431 Martin Mount Suite 205, Ashleyborough, HI 80580",71055.17,33
114,Stephanie Wilcox,"1227 Boyle Avenue, Patrickmouth, WV 35496",112761.43,29
115,Elizabeth Sharp,"301 Parker Lodge Suite 145, East Susan, NJ 20579",96172.84,38
116,William Brooks,"339 Alicia Pines Suite 191, Port Amyhaven, ID 75566",102081.07,25
117,Carmen Bond,"971 Stokes Motorway, New Robert, OK 08068",99253.96,56
118,Megan Parker,"39106 Graves Plains Apt. 170, Robertberg, WI 84586",49196.77,62
119,Maria Fisher,"Unit 6766 Box 1825, DPO AE 23893",179895.96,21
120,Jenna Anderson DVM,"7868 Morrow Gateway, Reedview, ID 95531",175504.46,36
121,Amanda Keller,"31190 Harper Squares, East Joyfurt, NV 31216",59115.11,52
122,Nicole Parsons,"95995 Kevin Divide Apt. 644, New Stacyburgh, SC 89466",104796.97,46
123,Jon Compton,"USCGC Floyd, FPO AA 91767",165854.22,31
124,Chase Bennett,"34270 Faulkner Point Apt. 634, West Deborah, NV 49138",89951.1,45
125,Nathaniel Lee,"39837 Molly Isle, Susantown, IL 25407",73454.44,50
126,Autumn Key,"936 Andrea Trail, Oscarside, SD 47589",76361.14,65
127,Ian Andrade,"3556 Anna Forges Apt. 048, Phillipsborough, MA 30650",173811.06,56
128,Roy Porter,"7772 Jackson Stravenue Suite 280, Port Melanieton, WV 01337",130971.34,52
129,Ryan Hall,"87509 Hopkins Brook, New Andreatown, AK 69892",57445.54,39
130,Kimberly Mitchell,"11823 Christine Glen Suite 461, Susanmouth, OK 32378",66566.63,24
131,Courtney Sutton DVM,"66687 Dana Squares, North Vincent, NE 85030",118981.14,55
132,Kylie Hodge,"39740 Gabrielle Harbors, East Sarahmouth, AK 27653",43838.85,41
133,Nicole Marquez,"2939 Rhodes Plains, Patrickberg, WY 90850",43288.96,58
134,Kathryn Mccann,"15999 Novak Islands Apt. 477, West Angela, MS 57104",104134.33,54
135,Kevin James,"11426 Jodi Island Suite 110, Seanview, CT 17868",57827.75,53
136,Jeffrey Hawkins,"15819 Shields Bridge, Robertland, VA 73840",46616.16,32
137,Vanessa Armstrong,"24447 Bryan Mews Suite 647, West Johnathanbury, VA 82425",44935.59,25
138,Luis Ellis Jr.,"9657 Jordan View Apt. 459, South Leon, MO 42331",132905.82,36
139,Michael Henry,"6465 Sarah Flats, Lake Katrina, AK 95818",93547.45,57
140,Michael Gonzales,"7243 Hopkins Stravenue, Mccormickland, NV 78873",70701.23,59
141,James Hunter,"PSC 6805, Box 8911, APO AE 86694",40762.54,26
142,Carol Salazar,"6101 Walker Summit Apt. 756, Bartonshire, UT 66098",95787.61,58
143,Zachary Webb,"25457 Adriana Keys, Davismouth, MD 09305",116957.9,41
144,Robert Wilson,"238 Andrea Isle, Mullenbury, AS 53591",170532.41,34
145,Charlotte Sandoval,"9660 Jamie Terrace, New Cristianside, HI 48446",132110.27,41
146,Jim Baker,"696 Michael Vista Suite 924, Lake Dennisville, IA 40527",69609.46,46
147,James Thomas,"662 Reid Square, New Garrett, LA 18889",53977.35,62
148,Ryan Harvey,"2368 Ortiz Overpass, Mckinneymouth, NM 22423",78499.58,41
149,Andre Juarez,"84279 Dunn Creek Apt. 485, Port Jenniferside, IL 56226",169707.66,25
150,Ronald Potter,"4517 Kimberly Freeway, Port Joan, UT 46458",36350.74,60
151,Lisa Patterson,"09584 Mario Squares, Keithview, PR 67926",179775.89,27
152,Miss Anna Estes,"2232 Poole Trace, Burnsshire, SC 35722",45622.8,34
153,Jaime Jones,"8457 Murphy Alley, Lake Teresastad, PR 08801",108353.28,29
154,Jennifer Donaldson,"5458 Ashlee Oval Suite 001, Smithburgh, NV 60337",170322.61,25
155,Tyler Harris,"424 Diamond Glen, West Elizabethburgh, AR 52450",162494.19,44
156,Molly Fischer,"103 Miller Ramp, New Erin, AL 01557",76323.17,49
157,Ruth Mcneil,"1361 Dakota Land, Derrickberg, SD 89254",155893.02,40
158,Joseph Smith,"3269 Heath Corners Apt. 219, Bellchester, MD 18828",123693.28,62
159,Matthew Wright,"043 Julie Hill Apt. 376, East Victorland, NC 02082",111696.4,63
160,Dr. Bonnie Valencia,"271 Brenda Bridge Suite 300, Hunterhaven, WI 54952",153480.1,40
161,James Davidson,"1418 Terri Drives, Peterland, ME 92077",170104.63,27
162,Troy Allen,"79904 David Station Apt. 027, Alexandraview, GA 49242",171144.85,29
163,Richard Adams,"6481 Joseph Ports, South Spencerstad, AR 65985",73347.56,27
164,Carol Moore,"80003 Thomas Lights, East Sarah, PR 05136",142650.42,30
165,Suzanne Yang,"65419 Wilson Spring Apt. 238, South Caseymouth, VI 37503",74490.49,59
166,Emily Miller,"49493 Richardson Park Apt. 832, South Andrewside, MI 83855",65541.3,42
167,Sherry Tapia,"413 Robert Circle Apt. 410, Port April, UT 49324",64521.61,61
168,Paul Carpenter,"99062 Kelly Vista Suite 655, Nelsonland, ID 18341",158672.36,53
169,Lauren Moore,"6185 Shannon Mountain Suite 112, Margaretton, IL 43465",105837.12,24
170,Michael Schmitt,"442 Stephanie Walk, Hawkinsside, IA 12916",48383.28,48
171,Robert Taylor,"36519 Lowery Club, North Jamesmouth, AS 17381",155255.47,23
172,Ryan Lamb,"29667 Patrick Meadow Apt. 532, Joshuaberg, AZ 80993",35514.12,29
173,Danielle Phillips,"14626 Dawn Union Apt. 806, Timothyfort, MI 74642",127381.44,37
174,Jasmine White,"40785 Terri Courts, Lake John, ND 97108",58429.39,49
175,Zachary Robinson,"2239 Drake Square Suite 905, New Stacy, MP 65018",114993.66,48
176,Casey Johnson,"87059 Lindsay Junctions, Port Megan, MD 08307",116331.5,28
177,Kevin Stark,"56915 Morris Estate Suite 752, Jeffreyshire, GU 23484",45910.36,65
178,Nicholas Phillips,"969 Ian Island, Lake Ariana, NM 18935",166069.64,55
179,Blake Reed,"570 Clark Square, West Jonathanville, VA 00668",40224.08,44
180,Jeffrey Barnes,"6586 Maria Turnpike Apt. 271, West Andrewview, CT 10226",119463.89,30
181,Stephen Martin,"9970 Dunlap Expressway, Mooreville, MA 27442",97319.07,23
182,Jennifer Spencer,"PSC 8444, Box 3106, APO AP 72546",79697.46,23
183,Brittany Ward,"973 Anthony Extension Suite 171, Kristenfort, NM 87144",165344.07,34
184,Martin Hughes,"2704 Marshall Fork Suite 902, North Elizabethside, MT 99651",133899.67,63
185,Kristen Randall,"793 Evans Locks Apt. 898, North Stacy, NV 23160",49905.08,56
186,Carol Lewis,"1632 Flores Stream, North Paulfurt, OH 43247",163199.53,47
187,Kelly Stark,"62299 Sara Port Apt. 485, Bakerfort, OK 80318",176206.37,30
188,Christopher Powell,"65307 Prince Brooks Suite 444, Garrisonville, VI 30379",169235.75,36
189,William Ramos,"691 Scott View Suite 785, New Laceyland, ME 93505",160367.83,32
190,Brandy York,"33030 Williams Lake, West Micheal, NH 66708",162805.35,22
191,Thomas Maldonado,"727 Cooper Villages Suite 140, Williamsshire, WI 28592",61007.3,42
192,Maria Byrd,"007 Deborah Rapid Apt. 349, Jenniferview, NE 49846",148446.04,47
193,Judy Robinson,"108 Hoffman Ranch Suite 417, West Vanessamouth, VI 36792",151324.1,36
194,Michael Stafford,"309 Guerrero Springs, Lake Anthony, NM 39246",73686.83,65
195,Jason Price,"3875 Bruce Ville, West Connor, DC 97614",50673.87,23
196,Robert Hines,"135 Julie Inlet Suite 554, Stevenville, NJ 07536",159496.02,35
197,Lauren Blackburn,"168 Gutierrez Ways, East Victoria, MA 54134",63938.06,50
198,Dr. Victoria Thomas,"75250 Shannon Fords, New Kathy, NM 12040",85700.47,35
199,Jeffrey Jordan,"0083 Dodson Islands Apt. 003, Lake Natalie, ME 17400",67323.91,63
200,Jonathan Torres,"4789 Hamilton Spur, West Wendy, NM 47588",63003.82,42
201,Carmen Meadows,"32309 David Station, South Nancyview, WI 70589",75397.44,25
202,Linda Williams,"16761 Wells Drives, Lake Gina, AL 39968",175198.92,38
203,Brian Meyer,"1891 Wilson Coves, Gonzalezborough, WI 34972",85916.19,53
204,Valerie Howard,"87375 Aaron Skyway, North Maryfort, FL 12308",92953.37,55
205,Angela Cummings,"PSC 3744, Box 7012, APO AE 38586",83016.73,22
206,Michael Simmons,"22557 Johns Course, Lisaburgh, DE 53031",51724.55,37
207,Jesus Houston,"2120 Dale Ramp Suite 972, Maxwelltown, VI 90215",60892.33,37
208,Monica Snow,"67014 Smith Ways Apt. 588, South Dorothybury, NJ 45819",40547.29,59
209,Margaret Hernandez,"28772 Karen Islands, West Tara, AR 66945",98011.74,41
210,Mason Powell,"9717 Stewart Parks Apt. 166, New Andrealand, WY 79695",98277.11,53
211,Marcia Wu,"5037 Castro River Suite 571, Port Donnatown, MA 47049",51768.64,57
212,Tracey Carter,"27261 Carr Field, Port Philipmouth, GU 25480",62561.42,23
213,Ashley Perry,"PSC 9177, Box 9827, APO AE 70016",137773.87,21
214,Kristen Reynolds,"922 Paul Rapid, Williamfurt, MT 80323",110388.45,55
215,Pamela Hill,"USNV Chavez, FPO AE 18612",134594.29,63
216,Michael Goodman,"833 Claudia Highway Suite 228, Jenniferstad, OH 63464",63570.09,48
217,Terri Mckinney,"0810 Thomas Skyway Apt. 342, Francesberg, MP 08631",45146.2,63
218,Elizabeth Molina,"98386 William Underpass Suite 066, Fryemouth, OH 07552",168511.77,60
219,David Oliver,"59893 Kelly Fall Apt. 228, South Billyview, OH 35135",80517.77,28
220,Kevin Scott,"25909 Henry Ports, Charlesmouth, NC 29331",139364.37,40
221,Kelly Hartman,"53355 Carter Terrace Suite 801, Seanbury, AZ 89964",108532.76,63
222,Jane Hogan,"408 Robertson Pass Suite 704, West Willie, CT 22441",94216.97,46
223,Patricia Ferguson,"361 Amanda Squares, Lucasland, WA 90422",136095.22,56
224,Joe Rivera,"48193 Russell Mission, Hamiltontown, MS 88751",53456.73,47
225,Aaron Cortez,"158 Keith Spur, Catherineport, WV 57868",131414.77,45
226,Rodney Johnson,"68424 Bernard Branch, North Bobby, OK 78705",133211.1,32
227,Joshua Miller,"68222 Christina Glen Apt. 129, Port Karenside, NH 84999",124249.66,40
228,Donna Jones,"5231 Harvey Fields Suite 775, Heatherberg, OK 74800",93880.9,21
229,Eugene Patterson,"64525 Ford Knolls, Tonyville, HI 85114",79061.87,34
230,Sarah Trevino,"1108 Lisa Prairie, Hammondborough, PW 05305",97333.78,58
231,Kimberly Lutz,"6394 Steven Pass, South Michaeltown, TN 31811",122965.93,41
232,Renee Mendez,"2299 Jill Orchard, Billyfort, IN 08740",102423.29,49
233,David Barnett,"7700 Garcia Pike Suite 498, South Desiree, MN 77529",132965.95,53
234,Sara Black,"655 Sparks Rapids, New Nicolemouth, GA 30646",103612,31
235,Mason Lewis,"136 Cortez Orchard Suite 739, Lake Martha, AK 32439",130533.36,39
236,Kenneth Martin,"202 Nielsen Path, Greeneshire, SC 02941",109740.54,61
237,Monica Nicholson,"USNS Cole, FPO AA 63634",124792.82,26
238,Ronald Burke,"842 Nielsen Ranch, East Nicholasberg, CT 02671",153671.4,36
239,Scott Gordon,"127 Natalie Place, North Timothyberg, MH 79599",132555.37,35
240,April Pace,"650 Perez Unions Suite 659, South Dennisfort, WI 30976",151951.62,30
241,Angela George,"00981 Nicholas Ford Suite 651, South Denise, KS 34750",38541.68,36
242,Jessica Diaz,"68872 Hansen Orchard Suite 495, Fitzgeraldville, WA 30617",177670.72,60
243,Michael Martin,"8902 Oconnell Avenue Apt. 279, Davisview, IN 49107",158211.97,25
244,Andrew Cruz,"Unit 9849 Box 0277, DPO AE 26939",101035.34,61
245,Tara Holmes,"205 Diana Estate, West Kimberlystad, TN 52293",118472.28,65
246,Curtis Smith,"489 Bailey Via, Jeremyborough, NH 53448",90676.88,46
247,Debbie Russell,"451 Walter Via, Heatherfurt, OK 63891",70377.74,62
248,Nina Ali,"071 Jones Roads Apt. 356, Zacharytown, UT 35018",134705.25,27
249,Brandon Nunez,"275 Robinson Ports, Ianborough, NM 97115",147870.96,35
250,Nicolas Salas,"95211 Emma Shore, Austinside, AZ 63715",60503.57,65
251,Ethan Villanueva,"2846 Karen Crossroad Apt. 867, New Michaelburgh, NH 16277",110103.87,24
252,Julia Norris,"9155 Lopez Greens, West Thomas, RI 45471",115823.84,28
253,Jonathan Clark,"6472 Tiffany Spur Apt. 143, Chaseborough, FL 97303",101186.96,50
254,Robert Thompson,"4489 Raymond Spurs Apt. 034, Combsville, NV 98096",131798.77,56
255,Isaac Castro,"USNV Cooper, FPO AA 16391",121340.59,49
256,Michael Jacobs,"5587 Preston Light, Stevenberg, VI 22465",123834.59,53
257,Tanya Fisher,"12535 Delgado Station Suite 964, Normanstad, WA 77429",96877.41,56
258,Joanna Jackson,"341 Garrett Cove, North Sharonfort, OH 07556",99657.47,31
259,James Hubbard,"216 Perez Street Suite 722, North Austin, MI 43125",142830.04,51
260,Julie Pitts,"USCGC Taylor, FPO AP 71186",100260.11,36
261,Kyle Welch,"845 Fernandez Valley Apt. 745, Greenport, AL 00513",156780.12,38
262,Olivia Taylor,"774 Katie Union, Carlatown, OH 49475",146042.98,54
263,Stephen Kim,"3416 Zachary Union Suite 484, Lopezland, HI 18408",105266.57,36
264,Mark Williamson,"50208 Jacob Cove Suite 427, East Christophertown, NM 28968",74816.63,25
265,Eric Lloyd,"Unit 7051 Box 2046, DPO AE 71698",138464.01,36
266,Corey Skinner,"36730 Steven Trail, New Elizabethborough, NJ 51504",74398.69,41
267,Emily Morris,"881 Olson Hills, West Paige, VI 87886",164488.89,26
268,Brian Chen,"9163 Tanya Prairie, Barkerberg, MN 12229",55064.24,35
269,Jonathan Parks,"52812 Hall Point, Lindamouth, VA 25793",90540.12,30
270,James Ramsey,"7848 Lopez Ferry, Mariomouth, KY 78971",137430.78,25
271,Kristen Jones,"8570 Gross Brook Suite 935, Lake Tammyfurt, ID 69191",95155.84,42
272,Pamela Moore,"511 Bradley Curve Apt. 031, Leeton, OK 84616",113678.62,47
273,Mary Fox,"53910 Diana Village Apt. 705, Shortton, GU 81363",44028.53,47
274,Andrew Jones,"113 Lopez Pine, New Colleen, HI 73694",91474.14,58
275,Jennifer Garcia,"761 Laura Plaza Suite 852, Mahoneymouth, OH 43054",172178.99,22
276,Jennifer Schultz,"398 Nicholas Plaza Suite 577, Smithton, LA 78588",159226.14,57
277,Chad Zamora,"50488 Clinton Mount, Ericview, MN 76805",90155.25,21
278,David Evans,"157 Tracy Spurs, New Dawnton, VA 76035",171697.54,40
279,Richard Weeks,"1390 Brown Pine Apt. 589, West Wayne, IN 20580",144253.89,47
280,Nicholas Long,"64622 Miller Ports, New Raymondland, MO 66275",113041.98,55
281,Michael Gill,"6938 John Grove, Morrisshire, CO 15250",150980.88,35
282,Jessica Bailey,"2597 Scott Viaduct, East Gina, FL 99818",105793.27,38
283,Angelica Singh,"0514 Ruiz Isle, Lake Amanda, IL 72121",98196.22,22
284,Deanna Webb,"069 Jonathan Circle, Jamesview, AR 61444",91384.29,63
285,Alejandra Price,"04636 Rebecca Oval Apt. 238, Castrotown, AZ 32927",133475.57,46
286,Elizabeth Burns,"5543 Cain Road, Natashatown, OH 37226",140006.3,50
287,Glenn Long,"936 Ashley Meadow Suite 957, East Denise, OR 71457",168333.53,60
288,Christina Taylor,"2925 Angela Stravenue, East Lonnieberg, VA 04365",112447.93,46
289,Sheryl Gutierrez,"423 David Burg Suite 999, New Jesse, TX 03919",120824.45,63
290,Michael Woods,"526 Wells Estates Apt. 306, West Stephaniebury, WA 88494",38929.8,62
291,Norma Jones DVM,"Unit 9757 Box 3660, DPO AP 96882",97148.85,50
292,Michelle Long,"USS Meyer, FPO AA 60387",61350.71,37
293,Amanda Forbes,"086 James Mill Suite 447, South Kelly, PW 07650",89970.06,34
294,Stephanie Ford,"812 Phillip Islands, Johnsonmouth, OR 93907",100931.4,42
295,Sonya Davis,"111 Walters Corner, Acostahaven, RI 21459",145378.31,45
296,James Tate,"PSC 9222, Box 2064, APO AA 96204",75347.21,47
297,Jill Sims,"09407 Foley Plains, New Nicolebury, IL 77684",71579.37,26
298,Jordan Ramos,"84983 Jack Centers, Benjaminton, TN 76272",103194.49,55
299,Elizabeth Knapp,"24999 Tammy Summit Suite 014, Miguelfurt, GU 09370",42552.41,43
300,Sarah Brown,"458 Warren Square, New Brian, OK 96147",67512.21,25
301,Kendra Miller,"9548 Ho Ridges Suite 877, New Jesse, LA 25870",148278.79,62
302,Alexander Garrett,"660 Bailey Valley, North Danielle, UT 37414",40837.43,22
303,Barry Evans,"55699 Marilyn Fields, Marthafort, PW 62694",172693.7,33
304,Maria Olson,"6084 Peters Brook Apt. 955, East Juantown, MA 49684",156688.18,60
305,Sarah Duncan,"5046 Tyler Freeway, Shannonport, IL 69326",57095.44,29
306,Brian Glover,"8078 James Orchard, Kimberlyberg, WI 13379",103666.35,28
307,Teresa Rhodes,"6810 Randolph Spur, West Steventon, CT 68734",116775.59,34
308,Nichole Johnson,"3344 Mejia Skyway, West Edwardview, DE 02500",102429.93,37
309,Kristin Garcia,"2493 Charles Ridge Suite 870, North Thomas, TX 07114",146200.22,31
310,Anthony Simmons,"545 Jennifer Skyway Apt. 792, Port Leahmouth, CT 60215",122854.44,28
311,Matthew Miranda,"94562 Mccormick Islands, Freemanland, NJ 15297",147779.82,31
312,Joel Jackson,"161 Hawkins Cliffs, Amandafurt, OR 54691",174884.51,27
313,David Moore,"3966 Stephens Freeway, Lake Elizabeth, WA 93812",118909.29,40
314,Katelyn Vargas,"2461 Gina Ranch, Murphyton, CO 29023",118490.53,45
315,Stacy Berger,"27846 Gonzalez Springs, Kevinport, PW 57481",92514.89,33
316,Suzanne Mooney,"40580 Jacqueline View Suite 140, South Jacqueline, MO 82449",46019.49,65
317,James James,"2386 Larsen Drives, Whitneyberg, DC 02021",155432.89,36
318,Alan Griffith,"12679 Hanson Motorway Suite 876, Jeremiahchester, PA 01474",49775.69,40
319,Sarah Young,"950 Ashley Squares Suite 197, East Jessicahaven, PR 98881",158292.52,59
320,Julie Miller,"71894 Rebecca Place, South Shawnfort, OK 96683",151801.55,57
321,Harry Levine,"94940 Lane Ports, Lake Veronicatown, LA 64039",148482.13,43
322,Jonathan York,"444 Judith Rapids, New Joanne, TN 59044",112248.06,63
323,Christopher Patton,"051 Caitlin View, Port Tyler, MT 50723",88732.78,53
324,Jeremiah Walsh,"41027 Alvarez Mountains Apt. 667, Dustinchester, AL 38353",128893.77,21
325,Joan Gregory,"USS Davis, FPO AP 84049",158188.47,52
326,Ryan Bishop,"4414 Murray Spring Apt. 938, Ericaburgh, MD 72277",50303.14,44
327,Adam Jones,"753 King Bypass, New Christopherborough, PA 84135",127159.84,50
328,Tyler Miller,"921 Jon Mountain Apt. 746, Jonathanland, KY 08678",137559.75,48
329,Gary Brown,"USNV Thompson, FPO AE 64951",60539.86,54
330,Christina Long,"86391 Baldwin Cove, North Chadview, WI 58943",174993.69,38
331,Jonathan Delgado,"642 Conway Ports, New Jasminefort, NJ 57655",124307.29,55
332,Nicholas Burnett,"67198 Cook Hollow, Brownland, MN 70575",147323.01,50
333,Gina Randall,"328 Tammy Shore Apt. 461, Tommouth, WA 25334",98158.3,58
334,Corey Cortez,"1847 Levy Brook Apt. 505, South Davidhaven, NH 89378",73917.35,36
335,Kimberly Figueroa,"27079 John Run, North Gerald, AR 40784",155456,26
336,Anne Carr,"17993 Linda Meadow, Lisafurt, MD 16334",75444.6,49
337,Laura Taylor,"92511 Thomas Mall, Lake Mitchell, GA 57997",70360.2,50
338,Kevin Anderson,"07100 Sara Squares Suite 672, East Danielle, NC 59538",117628.2,63
339,Todd Bishop,"791 Bailey Avenue, East David, NC 13042",89953.45,22
340,Shari Hatfield,"340 Daniel Drive Suite 722, North Deannaport, IL 57474",106674.44,41
341,Luis Wu,"082 Kristen Oval, North Pattymouth, OR 76491",61366.78,34
342,Cristian Rhodes,"3136 Nicholas Forges, South Brendaton, FM 57630",86449.62,37
343,Timothy Gibson,"3543 Martinez Square, West Derekmouth, NH 55318",84349.13,59
344,Greg Tanner,"831 Vincent Overpass, New Thomas, NH 37092",136671.64,38
345,Jeffrey Salas,"392 Robert Cape Apt. 780, Schmidtfort, AS 91812",115589.7,54
346,Jodi Allen,"632 Phillips Rue, North Timothyport, GA 92684",172469.07,26
347,Kelly Silva,"Unit 7262 Box 5701, DPO AA 91039",69996.63,47
348,Andrew Simmons,"195 Zachary Spring, Pamelaville, MS 48419",105843.79,36
349,Andrew Richardson,"325 Amber Run, Mclaughlinshire, VI 92624",135138.35,62
350,Patrick Perez,"640 Nathan Mission Suite 881, Mckinneyside, MH 38808",138217.15,49
351,Jacob Nunez,"71162 Mullen Club, East Joshuaberg, NM 20227",149975.27,26
352,Kelly Burton,"5670 Lopez Brooks, Port Stacey, SD 44525",77664.16,46
353,Grant Lucas,"4924 Kristina Forks Suite 540, West Justin, GA 81586",135309.14,40
354,Michelle Mitchell,"Unit 2231 Box 0592, DPO AA 34633",131274.2,44
355,Daniel Mann,"57828 Martinez Burg Suite 727, Ericside, NY 43922",103622.77,54
356,Elizabeth Kemp,"Unit 9297 Box 5170, DPO AE 89368",84844.82,56
357,Elizabeth Morales,"1509 Brandy Forges Suite 301, Rhodesland, NY 52198",82964.74,65
358,Evan Jacobs,"USNV Sanders, FPO AP 56552",100793.06,40
359,Jake Mitchell,"137 Lara Heights Apt. 662, East Jaredfort, VI 69353",71453.53,28
360,Mrs. Toni Avila,"462 Page Throughway Apt. 326, Angelaton, GU 40083",139586.23,41
361,Elizabeth Hansen,"24471 Butler Overpass, North David, KY 65126",52335.44,55
362,Andrea Reese DDS,"715 Megan Estates Apt. 257, West Frank, KY 47839",172877.25,65
363,Thomas Kelly,"321 Amy Well, Margaretport, KY 90343",61846.73,34
364,Heidi Ferguson,"28457 Peterson Estates, East Ericbury, MP 25197",142097.67,38
365,Kristin Norris,"USS Butler, FPO AE 15779",140064.83,54
366,Tammy Mendoza,"79852 Johnson Via Apt. 322, West David, DC 10803",121534.66,27
367,Phillip Rodriguez,"0310 Taylor Glen Apt. 140, Port Davidborough, OR 26718",155731.11,39
368,Gregory Davis,"552 William Cliff Apt. 908, Lake James, LA 23015",67985.06,32
369,Kimberly Beltran,"759 Scott Coves, Port Michael, MS 56087",78828.8,55
370,Darren Rodriguez,"Unit 1718 Box 2754, DPO AP 95152",53354.53,23
371,Garrett Wilson,"738 Roberts Walk Suite 317, Harryfort, TX 14286",176272.77,56
372,Joseph Rhodes,"9121 Hester Junction Apt. 961, Port Roger, NM 37006",77359.81,29
373,Pamela Wheeler,"7967 Hernandez Motorway Apt. 147, Hallberg, AK 13556",127491.1,52
374,Sandra Jimenez,"9524 Kathleen Shore, Sparksborough, LA 87282",49875.21,21
375,Mr. Joshua Pacheco MD,"1675 Ramos Camp, East Angelaport, FM 93045",118239.31,51
376,Jeffrey Edwards,"788 Alvarez Walk, New Brian, KS 65341",104413.56,42
377,Jamie Rhodes,"0090 Mary Keys Apt. 561, Reedstad, MT 46542",61732.73,24
378,David Young,"141 Jackson Plain, Benjaminchester, OK 67971",71609.37,51
379,Deborah Dominguez,"9659 Lindsey Courts Apt. 578, Garrettport, MN 57647",51542.64,25
380,Mark Dickson,"4049 Ballard Road, Lake Meganville, OR 44651",93102.58,25
381,Keith Schmidt,"48468 Gonzalez Locks Suite 987, North Courtney, NC 24951",118668.07,64
382,Christy Hayden,"8969 Alexa Lakes Suite 232, Meganchester, MD 08945",42773.32,30
383,Sarah Adams,"9363 Edward Burgs, Port Margaret, NH 64121",152615.6,40
384,Jessica Lucas,"2044 Dawn Canyon, Caseyton, VI 11501",47351.23,36
385,Edward Brown,"USNV Powers, FPO AE 52522",52175.48,47
386,Misty Taylor,"984 Wilkerson Freeway, Port Lindsaymouth, MP 77089",122916.06,60
387,Renee Manning,"USNS Thomas, FPO AE 28564",67724.63,54
388,Jessica King,"515 Wells Gateway Suite 257, Loritown, SD 79906",90154.81,49
389,Patrick Lindsey,"8645 Amanda Freeway, Pricefurt, PW 33994",78116.2,58
390,Timothy Sherman,"5604 Madeline Overpass, Mclaughlinmouth, VT 55861",178554.53,40
391,Samantha Holloway,"6985 Neal Track, Lake Darlenemouth, WY 84531",117451.27,24
392,James Fuller,"23829 Sparks Island, Mendozaberg, KS 23239",123396.48,27
393,Samantha Marsh,"2669 Andrew Brooks Apt. 173, Jacquelineburgh, AR 53065",172400.58,34
394,Lindsay Hernandez,"USNS Valentine, FPO AE 02351",125699.68,37
395,Jessica Mora,"33344 Reyes Meadows Apt. 934, South Henry, WY 19630",130762.08,31
396,William Young,"9710 Anderson Islands, Mcdanielfurt, VT 55982",69780.45,56
397,Dawn Davis,"75990 Jon River Suite 465, New Blake, HI 34617",45884.41,21
398,Johnathan Morgan,"8624 Lawrence Crossroad, Savageview, WA 47764",94235.05,65
399,Diane Mcdowell,"562 Doyle Overpass Apt. 870, East Brian, HI 05201",121102.62,39
400,Christopher Mcdonald,"75877 Rodriguez Stravenue Apt. 151, Port Justin, MP 22559",39732.78,39
401,Samantha Elliott,"089 Robert Club, Port Tyler, CT 43578",137508.6,65
402,Michael Becker,"2017 Gibson Grove, West Taramouth, MD 96386",159642.98,25
403,Dr. Rebecca Anderson DVM,"0189 Davis Glens Apt. 361, Port Jaredfurt, WI 53243",134670.81,37
404,Paul Valdez,"4925 Marilyn Passage Apt. 776, Adamschester, CO 99655",149235.06,61
405,Jacob Lopez,"85732 Rose Rue, West Taylorland, PW 63102",120519.49,33
406,William Sutton,"649 Andrea Cape, New Rogerville, NH 87120",96645.15,55
407,Robin Kelly,"72260 Robert Squares, Leemouth, WV 88353",67597.37,30
408,Robert Peterson,"PSC 2321, Box 9416, APO AP 02849",166719.66,30
409,Bruce Jackson,"974 Vazquez Spurs Suite 412, North James, GU 02583",45354.43,31
410,Chelsea Johnson,"368 Christopher Trail, Hernandezchester, AK 15765",149931.14,59
411,Christian Park,"USCGC Smith, FPO AA 77207",143598.87,57
412,Edward Gallegos,"16679 Johnson Locks Suite 899, Hallton, NC 02993",168572.92,49
413,Ethan Brown,"PSC 6717, Box 9576, APO AE 21647",53031.28,65
414,Corey Cooper,"597 Nicole Stream, Moyerstad, WY 62409",79093.22,46
415,Sarah Howell,"722 Eric Overpass, Port Robertfort, ME 31266",171688.05,53
416,Anthony Smith,"228 Lindsay Junction Suite 193, New Jeffreyview, MA 47063",113297.33,49
417,Patricia Hawkins,"PSC 8910, Box 7711, APO AP 80409",46664.07,23
418,Theresa Colon,"13524 Gill Parks, East Deborahmouth, GU 18559",163966.32,41
419,Dakota Montes,"75482 Joseph Stravenue, Wardbury, FL 99225",122538.48,22
420,Jennifer Perez,"7850 Thomas Branch Apt. 155, Holdenburgh, NE 08557",48242.4,64
421,Andrew Nielsen,"846 Blackwell Squares, Jennifermouth, PW 45610",156214,57
422,Douglas Rose,"PSC 6738, Box 9975, APO AP 53520",120132.83,22
423,Shirley Miller,"288 Lewis Pass Suite 852, North Pamelaside, OR 34408",179938,64
424,Raymond Barber,"Unit 1054 Box 8510, DPO AP 16852",154106.08,57
425,Kenneth Smith,"998 Michael Haven, Lake Nicholas, WA 32958",40833.59,32
426,Jose Lee,"26611 Roger Curve Suite 371, Ericafurt, OR 73766",103222.62,62
427,Jennifer Baker,"7622 Todd Mount Apt. 881, South Thomas, WA 21058",99123.26,38
428,Jaclyn Crane,"15940 David Inlet Suite 447, Port Douglasshire, MT 06877",61315.93,58
429,Elizabeth Campbell,"18510 Olson Inlet Suite 567, Port Dillon, SC 60916",98203.32,52
430,Mary Hernandez,"966 Rachel Junction, Lake Pamelaview, SD 12104",175513.01,51
431,Michelle Armstrong,"181 Stephanie Plains Apt. 983, Shawtown, DE 86779",85454.35,42
432,Catherine Smith,"971 Morales Cape, Atkinstown, MA 57781",81553.45,27
433,Alexander Rice,"18242 Jonathan Corners, West Stephanie, TX 22677",159371.3,42
434,Tyrone White,"1526 Scott Views Apt. 033, South William, NY 50970",94688.54,52
435,Debra Flores,"0630 Spencer Radial, East Kathrynberg, ME 74982",76791.58,46
436,Bradley Fields,"8238 Ali Point, Williamsmouth, MP 81861",152967.08,56
437,William Smith,"USCGC Nelson, FPO AA 89629",40321.08,26
438,Gregory Chen,"28914 Randall Crossing Apt. 846, New William, AS 42221",80604.99,41
439,Theresa Reid,"Unit 7435 Box 5379, DPO AA 02581",51808.63,46
440,Brandi Nielsen,"26876 Kristin Run, New Anthonymouth, TX 16677",160412.03,21
441,Robert Carey,"017 Mayer Mills, East Juliaview, TX 93456",130360.76,55
442,Brandon Austin,"75047 Adrian View, Rodriguezview, OK 66079",101986.57,24
443,Juan Keller MD,"92124 Nicole Stream, Jamestown, UT 89333",62199.47,44
444,Dawn Castro,"056 Hill Springs Suite 758, Lake Jeffreyview, PW 55559",125281.91,52
445,Emily Myers,"361 James Isle, Bryanville, AK 63411",125684.27,24
446,Alexander Robles,"USNV Wright, FPO AA 31743",64515.94,56
447,Sandra Underwood,"99717 Christopher Circle, South Lawrenceland, WY 17217",53996.92,39
448,Robert Brown,"10804 Morales River Suite 399, South Patrickchester, FM 81793",98526.83,65
449,Gina Pace,"593 Curtis Ranch Apt. 939, Lake William, MI 55683",105283.21,22
450,Mr. Cody Taylor,"9685 Silva Plains, East Terrance, PA 45445",176106.29,59
451,Wesley Holmes,"38806 Gonzalez Flats, Port Casey, ID 88038",150900.49,31
452,Michael Mcdonald,"465 Daniel Wells Apt. 730, Lake Jerry, RI 28437",80058.77,21
453,Nicholas Cisneros,"62050 Michael Point Apt. 247, Lake Brenda, WV 47675",115076.45,26
454,Allen Gonzalez,"258 Gregory Brooks Apt. 410, South Diana, FM 15045",67581.6,28
455,Daniel Bryant,"289 Johns Circles Apt. 223, New Nicholas, MN 42175",101909.94,28
456,Vanessa Sanchez,"425 Brian Underpass, Moniquehaven, OR 64593",128917.9,30
457,Brad Ruiz,"86857 White Station, Aliciafort, VT 65354",107264.45,39
458,Kevin Little,"33736 Kevin Lane, Port Neil, OH 11610",108786.44,38
459,Bradley Wallace,"8956 Mcdonald Lodge, Lindamouth, KY 50619",95246.1,51
460,Jeremy Baker,"8881 House Courts, North Michaelside, ID 44247",177135.47,36
461,Gary Turner,"92840 Campbell Key Suite 690, Valdezberg, VI 52602",101234.04,30
462,Nathaniel Clark,"751 Singleton Meadow Suite 377, West Donberg, ME 97206",90619.97,59
463,Robert Flowers,"6845 Ashley Bypass Apt. 259, Bairdborough, MO 08851",108694.93,29
464,Chelsea Rodriguez,"412 Emily Fall Apt. 970, East Chad, MS 37701",160283.91,38
465,Eddie Warren,"025 Myers Creek Apt. 867, South Stephanieborough, DC 27459",147037.89,47
466,Robert Ortega,"387 Harris Divide Suite 169, New Mark, OK 64851",84281.91,53
467,Kenneth Mclaughlin,"4692 Wright River Suite 762, South Hollyton, IA 21201",73740.04,21
468,Mark Carter,"PSC 3768, Box 1511, APO AP 43232",76011.65,40
469,Christopher Clark,"76563 Johnson Glen, Lake Sallymouth, TN 98631",156434.01,58
470,Joel Miller,"74220 Gregory Crossing Suite 210, Ericstad, HI 28900",179840.84,52
471,Stephanie Patel,"816 Wallace Rapid, North Kelseyborough, IA 49606",160462.79,49
472,Christina Smith,"3131 Jennifer Cape, Huntmouth, MD 74170",113094.18,43
473,Lori Villa,"33155 Alexis Shoal Suite 063, Robinsonview, SD 82278",83203.79,55
474,Austin Robinson,"89241 Jarvis Square Suite 252, Tiffanyfort, CA 44423",89695.46,41
475,Thomas Cole,"903 Christina Crossing, Joelchester, WV 32423",161092.24,65
476,Amy Brooks,"3039 Stevenson Isle, West Lonnie, WY 05692",69626.8,45
477,Vanessa Wong,"55338 Rebecca Shores, Port Grace, VA 29657",68866.55,47
478,Jane Morris,"71302 David Extensions, East William, NE 95526",41328.86,51
479,Christopher Gonzalez,"4973 Huffman Orchard, West Raymondburgh, NJ 58353",137258.04,45
480,Leon Hamilton,"66149 Angela Extensions Suite 674, Campbellside, PA 63526",90981.42,63
481,Chad Harrison,"08576 Bentley Summit, Patrickport, SD 77611",149897.08,62
482,Stephen Riddle,"64587 Horton Run, Housebury, IA 63117",177218.63,52
483,Robert Mccoy,"9724 Carrie Shore, North Darryl, CO 84963",174899.54,29
484,Janice Mccarthy,"Unit 1836 Box 2644, DPO AP 70388",107832.22,58
485,Janet Parker,"95243 Hale Avenue, Port Travis, CT 09655",83139.23,27
486,Jennifer Butler,"25223 White Creek Suite 932, North Karen, AS 25651",161757.6,49
487,Steven Ortiz,"214 Nicholas Harbor, West Anthonybury, NJ 64096",49458.2,50
488,Ashlee Brown,"901 Alexa Avenue, Morrisonview, NM 62528",37225.4,30
489,Lindsey Rogers,"3566 Theresa Well Suite 107, Hardyberg, AK 79394",94446.9,62
490,Joseph Tapia,"7978 Keller Alley, Allenstad, VI 06498",175643.74,25
491,Nancy Gregory,"9156 Hatfield Walks Apt. 649, Lake Douglas, NC 75460",103076.14,37
492,Michelle Johnson,"8727 Timothy Plains, East Jason, WV 86975",84091.38,65
493,Ashley Holder,"4347 Elizabeth Place Suite 153, Lake Matthewfurt, SD 84662",92635.08,26
494,Tracy Kim,"41115 Julie Crescent Suite 256, West Bryanside, ID 51376",158505.97,64
495,Emma Diaz,"993 Randall Plain, Stewartport, MP 29193",159604.62,45
496,Mr. Kyle Thomas DDS,"548 Joshua Vista, Welchborough, NM 38707",173350.24,61
497,Jamie Zavala,"302 Luna Hills, North Amy, MA 55870",139214.03,52
498,Wanda Todd,"3861 Marcus Turnpike Apt. 472, South Heather, LA 19483",161495.54,23
499,Robert Gonzalez,"912 Clements Meadow Apt. 015, Whiteton, DE 68060",124531.62,36
500,Leslie Booker,"01367 Watts Extensions Suite 176, Cynthiamouth, MN 02021",126518.35,39
501,Bradley Burns,"99974 Laura Falls, Washingtonchester, ME 75398",179626.76,26
502,Frederick Reeves,"0688 Brown Villages, Port Karenville, HI 79026",97925.86,27
503,Abigail West,"93218 York Bypass, North Williamstad, ND 22993",145253.61,27
504,Tony Smith,"872 Neal Pike Suite 988, Lake Corey, GU 06364",99333.39,65
505,Cole Evans,"839 Ramirez Stream, Jonesview, KS 50541",78422.58,22
506,Carla Bryant,"USCGC Bentley, FPO AE 70743",41668.69,24
507,Mark Adams,"598 Robert Drives, Victoriachester, MS 03897",77538.33,44
508,Danielle Nelson,"51554 Misty Fork Suite 016, South Stephanie, WY 16688",97449.58,36
509,Nicholas Parker,"85948 Lawson Causeway Apt. 562, Lindaside, OH 78438",112019.12,57
510,Jennifer Vargas,"226 Brown Stream, Jasminebury, TX 80284",133861.05,32
511,Jimmy Gonzales,"446 Kevin Walks Apt. 465, Lake Christopherbury, CO 22142",59647.63,26
512,Angela Mitchell,"USS Hayden, FPO AA 89241",123376.31,45
513,Monica Castillo,"0930 Park Summit, Johnhaven, TX 80349",124858,36
514,Jerry Jackson,"USNS Thompson, FPO AA 17975",107161.75,58
515,Tiffany Henderson,"53814 Webb Greens Apt. 096, West Sarah, SD 68072",55752.07,50
516,Amanda Ford,"50975 Gomez Avenue Suite 265, North Ryanborough, CO 69850",127496.17,50
517,Brittany Martinez,"437 Brooks Lakes, Mcclainside, AS 35822",72022.37,21
518,Jeffrey Franco,"605 Daniel Haven Apt. 266, Rachelburgh, TN 26583",165341.74,50
519,Tina Bird,"725 Shaw Streets Suite 211, East Erichaven, AL 90211",165675.37,64
520,Michael Peterson,"Unit 0674 Box 4716, DPO AE 81452",114256.73,25
521,Jorge Wright,"363 Mccarthy Valleys Apt. 892, Port Brittany, SC 19994",99050.82,43
522,Carlos Johnson,"Unit 2609 Box 3106, DPO AA 69310",178209.5,40
523,Mark Hall,"86041 Cox Keys Suite 350, North Aaron, TN 98117",127646.11,48
524,Dustin Ramirez,"47554 Collin Bridge Apt. 555, Johnview, IL 77089",135095.46,50
525,Stephen Anderson,"93371 Shelly River, Kevinfort, WV 26977",157569.07,33
526,Brittany Anderson,"557 Rhonda Cliff Suite 688, East Carolberg, LA 06457",179909.17,51
527,Amy Compton,"8812 Christensen Lights Suite 694, East Adam, OK 29049",50464.72,45
528,Alexa Mcfarland,"3448 George Cape Apt. 402, Saraview, VI 07253",117928.79,57
529,Danielle Colon,"595 Miller Squares, Jenniferchester, MH 80649",77901.5,65
530,William Garrett,"42408 Jennifer Spurs Suite 498, Port Scott, MD 35732",77808.46,63
531,Mark Garrison,"65271 White Ferry Apt. 397, Lake Julian, ME 21855",92391.83,21
532,Ruth Mcdaniel,"63761 Jessica Valley, New Coryfurt, AK 14923",117059.71,64
533,Pamela Newman,"42900 Amy Viaduct, Melissaland, ID 18750",147855.18,24
534,Mr. Jeremy Martin,"08481 Mallory Cove, Curtischester, FL 00659",167039.46,52
535,Allison Simmons,"61721 Cristian Haven Suite 195, West Sandraland, MH 06182",155761.64,39
536,Cassandra Moreno,"49451 Hendricks Shore Suite 410, Port Diana, MD 19870",147482.44,35
537,Nathan Floyd,"96421 Cooley Falls, Gomezfort, NE 63584",123024.42,43
538,Jennifer Leon,"6878 Patel View, South Christopher, VT 55792",66755.66,33
539,Paula Shepherd,"50305 Rosario Creek, West Michaelberg, LA 60845",125029.22,64
540,Samuel Bonilla,"PSC 3330, Box 2126, APO AP 03954",144558.71,63
541,Jessica Brown,"9202 Thomas Gardens, North Ashleychester, FL 24411",133723.99,29
542,Charles Rose,"USCGC Jenkins, FPO AA 58693",126095.98,61
543,Melissa Mitchell,"282 Randy Manors, Spencerview, PW 75482",128719.39,40
544,Michelle Henderson,"623 Montgomery Forges, Whiteside, PA 10620",149348.52,23
545,Julie Edwards,"05634 Dan Lake Suite 034, New Daniel, IL 78765",119038.2,29
546,Theodore Lopez,"41990 Williams Island, West Alanstad, WV 37516",48069.34,39
547,Kathryn Edwards,"15681 Andrew Underpass Suite 790, Evanmouth, CO 82545",82374.27,47
548,Nathan Wilkerson,"288 West Curve, Kellychester, AZ 93924",60467.81,29
549,Jasmine Clark,"97102 Payne Union, South Clintonmouth, GA 39246",149044.36,44
550,Douglas Cox,"747 Hines Mills, North Teresa, NM 05690",111973.59,38
551,Dustin Ortiz,"5895 Miller Loop, Bakerton, RI 84893",155418.53,37
552,Richard Lyons,"46296 Jeffrey Well, Caldwellstad, NH 61906",167537.1,51
553,Stephanie Marshall,"6365 Logan Rapids, Lewisfort, DE 36988",175270.69,39
554,Joshua Fry,"9096 Sharon Lake, Irwinborough, AR 28221",143251.11,42
555,Tiffany Sutton,"21461 Russo Mission, Warrenview, HI 07545",151613.72,50
556,Steven Peterson,"56778 Tammy Mews, Ritashire, MS 01802",174619.53,30
557,Stephanie Gonzalez,"5027 Victor Island, Port Tarachester, KS 68749",144351.97,35
558,Virginia Harding,"910 Julie Field Suite 829, Robinsonborough, ID 89581",159720.39,64
559,Alexis Cervantes,"177 Jenkins Knoll Suite 851, South Ross, HI 72951",177091.63,56
560,Kimberly James,"491 Linda Cove Apt. 096, South Karenside, CT 83538",88037.38,46
561,Kevin Johnson,"37861 Melissa Crossing Suite 766, West Kimberlyhaven, LA 35577",37018.2,55
562,Deborah Roberson,"306 Alexis Drives Suite 895, Georgeshire, NE 32198",52920.37,44
563,Jenna Jensen,"626 Richard Island, South Jerry, VT 17059",132560.12,64
564,Lynn Mueller,"253 Christopher Mews Apt. 920, New Patrickberg, NH 83661",73013.4,45
565,Heather Allen,"PSC 4383, Box 6404, APO AE 19345",154250.51,44
566,Margaret Riley,"112 Green Falls Apt. 175, South Craig, WY 03378",50710.18,35
567,John Garrett,"5722 Smith Fall Apt. 155, Cooleyside, AL 21261",103364.15,60
568,Dawn Martinez,"823 Wilson Forge, West Dillonland, VA 91150",163214.05,56
569,Debra Olson,"USNV Erickson, FPO AP 39078",82560.91,60
570,Robert Graham,"USNS Wright, FPO AE 90554",67098.24,25
571,Michelle Hayden,"37676 Cabrera Road Apt. 966, New Michael, MH 83430",127133.57,50
572,Joanna Preston,"USNV Matthews, FPO AA 79653",166861.21,40
573,Maria Sanford,"25625 Charles Shoals, Nathanmouth, DE 01763",129139.72,28
574,Adam Murphy,"81649 Alison Cove Suite 919, Flemingchester, MD 42459",55267.67,23
575,Anthony Snyder,"1172 Garza Freeway Apt. 409, South Justinfurt, AZ 70423",79132.86,52
576,Amanda Newman,"4455 Miller Trail, Troyton, MO 39618",51837.47,36
577,Jordan Allison,"Unit 1591 Box 0300, DPO AE 14281",163652.6,29
578,Shannon Ramsey MD,"004 Daniel Hollow Apt. 459, Nelsonburgh, DC 76975",91353.65,44
579,Cameron Atkins,"718 Becky Shore Suite 457, North Joseph, LA 93743",132220.5,65
580,Justin Salas,"117 Jason Skyway, South Lori, ID 64417",172166.24,47
581,Daniel Garza,"7281 Jeffery Lakes Suite 798, Port Ricardo, CA 36917",120164.35,30
582,Michael Lynn,"71130 Lopez Burgs, Stanleymouth, MI 35310",163385,62
583,Joshua Gomez,"685 Scott Land Apt. 066, West Jaime, HI 78364",49358.14,52
584,Lawrence Stone,"313 Brian Camp, Johnside, CT 36606",124269.57,38
585,Manuel Baldwin,"47323 Walsh Squares, Jessicaville, HI 66461",39743.86,44
586,Lisa Stevenson,"51225 Thomas Bridge, Pattersontown, HI 35082",66504.1,49
587,Carolyn Wolf,"9073 Rodriguez Viaduct Apt. 943, Port Dwayne, CT 13607",172830.5,44
588,Noah Chavez,"745 Smith Knoll Suite 589, Rodriguezhaven, VA 84360",49406.42,64
589,William Chase,"7039 Howard Summit, East Samanthafurt, SC 14647",88263.57,62
590,Sherry Shelton,"PSC 7824, Box 5569, APO AA 36709",87007.71,46
591,Andrew Meyer,"7954 Tara Parks, South Erin, NC 38483",75002.81,28
592,Mary Torres,"70349 Brian Inlet Apt. 650, West Devinport, WY 66298",172606.56,50
593,Patricia Moore,"36914 Antonio Knoll Apt. 666, West Samanthaport, HI 74413",48292.65,34
594,Shawn Brock,"2683 Torres Hills, Gardnerfurt, WY 57765",128047.15,59
595,Joseph Benson,"5676 Murray Points Apt. 612, Kristinshire, NY 49405",175808.53,24
596,Joshua Cunningham,"60787 Christopher Groves Apt. 591, Arianamouth, VI 08478",149085.22,36
597,Kevin Dixon,"287 Jeffrey Spring, West Courtney, VA 01346",178379.03,57
598,Loretta Gonzalez,"181 James Mountains, Port Williamfurt, AR 16467",64754.81,56
599,John White,"791 Thomas Brooks Apt. 232, South Timothy, LA 87996",65037.82,34
600,Kevin Richardson,"176 Hernandez Haven Suite 196, New Kevinmouth, AZ 46995",152892.68,35
601,Julie Sharp,"8835 Palmer Extensions, West Diana, OK 44972",82641.14,30
602,Scott Taylor,"1767 Barbara Parkways Suite 259, Breannafurt, CA 06389",149353.34,59
603,Nicholas Hall,"753 Daniel Extensions Suite 610, Dannyland, NV 49564",35411.15,30
604,Sara Mclean,"2983 Johnny Mill Suite 332, Cervantesborough, CO 76799",178191.46,55
605,Tyler Davis,"56981 Lopez Stream, Leeborough, OK 62594",71344.86,32
606,Heather Yoder,"6619 David Path, Craigfort, IN 07248",50939.32,22
607,Erin Walker,"USNV Myers, FPO AA 09407",54111.47,43
608,Brooke Roberts,"984 Montgomery Plains, New Thomasview, SD 04430",149547.78,36
609,Jason Gonzalez,"38503 Jones Port, West Tinachester, PA 97401",120383.67,22
610,Angela Arnold,"USNV Cummings, FPO AE 05167",60265.7,24
611,Danny Bell MD,"00389 Fleming Street, New Timothyfurt, WI 49945",53379.99,47
612,Jessica Simmons,"95535 Hull Freeway Apt. 190, South Julie, FM 70784",111282.4,25
613,Wendy Smith,"02724 Lee Rapids, West David, MO 63245",104055.66,44
614,Mary Jones,"USNS Simpson, FPO AP 47288",109419.5,27
615,Shannon Wallace,"438 Flores Plains Apt. 056, Ramirezborough, PW 18475",100540.79,35
616,Kelly Torres,"2037 Benton Brooks, Huffview, KY 77602",172085.27,23
617,Ronald Miller,"0667 Jeffrey Light Apt. 680, Anthonystad, AK 80289",140450.23,63
618,Gabrielle Clayton,"59660 Angela Stravenue, Micheleside, NH 56053",110610.43,50
619,Laura Stone,"3204 Miller Gateway Suite 596, New Joshuaview, TN 33336",128284.4,22
620,Rhonda Franklin,"2770 Smith Camp Suite 783, Brownland, KY 80497",43819.68,51
621,Tiffany Alexander,"7232 Monica Shoal Apt. 310, Lake William, NV 76508",157858.29,48
622,Juan Perez,"USNV Hester, FPO AE 89418",134484.14,52
623,Sarah Fernandez,"1187 William Freeway, West Ashley, MP 89763",138298.19,49
624,Martin Liu,"556 Ruiz Hill Apt. 250, Sarahshire, AK 14425",45656.15,26
625,Rhonda Dixon,"69026 Stephanie Fork Suite 818, New Thomashaven, NC 58306",81706.21,30
626,Cory Johnston,"PSC 5353, Box 7513, APO AA 96550",44523.92,38
627,Jennifer Miller,"7937 Hall Views, New John, PW 53928",125526.04,58
628,Mary Jacobs,"1166 Barbara Roads Apt. 270, North Robert, WV 73190",114511.68,41
629,Julie Garcia,"21288 Strong Knoll Apt. 683, Davidmouth, OR 80292",90231.14,59
630,Wendy Williams,"6764 Graves Street Apt. 981, North Brittney, MN 88831",111930.74,50
631,Jamie Gonzales,"34750 Mitchell Lights Suite 220, South April, OK 81172",108304.91,48
632,Gregory Martin,"3244 Sandra Shores Suite 213, North Carmen, AZ 71257",49380.88,65
633,Chloe Freeman,"49678 Mariah Hill Apt. 176, Bakerberg, KY 96397",51590.04,62
634,Tracy Lara,"152 Hill Roads, Lake Haileyton, NE 13665",129382.92,56
635,Rebecca Stewart,"032 Wiggins Forges, West Theodore, NM 25025",139521.79,34
636,Diane Gonzalez,"61789 Jennifer Camp, Wattsfurt, SC 77033",97360.14,35
637,Gregory Moreno,"USNV Pittman, FPO AA 88053",95002.97,50
638,Dr. James Howard,"14675 Elaine Crescent, South Stephanie, TN 15382",92815.88,27
639,James Anderson,"630 Adams Forge Suite 085, Emilychester, MO 58428",80319.51,41
640,Dean Brown,"0476 Ashley Expressway, Port Colleen, RI 80553",131440.64,44
641,Larry Smith,"55810 Michael Flat Apt. 863, Lauriestad, MA 54685",173270.92,64
642,Nicholas Case,"186 Williams Haven, Andrewbury, AZ 36212",168832.83,25
643,Robin Gray,"11860 Julia Plains Apt. 196, Port Catherine, ME 42932",48227.59,26
644,Patrick Turner,"9764 Davis Lodge, Timothyside, NY 32563",48518.36,27
645,Willie Luna,"USS Chavez, FPO AP 03763",142965.4,44
646,David Wood,"2118 Jared Overpass Apt. 126, Millsshire, WV 30966",152706.55,56
647,Johnny Jenkins,"59960 Vaughn Throughway, Gardnermouth, SD 31399",43697.24,56
648,Michael Robertson,"61620 April Crossing, East Samuel, DE 05620",116444.09,63
649,Kathleen Sims,"866 Kenneth Mews, Jenniferview, NC 42756",52723.54,43
650,Jacqueline Santos,"589 Kennedy Fords, Saraberg, GA 69232",161673.07,48
651,Kara Stewart,"04331 Rivera Circle Suite 921, Danabury, MI 82921",160873.36,24
652,Corey Mitchell,"PSC 6945, Box 9648, APO AP 84596",175417.8,59
653,Angela Hernandez,"49128 Rivera Trail Suite 973, North Krista, IL 12472",80305.09,27
654,Lisa Thomas,"1028 Coleman Mountains, Kevinville, IA 73920",118798.19,34
655,Raymond Mccarthy,"193 Sonia Village Suite 268, Henryview, TX 16261",57435.88,51
656,Jessica Bailey,"5639 Patrick Fall Apt. 375, North Brenda, MA 12835",67515.51,27
657,Sydney Shaw,"47604 Garrett Ports Apt. 797, Thompsonside, AS 14117",85766.53,56
658,Allen Shannon,"16107 Leon Walks, Tonyaborough, SD 80979",88296.35,38
659,Faith Powers,"PSC 2958, Box 0660, APO AE 25790",118244.5,48
660,Kathryn Daniel,"49386 Cynthia Ville Apt. 448, Davidmouth, OK 91765",157547.5,60
661,Timothy Davis,"PSC 2125, Box 9020, APO AE 84117",123968.13,62
662,Brad Ramsey,"240 Mccarthy Fall, Donaldmouth, MT 30118",115727.26,59
663,Denise Gonzalez,"Unit 4741 Box 7595, DPO AA 84626",169717.22,65
664,Sandra Mcdaniel,"89365 Clark Squares Suite 183, Jefferyview, AZ 15613",73779.92,32
665,Lynn Alvarez,"9690 Haynes Roads Suite 026, Cookville, HI 47425",74624.21,40
666,John Lopez,"966 Flowers Glen Suite 957, Evansbury, WV 66949",168622.94,43
667,Jeffery Adams,"82498 Stephanie Port, East Elizabeth, WY 07552",35885.34,30
668,Ellen Cannon,"2702 Nicole Hollow Suite 123, South Christopher, IA 20704",117116.56,46
669,Sarah Brooks,"78637 Guerra Squares Apt. 162, Kathrynberg, MO 43376",45089.89,61
670,Sally Cross,"157 Jeffrey Rest Apt. 355, Waltertown, RI 79035",175912.5,26
671,Suzanne Brewer,"34615 Valdez Manors, West Larry, TX 63501",143186.21,34
672,Tyler Fisher,"1516 Eugene Crossroad, Parkstown, NM 86198",89548.19,50
673,Jennifer Wise,"197 Norman Station Suite 851, South Amanda, MS 88937",84429.92,44
674,Adam Vaughan,"89760 Campbell Crossing Suite 750, Johnnymouth, TX 39317",80187.42,41
675,Allison Adams,"75409 Michael Camp Suite 321, East Jessicafort, NE 36505",147641.16,57
676,Jimmy Williamson,"PSC 8970, Box 1550, APO AE 80370",121452.45,24
677,Margaret Macias,"4660 Stephanie Glens, Port Ritaville, WY 25620",57559.09,60
678,Whitney Gilbert,"059 Lewis Mews, Julieburgh, KY 66241",42215.56,26
679,Lindsey Browning,"63062 Adams Rapid Suite 133, Lake Markland, RI 38227",74454.91,63
680,Lisa Murray,"678 Matthew Island Suite 727, Clarkburgh, TX 51627",96482.14,59
681,Andrew Phelps,"Unit 7851 Box 3854, DPO AA 98917",99096.41,38
682,Michael Johnson,"596 Forbes Brooks, Angelafort, IA 49690",66257.5,53
683,Bonnie Lawson,"3319 White Estate, Piercestad, WV 29042",51503.54,48
684,Kyle Flores,"588 Perez Lodge, Shermanport, GU 59412",51079.02,64
685,Shane Ross,"2169 Mccann Loop Apt. 093, New Christine, CO 79087",133380.51,52
686,Jennifer Johnson,"715 Julia Turnpike, Arnoldborough, PR 21653",111405.45,40
687,Nathan Allen,"2410 Becky Mount, Lake Carrie, IA 23684",41585.52,46
688,Kathryn Rodriguez,"37100 Camacho Mountains Suite 164, Lake Kimberlyside, VT 03610",177744.62,24
689,Ronald Brown,"6876 Dale Vista, Katherineshire, WV 15152",36114.63,40
690,Holly Douglas,"3415 Stephen Station, Goodwinview, MA 39205",172071.99,29
691,Erin Cole,"022 Johnson Land Suite 442, Thomasmouth, TX 39151",145803.33,39
692,Robert Anderson,"3039 Hernandez Bridge Suite 588, Woodsburgh, MI 84891",82577.74,21
693,Samuel Edwards,"287 Timothy Light Apt. 153, Jamieberg, KY 80276",107120.87,48
694,Rachel Santos,"083 Michael Bypass Suite 158, West Angelaside, PR 97659",60475.75,45
695,Angela Yates,"42337 Billy Rest, Andrealand, WA 25406",112224.44,35
696,Sylvia Escobar,"33399 Marshall Plain Apt. 513, Wilsonland, NJ 26374",107538.04,63
697,Kevin George,"617 Brianna Roads, Gayview, WV 53869",151899.03,25
698,Katherine Thompson,"448 Matthew Springs Suite 712, Smithhaven, NJ 65484",92575.32,23
699,Austin Reynolds,"8231 Jason Parkway Suite 587, Lake Kevinborough, OK 88566",98251.84,50
700,Christopher Miranda,"258 Valdez Turnpike, Chanview, IN 34953",168568.55,41
701,Scott Torres,"557 Coleman Lock Suite 060, Gomezberg, NH 36441",118485.08,57
702,Michael Clark,"0566 Grant Streets Apt. 398, Gatesville, CA 32369",93641.32,61
703,Nathan David,"673 Benitez Radial, Brownton, SC 45418",95565.62,28
704,Jacob Mclean,"156 Morgan Radial, Audreyside, CO 57944",93729.68,41
705,Kenneth Farmer,"021 Krueger Lake Suite 325, Perezstad, MA 26582",59921.61,60
706,Michele Scott,"16667 Marie Circle, Allenchester, AZ 66589",101714.05,65
707,Erin Ryan,"119 Terri Tunnel Apt. 828, New Sandraborough, WV 10080",168366.61,26
708,Jessica Hill,"512 Gibson Tunnel, Prestonfurt, OK 39011",98323.21,27
709,Ronald Smith,"43958 Valdez Flats Suite 923, East Kyle, CT 03938",70280.89,58
710,Terry Williams,"55333 Martin Groves Apt. 350, South David, MS 03833",93065.22,26
711,Patrick Singh,"6336 Christopher Extensions Apt. 231, Yangstad, WA 42035",92386.17,40
712,Daniel Davis,"8170 Norman Manor Suite 155, Marychester, PR 85960",143141.7,35
713,Zachary Miller,"0450 Melanie Fall Apt. 282, Lake Terry, AZ 08520",83294.95,31
714,Christine Singh,"62282 Michael Creek Apt. 073, Richardstad, PW 35258",46075.01,61
715,Alyssa Johnson,"26086 Eric Bridge Suite 316, North Tanyamouth, MT 70850",51533.86,53
716,Scott Pacheco,"4258 Krueger Skyway Apt. 779, East Jeffrey, DC 19191",63116.04,43
717,Bradley Davis,"34245 Barnett Pike, Kathleenberg, MD 55816",85909.46,62
718,Charles Doyle,"032 Douglas Bypass Apt. 265, New Timothystad, ID 82907",153180.37,36
719,Tricia Sullivan,"Unit 7948 Box 7148, DPO AA 44705",49906.66,37
720,Charlotte Peterson DVM,"158 Brown Lakes Suite 082, East Theresaville, DE 72651",63604.41,59
721,Beth Bailey,"268 Donald Springs, Port Alvin, VA 98096",57166.12,62
722,Kyle Hernandez,"583 Nicholas Courts, Lake Cynthia, RI 30157",45926.22,61
723,Nicole Hernandez,"USCGC Garrison, FPO AA 06912",106646.97,57
724,Tiffany Phillips,"PSC 6775, Box 2401, APO AA 93344",145182.19,49
725,Emily Leblanc,"62272 Peter Estate, Myersborough, IA 46429",133764.35,57
726,Victor Hill,"923 Thomas Harbor, Alexville, NC 41285",128233.82,60
727,Patricia George,"1897 Chad Throughway Suite 406, Danielmouth, NE 77175",81865.2,61
728,Michael Glenn,"81199 Allen Vista Suite 660, Port Kaylaview, MH 33487",80840.14,49
729,Erin Estrada,"01739 Walker Mews Suite 178, Obrienfurt, AZ 79362",44901.51,49
730,Ryan Day,"35996 Higgins Canyon, Deborahmouth, PR 60891",126550.84,38
731,Kelly Bentley,"039 Andrew Isle Apt. 460, Atkinsonview, MI 90024",120755.86,43
732,William Wright,"7423 Yang Terrace, Kimberlyburgh, PR 66015",108563.85,40
733,Felicia Jensen,"4116 Howell Route, Port Patrick, KS 93220",101952.66,23
734,Mr. Jeffrey Ward,"0139 Stout Squares, Katherineside, HI 52663",43249.06,39
735,Angela Davis,"2585 Anderson Lights Apt. 499, West Yvonnemouth, GU 05845",46126,26
736,Christopher Haney,"333 Wong Forge, North Kenneth, AK 80745",124176.22,53
737,Mr. Justin Murillo,"969 Francis Squares, Lindaview, NE 49027",90749.96,58
738,Timothy Young,"253 Colin Tunnel, Nicholsville, AS 79680",115375.87,23
739,Gregory Park,"Unit 3749 Box 0797, DPO AA 77972",100211.39,57
740,Troy Jackson,"7215 Stephanie Harbor, Staceytown, VT 78847",129516.43,41
741,Michael Bender DVM,"8453 Thomas Plains Suite 090, Brianaland, RI 08840",122725.85,53
742,Monica Oconnor,"07151 Sophia Ports, Ballardfurt, UT 62682",56874.86,24
743,Greg Davis,"7124 Gonzalez Keys Apt. 571, Andrewton, OH 08253",100325.85,42
744,Anna Smith,"Unit 0056 Box 4099, DPO AA 09595",177445.91,26
745,Chelsea Oliver,"1295 Patricia Squares, New Eduardo, GU 58841",108159.61,32
746,Andrew Medina,"USS Aguirre, FPO AA 38699",40675.61,49
747,Michael Lawrence,"3929 Pace Shoals, Bowersville, TN 73175",178692.97,54
748,David Thomas,"USCGC Lopez, FPO AA 05952",110798.47,31
749,Thomas Morse,"158 Sherman Row, West Luke, NV 26458",87765.2,39
750,Mark Powell,"71587 Torres Turnpike Suite 080, North Kurt, OR 98523",91175.4,42
751,Kimberly Davidson,"46358 Madison Spur, Rodgershaven, PR 23869",133440.17,24
752,Melanie Williams,"35137 Ashley Ridge Apt. 063, West Adambury, TN 43853",149437.91,62
753,Dr. Samantha Watson,"29394 Becker Station, Jamieview, MT 90977",83524.16,42
754,Rodney Bennett,"4906 Heather Mission, Lake Hannah, CA 84072",48703.36,64
755,Christopher Moody,"46484 Foley Green Apt. 163, New Meghanborough, DC 68425",91051.81,37
756,Julie Rodriguez MD,"13695 Rodgers Mills, Lake Sarahborough, WI 28082",139941.38,63
757,Amanda Smith,"57306 Hernandez Highway Apt. 323, Dianemouth, AK 58242",174839.45,59
758,David Rice,"501 Robert Place, New Jennifermouth, MN 05538",161625.55,42
759,Brian Hall,"9130 Andrew View, Pinedafurt, LA 90365",46817.79,63
760,Joanna Adkins,"7727 Walker Heights Apt. 642, Jodychester, AS 39803",55507.12,43
761,Joe Page,"2536 Stephenson Mount, Wallacefurt, NH 48153",79983.6,62
762,Maurice Anderson,"39395 Kelley Track, Brooksport, IL 51989",136279.59,46
763,Brian Pearson,"33582 Giles Meadows Apt. 703, Bradleyburgh, KY 98277",53697.99,26
764,Patricia Davidson,"65732 Stewart Track, Lake Coltonland, CO 03314",79889.37,45
765,Scott Brown,"3234 Michael Island Suite 752, Kevinside, GA 20426",128306.52,42
766,Bryan Kent,"431 Regina Court Apt. 267, Woodstown, OR 90694",152911.79,63
767,Heidi Alexander DDS,"9551 Jones Dale, Ericaberg, DE 88175",136910.48,64
768,Mark Carter,"9709 Frey Lakes, Jamesview, NC 03573",167304.96,26
769,Taylor Williams II,"5047 Mason Bypass Apt. 909, West Oscarfort, MS 51408",128673.6,48
770,Michael Terry,"5254 Tracy Grove Apt. 715, North Lisaville, IA 10254",108730.83,22
771,Austin Armstrong,"00591 Brandi Well, Welchmouth, WY 87655",87576.66,32
772,Bryan Padilla,"11063 Brendan Common, Floreshaven, ID 62897",172919.55,42
773,Michelle Simpson,"9072 Christopher Flat Suite 289, Lake David, WV 10433",172411.9,52
774,Samuel Avila,"949 Hunter Heights Apt. 645, New Adrian, FM 90092",62840.76,29
775,Paul Brown,"096 Emily Stravenue Suite 015, Helenland, OK 34899",57467.05,39
776,Emma Howard,"4758 Jeremy Extension Apt. 567, Nguyenfurt, NH 61369",157442.12,27
777,Charles Christensen,"56265 Ryan Viaduct, East Brittany, HI 28942",108615.01,55
778,James Hernandez,"6248 Perez Oval, Reynoldsburgh, NM 87767",156092.37,54
779,Tyrone Jones,"423 Lara Mall Suite 042, Crystalchester, RI 16471",40473.39,42
780,Kendra Peterson,"9710 Wood Gateway, West Haley, PW 41465",162076.95,60
781,Stephanie Alvarez,"532 Harrington Ports Apt. 993, South Anna, FM 03043",54002.11,45
782,Spencer Cruz,"87794 Shannon Tunnel Apt. 425, South Johntown, MD 47184",57366.65,32
783,Karen Thomas,"5983 Susan Ranch Apt. 403, Johnfurt, NE 92336",155545.03,60
784,Alexandra Green,"61572 Garrett Point, New Sean, MD 14623",152311.34,31
785,Joy Gonzalez,"92501 Mindy Plaza Suite 525, Piercechester, SD 42953",139571.53,23
786,Gabriel Huff,"9908 Jennifer Station Apt. 711, East Curtis, GA 94067",94574.5,64
787,Paul Compton,"1768 Alicia Row Suite 281, South Erik, WV 34678",139339.92,49
788,Anthony Vega,"0033 Stephanie Dam, Marcusfurt, AK 67380",123536.34,49
789,Katherine Caldwell,"39033 Smith Squares, New Nicolehaven, MH 22020",68930.43,36
790,Christian Smith,"8586 Mary Throughway Suite 535, Philipport, NV 04278",79872.85,51
791,Walter Powers,"10613 Kathleen Street, Marissaborough, FM 78260",166076.28,33
792,Heather Brown,"80403 Michelle Ford Suite 657, Guzmanburgh, PW 64946",88336.94,57
793,Kyle Norton,"91009 Mercedes Harbor, West Seanshire, GA 13245",177743.77,50
794,Daniel Lee,"46040 Kevin Greens Suite 310, Thompsonville, CO 95503",146568.59,45
795,Sergio Riley,"97123 Raymond Lane Apt. 076, Gutierreztown, OK 06272",107921.47,47
796,Tina Walter,"40433 Patrick Run Apt. 968, Connerton, LA 48215",175108.88,33
797,Jacob Hoover,"588 Malik Route Suite 629, Watsonstad, WI 38832",151182.59,29
798,Michael Preston,"6194 Marvin Knolls Suite 782, West Williamberg, PA 45281",161585.28,24
799,Sandra Moore,"61618 April Ports, West Sarahburgh, WA 30225",127970.96,44
800,Rachel Burns,"686 Barbara Summit Suite 137, Port Heather, WV 25185",115408.41,27
801,Stephanie Costa,"14364 Amber Court Apt. 000, Davidburgh, GU 89693",138153.14,54
802,David Tapia,"609 Cooper Landing Apt. 469, Reidshire, AZ 89514",158419.08,39
803,Andre Flores Jr.,"169 Avery Spur Suite 060, Blakeland, NJ 33551",47161.89,31
804,Angela Ramsey,"6539 Johnson Inlet, Robinsonchester, CT 01850",74554.74,53
805,Linda Leonard,"82749 Solis Plain Apt. 491, Thompsonmouth, LA 21832",56365.56,48
806,Kyle Simmons,"77306 Kelsey Cape, Ianmouth, VI 90027",48298.47,35
807,Katherine Reeves,"22299 Samuel Lakes, Smithhaven, MH 91440",153421.97,43
808,Joshua Barnes,"611 Jose Shores Suite 768, East David, GA 11822",169918.43,47
809,Mary Griffin,"Unit 5847 Box 1296, DPO AE 73857",42722.25,53
810,Dale Evans,"50801 Richards Branch Suite 253, Solisborough, TN 62728",89224.42,45
811,Daniel Thompson,"28217 Ashlee Gateway, Francostad, IN 34903",179206.18,44
812,Paul Williams,"35679 Kaitlyn Crossroad Suite 986, East Carol, LA 65661",67558.12,41
813,Jessica Johnson,"205 Long Mountain, Kevinside, PA 43373",169969.76,62
814,Savannah Harrison,"5175 John Grove, Nancyhaven, IN 41533",83617.1,30
815,Erika Allen,"58644 Santiago Field Apt. 435, Jamesmouth, OR 68673",54951.94,39
816,Nathaniel Walter,"527 Sanchez Orchard, Sarahmouth, ND 45248",168022.44,51
817,Larry King,"Unit 8601 Box 3477, DPO AP 76992",135930.44,29
818,Kayla Fisher,"791 Kim Island Apt. 221, Kathleenton, AZ 09712",145031.97,51
819,Joshua Adams,"09001 Davila Stravenue Suite 463, East Christine, OK 99031",100047.21,21
820,Juan Randall,"26389 Stephanie Course Suite 711, Port Richard, IA 60729",166349.34,22
821,Stephanie Lowery,"46996 Lewis Courts, South Jennifermouth, FL 97384",72108.97,30
822,Sarah Christensen,"76855 Victor Ridges Suite 793, Drewland, PA 92111",114576.62,59
823,Caroline Powell,"4343 Burke Mountains Apt. 931, Marqueztown, MS 75429",111526.87,28
824,James Henry,"64534 Buck Green Suite 223, Port Barry, MS 48286",147545.03,36
825,Darryl Mann,"1847 Kelly Walks, Ramirezburgh, IN 54170",78666.92,24
826,Joseph Hall,"248 Mcmahon Expressway, North Lindsey, ID 79489",69573.73,61
827,Andrea Garcia,"178 Cummings Drives, East Kristin, MD 23018",150115.37,50
828,Kayla Smith,"2207 Meghan Garden, Audreyview, NH 32717",44107.04,52
829,Michael Reeves,"62047 Byrd Locks, Onealmouth, SD 68613",121527.16,22
830,Larry Higgins,"628 Martinez Camp Apt. 195, Darrellchester, MS 49776",126633.47,57
831,Alexander Freeman,"2792 Sanders Divide, East Rebeccaview, NM 52830",70081.03,30
832,John Khan,"32145 Michael Lights Suite 194, Loriside, NJ 05812",77234.44,21
833,Sheila Mendoza,"8201 Julie Points, Brianhaven, IL 83164",124147.39,36
834,Allison Powell,"9545 Laurie Prairie Apt. 776, Lake Kimberlyshire, NY 09320",117746.24,32
835,Mrs. Samantha Rivera DDS,"23196 Foster Canyon Apt. 402, South Ashley, MT 20377",131333.84,26
836,Keith Mooney,"04713 Herman Expressway, Wilsonmouth, AS 45424",110905.26,44
837,Veronica Jefferson,"USNV Ray, FPO AP 97771",44813.5,54
838,Maurice Rose,"330 Webb Isle Suite 760, Laurieview, CT 19895",113891.88,53
839,Sarah Robinson,"USCGC Stein, FPO AE 91908",115352.03,45
840,Heidi Newton,"1329 Fry Shore Apt. 506, Briggsberg, MT 62520",161633.06,23
841,Felicia Wood,"6936 Atkinson Heights Apt. 925, New Mark, MS 11364",127172.26,44
842,Bradley Mclaughlin,"1200 Thompson Dale Suite 559, North Frederickport, MA 13604",71779.29,22
843,Kevin Mcneil,"67149 Gilbert Pine, Port Cheyenneberg, CA 61100",86778.61,25
844,Debbie Schneider,"9340 Phelps Shores, Lake Thomas, NV 47523",84996.36,63
845,Elizabeth Valdez,"45337 Jacqueline Camp Apt. 091, North Whitney, DC 20073",126097.26,58
846,Diane Cook,"766 Sarah Skyway, Sharonborough, MH 62527",141602.11,42
847,Helen Myers,"46277 Bowers Wall, Shannonmouth, WA 93219",54344.39,43
848,Ernest Sexton,"24617 Hernandez Dam, New Cassandra, KY 27011",114171.99,62
849,Jennifer Townsend,"550 Timothy Views Apt. 325, Alyssahaven, OR 80777",60387.92,64
850,Christina Carrillo,"9848 Williams Isle, South Bridgetland, NJ 55190",102370.32,65
851,Suzanne Lynch,"374 Snow Walk Apt. 394, Bakerhaven, IN 05815",104387.02,32
852,Roberto Allen,"48860 Mack Shore, South Vanessaborough, ND 87177",152667.16,25
853,Penny Wyatt,"PSC 6852, Box 8306, APO AE 43594",138826.53,50
854,Theresa Smith,"44626 Jessica Lake Apt. 448, North Tonyaville, PR 00937",40362.65,33
855,Andrea Townsend,"17518 Dixon Orchard Suite 151, Gregoryborough, ND 33305",41351.91,33
856,Susan Oliver,"Unit 1122 Box 5288, DPO AE 63243",163439.61,41
857,Nicole Bell MD,"86323 Ayala Summit Apt. 378, Hughesstad, ID 06001",170338.79,53
858,Cole Duncan,"560 Atkins Corner Apt. 198, New Derekfort, OH 72800",92742.49,55
859,Gina Weber,"48640 Brian Hills Apt. 462, Matthewchester, CA 70095",103642.97,23
860,Jonathan Rodgers,"5212 Michael Court, Katrinamouth, FM 16718",144227.18,33
861,Daniel Mcbride,"8818 Escobar Shoals Suite 160, Samanthachester, CO 86732",76486.08,24
862,Patrick Taylor,"70756 Joseph Ramp, North Matthew, HI 85499",160540.75,42
863,Mercedes Garcia,"22836 Erin Wells Suite 937, North Russell, RI 87910",74616.41,44
864,Roger Carter,"443 Jasmine Glens Suite 016, Lake Johnny, DC 76079",98357.95,46
865,Martin Wilson,"033 Jessica Spur, Andersonborough, KY 15261",142779.62,45
866,Marissa Love,"1537 Dylan Rue, Port Miguelchester, MS 86945",84160.31,32
867,Denise Alvarado,"65337 Avery Mews, West Aaronmouth, GA 08549",106949.47,52
868,Sandra Goodman,"1424 Thompson Trafficway, South Kristihaven, CA 77372",88265.3,54
869,Eric Walker,"6427 Samuel Dale Apt. 376, New William, FL 14895",73674.5,26
870,Jacob Scott,"601 John Haven Suite 389, Lake Tyler, NC 00942",140426.79,26
871,Alejandro Mack,"507 Jacob Street Suite 644, Lake Richard, MP 79350",97438.04,32
872,Heather James,"0557 Amanda Park, South Susan, AK 90905",114093.79,41
873,Keith Taylor,"76811 Higgins Forges, East Nathan, AZ 34115",49876.7,41
874,Kevin Martinez,"15391 Linda Turnpike Apt. 074, Lake Katherine, VA 01334",130833.29,40
875,Katherine Gay,"18939 Smith Square Suite 578, North Joanne, SC 75435",99657.79,48
876,Donald Jackson,"233 David Mount, Lake Shannonberg, AZ 15951",59163.49,49
877,Misty Richardson,"621 Thomas Avenue Apt. 508, Lake Megan, MT 14725",85974.31,23
878,Christopher Jones,"24888 Mercado Estate Apt. 762, Ramirezview, PA 28569",140388.09,43
879,Rebecca Houston,"8719 Laura Crossroad Apt. 381, Fostershire, VT 97181",124153.46,48
880,Amy White,"08981 Amber Corner, Alicialand, KS 34729",74810.53,24
881,Chad White,"31829 Jones Stravenue, Lake Kathleenmouth, GA 89805",45880.97,61
882,Ryan Johnson,"001 Martin Summit, North Haileyfort, AS 13380",93900.48,53
883,Steven Holland,"255 Chambers Underpass, Karenview, GA 11647",151158.92,64
884,Brittany Barnett,"8122 Mason Turnpike Apt. 567, New Ryantown, AZ 79040",58198.08,22
885,Matthew Blackwell,"58482 Gray Crossing Apt. 624, West Mike, AR 48500",55703.02,59
886,Christopher Ray,"706 John Rapids, Montgomerytown, WI 82342",133322.89,49
887,Tiffany Chase,"04016 Davenport Crossing, West Connieview, PR 84882",40045.85,25
888,Travis Jimenez,"USNS Gray, FPO AE 69749",69219.33,62
889,Jennifer Allen,"694 Aimee Rue, Rickeyburgh, AK 32314",88117.63,45
890,Nicole Anderson,"14417 Lynn Highway Suite 255, Michelleton, HI 53359",172672.73,23
891,Michelle Wood,"3017 Parker Turnpike, Michellehaven, OK 70015",122738.75,64
892,Tamara Ingram,"88824 Swanson Dale Suite 905, West Gloriaton, PR 38692",100238.77,44
893,Thomas Clark,"84951 Chandler Valley Apt. 111, Foxville, ND 06835",88941.94,25
894,Christina Watkins,"3265 Benjamin Lodge, Lake Chaseland, PW 98810",118218.66,54
895,Kathy Chang,"78688 Alex Ferry Apt. 009, West Kimberlyville, OH 17266",88207.74,41
896,Kelly Smith,"7449 Susan Mall Apt. 936, Chelseastad, DC 08095",129186.31,36
897,Larry Stokes,"84336 Cooper Burg Apt. 632, East Catherine, NY 19884",174275.41,22
898,Jerry Rogers,"0428 Shepard Canyon, Crystalmouth, IA 65037",141672.85,52
899,Jessica Burch,"26003 Abigail Ford, Peterland, GU 04075",110073.06,56
900,Michael Jones,"USNS Garcia, FPO AE 29153",52075.34,37
901,Gilbert Williams,"9177 Hines Row, New Jason, NC 35075",137085.48,34
902,Victor Wilson,"735 Young Wall, South Brandon, IN 85060",179472.94,39
903,Nathaniel Brown,"090 Kaiser Prairie Apt. 449, North Jennifer, NV 33956",135627.19,52
904,Carol Avila,"964 Davis Pike Suite 285, Walshshire, IA 19759",64025.86,29
905,Brian Smith,"932 Daniel Villages Apt. 426, Elliottton, MT 82056",158659.81,49
906,Wanda Kennedy,"6072 Kyle Stream, New Catherine, MD 88338",60035.17,49
907,Susan Santos,"PSC 8280, Box 4056, APO AP 15941",179603.05,64
908,Dr. Kylie Hamilton,"9582 Guerrero Course, Berrystad, MT 83122",175296.38,41
909,Ronald Smith,"23859 Hooper Terrace Apt. 434, Weaverbury, OR 41230",131836.77,25
910,Denise Nolan,"3008 Burke Loaf, North Darrylfurt, NY 26985",114749.59,39
911,Michael Olsen,"16809 Miller Roads, Port Joanton, NH 53950",164243.09,31
912,Shari Boyd,"620 Walker Harbors Suite 077, Georgefurt, GA 08127",138212.32,65
913,Joann Taylor,"292 Smith Union Apt. 776, East Arianaland, WI 35044",127466.5,44
914,Timothy Leonard,"37312 Howard Extension, West Ruth, MO 14750",108769.58,28
915,Timothy Marshall,"119 Aaron Creek, Port Robert, GU 67779",177844.22,29
916,Emily Mcdonald,"1337 Patricia Plains Suite 449, Lake Susanshire, MD 06764",69326.75,52
917,James Dixon,"Unit 1644 Box 0373, DPO AP 33285",38811.18,56
918,Jennifer Ferguson,"PSC 7782, Box 2102, APO AP 12594",117980.22,50
919,Stephanie Chapman,"348 Jackson Plains, Jessicafort, WY 96344",151530.95,56
920,Jessica Chang,"318 Amy Island, Johnsonbury, OK 98840",53816.83,26
921,Parker Vasquez,"1770 Valencia Parks Apt. 682, West Kathyfurt, ND 19326",44533.48,46
922,Ryan White,"216 Smith Isle Suite 146, Lake Charles, SD 23335",179941.28,51
923,Kenneth Murphy,"089 Young Road Suite 802, North Melissa, AS 04945",111225.87,47
924,Melissa Hall,"948 Wong Hills Suite 988, Lake Christopherstad, NV 82560",154384.21,25
925,Judith Patrick,"PSC 7152, Box 3867, APO AA 63101",53172.38,41
926,Randy Douglas,"6191 Simpson Place Suite 682, Wagnerberg, MP 17473",128139.1,49
927,Kenneth Snyder,"806 Faith Turnpike Apt. 504, Lake Patriciastad, WV 51639",102545.81,54
928,Manuel Jennings,"124 Kimberly Junctions, Josephburgh, NC 52035",84954.64,56
929,James Taylor,"32894 Greer Forges Apt. 891, Richardview, CO 90215",127770.12,32
930,Erin Patel,"56292 Shah Forges Apt. 589, Curtishaven, CT 73892",146328.34,29
931,Jaclyn Johnson,"8509 Avila Trail Suite 430, West Courtney, DE 89030",97729.65,24
932,Samantha Jones,"720 Adrienne Squares Suite 934, North Maryborough, MO 40816",155551.67,54
933,Edward Rodriguez,"32593 Alvarez Vista, East Laurenmouth, PR 42092",57187.24,31
934,Tyler Baker,"1052 Reyes Pines, Lake Brittanyfort, OH 08383",58485.21,35
935,Sandy Todd,"38885 Martin Dam Suite 866, West Michelleshire, NY 54963",85173.35,54
936,Joanna Ramos,"75854 Quinn Manors, Lauramouth, WY 93912",164764.26,26
937,Donna Shaw,"65020 Brad Unions, Nathanbury, OR 85349",71337.77,61
938,Angel Young,"5130 Morgan Bypass, Lake Cynthia, OH 97252",173670.99,38
939,Brian Turner,"9972 Mccarty Spurs Apt. 677, Dawnberg, WA 01335",53149.69,40
940,Ryan Mercer,"3183 Jasmine Valley Apt. 231, East Catherine, FM 85061",124092.1,26
941,Eric Davis,"83647 James Plaza, Cooperside, GA 62322",107873.11,31
942,Michael Ortega,"7754 Hart Grove, Taylorberg, VI 75371",120812.22,58
943,Erika Montgomery,"8316 Andrea Falls Suite 172, South Graceborough, NV 94505",57358.17,63
944,Tammy Rios,"Unit 0522 Box 2999, DPO AE 97624",125549.48,59
945,Christopher Garcia,"914 Angela Divide Apt. 255, Port Becky, MH 71301",83954.84,57
946,Justin Parker,"773 Lindsey Highway Apt. 095, Michelleshire, AS 65790",40973.17,22
947,Molly White,"29271 Brian Gateway Suite 871, South Jean, GU 43345",46777.31,62
948,Trevor Bautista,"01256 Amy Extensions, North Josephside, NM 80006",146798.24,37
949,Melissa Owens,"3585 Joel Place Suite 003, West Tiffanybury, MS 85095",129413.85,57
950,Kenneth Bauer,"52391 Kimberly Row Apt. 950, West Jamesview, SD 96828",95405.08,61
951,Amy Morrow,"PSC 9671, Box 3971, APO AP 15596",39391.46,61
952,Anthony Hernandez,"17672 Darius Trail, North Danielfurt, CT 17475",114108.74,62
953,Amanda Williamson,"587 James Road, North Kelly, ID 57051",173714.27,51
954,Daniel Smith,"124 Craig Haven Apt. 868, West Michelle, OK 87653",70507.3,64
955,Chad Carlson,"355 Franco Circles, Port Sarahshire, PA 45752",93883.42,50
956,Michael Crawford,"71243 Mcconnell Plaza, Amberfurt, ME 17584",45581.09,24
957,Alexander David,"27061 Mendez Neck, New Troy, AR 22305",57921.66,47
958,Amy Higgins,"USCGC Simmons, FPO AP 03434",105216.41,34
959,Carlos Heath,"5420 Jacqueline Way, Antonioton, DE 02710",84327.92,30
960,Susan Sullivan,"6491 Ramos Springs Suite 546, East John, MP 14450",80324.46,41
961,Robert Murray,"018 Benjamin Burg, Spencerville, NV 52751",141458.96,43
962,Tony Burns,"081 West Drive, Port Jennifermouth, VT 08470",176429.25,29
963,Craig Williams,"73510 Ward Pines, Travisborough, AS 53010",145296.42,53
964,Michael Johnson,"8857 Warner Ranch, Tylerborough, DE 74066",116439.43,41
965,Cristian Lambert,"627 Massey Lock, Morrowland, MI 77197",70051.99,28
966,David Taylor,"04666 Lance Isle, Port Carlosville, AR 59081",73783.39,36
967,Mary Martinez,"493 Lori Port, Audreymouth, IA 88019",55427.26,24
968,Andrea Mueller MD,"497 Logan Pines, Fowlerland, ID 61219",77080.74,45
969,Melinda Cervantes,"66123 Mitchell Causeway Suite 794, East Mariah, WV 42748",160303.76,47
970,Daniel Barker,"919 Roman Cliff Suite 262, East Tannerhaven, NH 71352",70999.19,31
971,Ashley Jenkins,"418 Joe Spur, Lesterville, CO 58756",152954.29,57
972,Monica Medina,"801 Shannon Hollow Apt. 217, Alejandrabury, OK 58219",139563.62,33
973,Jacqueline Randolph,"48067 Kennedy Course, Port Jacob, OK 11658",145652.6,52
974,Jamie Duran,"794 Carol Manors, South Jessica, MO 76338",179415.56,50
975,Meagan Charles,"0953 Jonathan Turnpike, Port Biancaville, MI 56488",107320.16,40
976,Steven May,"883 Sharp Knoll Apt. 796, West Danielle, FM 79766",107118.69,26
977,Michaela Campbell,"349 Johnson Mission Suite 217, East Annville, MS 19157",172058.76,53
978,Timothy Carpenter,"8820 Joseph Locks Apt. 906, West Randall, FL 99184",101298.44,36
979,Lindsay Jones,"41319 Michael Throughway, Port Morgan, VT 53897",66195.94,43
980,Daniel Cortez,"PSC 5230, Box 4588, APO AE 53009",42055.43,39
981,Ronald Johnson,"7241 Roy Run Apt. 344, Port Ashleyfurt, PR 08782",106759.66,62
982,Patrick Mosley,"USS Barton, FPO AE 92276",132515.49,39
983,Joshua Mullins,"7821 Miller Groves, Blackville, WY 30185",112820.16,27
984,Lisa Ellison,"698 Holly Prairie Suite 987, Sarahfurt, OK 41441",97484.53,37
985,Sharon Murphy,"011 Jennifer Springs Apt. 075, Lake Sarah, FM 91565",140488.67,46
986,Brian Wells,"98863 Edwards Loop, North Xavier, KS 43447",88060.92,46
987,Anthony Washington,"48942 Kelly Lane Suite 489, Reynoldschester, AR 43345",42417.86,56
988,Deborah Smith,"6577 Medina Burgs Suite 453, Port William, PA 04287",63225.02,56
989,David Casey,"2265 Brown Locks Suite 995, North Albert, TX 56271",76847.25,45
990,Cody Thompson,"7746 Kathryn Ridge Apt. 601, East Juanville, CO 49326",108117.05,56
991,Sarah Ochoa,"08017 Olson Park Apt. 312, Scotttown, AS 36309",75559.5,60
992,Zachary Ortiz,"612 Samantha Center, New John, WA 63248",133657.8,28
993,Jeffrey Horton,"8525 Gould Extensions, Davidside, UT 98959",53656.19,27
994,Frederick King,"06445 Pearson Junction Apt. 311, East Eric, VT 59149",92116.04,42
995,Joshua Cannon,"917 Santana Locks Apt. 342, Jacksonborough, VI 73257",115885.62,44
996,Melinda Weiss,"PSC 5080, Box 1963, APO AE 33915",144469.95,33
997,Mark Johnson,"8824 Mark Forks, Alexanderville, NY 09561",122357.13,46
998,Jennifer Wells,"5244 Rangel Lake, Joseton, GU 70196",107511.3,23
999,Joseph Ward,"8105 Dawn Crossing, New Stephen, NY 67674",40642.53,42
1000,Shelly Moss,"882 Kevin Island Suite 927, West Maryberg, KS 49894",151575.05,54
1001,Robert Hensley,"Unit 8642 Box 4238, DPO AP 30173",101263.34,59
1002,Carla Young,"18706 Sherry Port, East Zachary, NY 06972",164504.1,29
1003,Kristin Lewis,"02320 Bryan Pike, Murrayfurt, DE 06439",82555.05,60
1004,Katie Welch,"610 Lisa Field Suite 614, Lake Joeside, LA 42355",81186.85,46
1005,Margaret Miller,"4682 Leslie Lodge, Marilynville, AZ 00979",178639.28,40
1006,Raymond Smith,"05459 Kim Club Suite 006, Comptonfurt, NE 35716",121090.08,53
1007,Adam Holland,"PSC 4113, Box 4078, APO AA 13683",155101.96,55
1008,Robert Hendricks,"89058 Russell Plaza Apt. 482, Fergusonshire, OK 82005",106027.76,57
1009,James Stevens,"688 Thomas Springs, Harringtonland, MN 04516",78469.63,22
1010,Kevin White,"760 David Corners, South Nicole, WV 47491",88411.88,64
1011,Victor Boyd,"0418 Kathleen Ports, Sarahland, WY 60923",50892.67,47
1012,Jordan Mata,"4127 Cruz Ferry Apt. 188, West Christopher, VT 78124",119636.81,65
1013,Chad Adams,"8917 Lisa Greens Suite 421, Erinstad, NM 06447",126242.77,59
1014,Richard Martinez,"57090 Bryan Locks, Lake Rachel, MT 36560",103815.58,62
1015,Julia Lewis,"82895 Smith Corners Suite 882, Lake Jose, NV 32006",148521.08,58
1016,Xavier Jones,"USNV Smith, FPO AE 08223",118756.99,24
1017,Terri May,"19509 Megan Valley, Port Dianemouth, HI 56521",119610.88,31
1018,Spencer Manning,"92300 Jones Meadows Suite 007, Rebeccaland, FM 66584",111013.69,60
1019,Emily Dawson,"298 Gutierrez Point, Port Meredith, MI 17737",147317.89,45
1020,Diana Kennedy,"827 Linda Valleys, East Rachelland, AZ 34293",56427.48,64
1021,Christian Hampton,"21743 Kim Pine Apt. 526, South Michelleside, NE 05602",70118.5,57
1022,Jo Chapman,"8838 Ponce Island Apt. 646, New Brandon, MA 07457",172489.75,28
1023,Jeremy Hill,"9551 Woodward Estate Apt. 920, New Sharonmouth, CT 06072",62663.73,49
1024,Michael Cross DDS,"11786 Carolyn Spur, East Markport, VT 58852",80485.41,30
1025,Amy Park,"9535 Hale Corner, North Patricia, TN 18226",94879.22,34
1026,Steven Glover,"PSC 5002, Box 6015, APO AE 44706",94504.72,60
1027,Nathan White,"9507 Williams Village Suite 173, South Brooke, AR 46882",168475.54,24
1028,Leslie Diaz,"100 Roberts Springs, West Kendra, AL 27143",137337.41,54
1029,Lauren Smith,"60894 Charles Hills, East Veronicamouth, FM 81159",65064.55,41
1030,Carrie Gardner,"9520 Hughes Bypass, South Tamarashire, OK 02211",179727.82,51
1031,Jennifer Patterson,"PSC 8018, Box 6774, APO AE 91655",111194.19,41
1032,Whitney Mason,"339 Parker Square, Michelletown, AL 51963",173719.4,50
1033,James Charles Jr.,"50173 Edwards Curve, Whiteville, NH 70917",167258,42
1034,Kevin Burton,"34511 Jo Bypass, Lake Pattychester, MP 89206",114209.62,64
1035,David Walsh,"USCGC Dixon, FPO AE 02328",146938.52,64
1036,Steven Davis,"90457 Webster Port, Morrisshire, VI 24889",128279.82,65
1037,Kevin Watkins,"0336 Laura Square, South Mitchell, NC 24950",73332.52,51
1038,Joel Ford,"71152 Jennifer Plaza, East Jaimeburgh, CT 85309",62878.3,36
1039,Molly Jackson,"970 Cunningham Mews, Port Danielchester, IL 70694",75455.93,40
1040,Joshua Miller,"772 Patrick Path Apt. 053, Nicholsborough, CA 72261",67605.72,40
1041,Lisa Moore,"PSC 7284, Box 5401, APO AP 18602",146820.27,34
1042,Paul Martin,"482 Derek Drives, West Christopherview, NM 37038",135084.79,52
1043,Monique Middleton,"65993 Emily Street, East Barryborough, AR 36807",80970.91,43
1044,Melissa Robinson,"5213 Robbins Canyon Apt. 816, Oliviachester, KS 52388",116270.7,38
1045,Michael Summers,"7756 Cheryl Fork, Port Chad, AK 85928",76729.46,57
1046,Kyle Perry,"4690 Brandi Pines, North Sherry, AK 35060",133110.23,45
1047,Vincent Weaver,"2291 Sheila Manor Suite 080, Richardstad, MP 55247",164885.27,46
1048,Susan Stevens,"3621 Cox Circle, Biancaview, ME 86487",153664.73,30
1049,Vincent Myers,"339 Cooper Hollow Suite 273, Port Gary, DC 57365",77115.63,39
1050,Autumn Phillips,"2585 Nunez Courts, New Jessicaville, WA 82129",173520.49,26
1051,Brittany Allen,"996 Walker Points, Lindaberg, VA 37428",85222.71,49
1052,Valerie Lopez,"8333 Avery Via, Port Hannahland, CO 93091",130115.95,51
1053,Sarah Rice,"457 Hendricks Port Suite 757, Matthewsview, VA 83827",66028.09,55
1054,Curtis Rasmussen,"6698 Rivers Circles Suite 342, East Matthewstad, AK 70688",74314.24,56
1055,Aimee Rivera,"152 Carlson Islands Suite 966, Meganburgh, DE 31896",135944.84,29
1056,Sergio Hill,"2614 Whitney Greens, East Laura, GA 54955",50837.85,58
1057,Elizabeth Stewart,"9637 Damon Springs, North Amandaville, NM 70077",69695.9,24
1058,Tamara Thomas,"871 Flores Fords Suite 426, Greenfort, AR 15237",132125.92,54
1059,Marvin Martin DDS,"865 Jeffrey Mills, Chavezshire, NE 52969",67722.39,35
1060,Jennifer Lee,"05278 Angel Land Suite 800, East Timothyburgh, VA 17281",42611.21,47
1061,Cody Ford,"60943 Kayla Forge, Riceland, NM 22059",82892.58,51
1062,Christina Gonzalez,"286 Rebecca Burg Apt. 973, Davidstad, RI 46670",49579.01,29
1063,Shannon Vega,"PSC 2227, Box 3938, APO AP 80182",35751.31,56
1064,Dustin Farrell,"3236 Miller Keys, South Randyton, OH 60678",176797.05,31
1065,Cody Lawson,"236 Corey Overpass, East Randystad, SD 73065",94001.58,51
1066,Victor Byrd,"176 Ferguson Green, Mendozamouth, NV 99296",104230.04,33
1067,Charles Petty,"USNS Thomas, FPO AE 93833",144607.1,39
1068,Madison Webster,"8922 Jessica Knoll, Brownburgh, GU 81494",81569.32,62
1069,Gail Watson MD,"11804 Sutton Overpass Suite 130, Caldwellbury, PR 73755",43578.58,26
1070,Patricia Delgado,"136 Richard Centers, Elizabethbury, OK 94885",129583.32,35
1071,Jacob Brown,"55491 Sharon Shoals Apt. 516, Charlesshire, WI 88742",112597.08,23
1072,Jeffrey Smith,"USS Johnston, FPO AA 78151",167418.31,32
1073,Ms. Joanne Crawford,"0204 Ryan Estate, North Cindyfort, CT 18320",95593.32,32
1074,Ann Parker,"USNS Walton, FPO AA 81805",170418.78,23
1075,Joseph Holland,"12677 Christopher Rapids Apt. 276, South Susanshire, NC 70593",179589.91,46
1076,Mariah Fisher,"943 Carrie Roads, Murphyborough, AK 67674",149254.29,32
1077,Rachel Walsh,"02191 Wilkinson Trail, Tomfurt, KY 37566",170808.27,39
1078,Joy Dorsey,"26876 Parker Shores, Crawfordport, OK 59198",162127.76,21
1079,Tammy Dyer,"5604 Johnson Lodge, West Leroy, IN 62138",78266.87,59
1080,Kevin Hughes,"277 Daniel Roads Suite 296, West Jamie, UT 49123",50558.6,42
1081,Michelle White,"276 Ronald Freeway, Port Leeport, PW 69250",76261.44,62
1082,Kristin Hudson,"4663 Compton Terrace Suite 434, Kristenport, RI 16401",113778.57,52
1083,Timothy Chapman,"449 Mitchell Ports, Natalieview, AK 69421",163942.69,29
1084,Sara Lyons,"95862 Cummings Forge, Coryburgh, CT 01546",158403.66,50
1085,Dr. Jill Brown MD,"5485 Justin Station, Woodfort, AS 77257",74561.38,28
1086,Richard Johnson,"9646 Eddie Ridge Apt. 900, Lake Nancy, CT 18374",82949.19,50
1087,Christina Shields,"8963 Aguilar Road Suite 086, New Chelsealand, KS 93013",129001.37,32
1088,Edwin Green,"11388 Williams Ford Suite 236, Lake Joyce, AZ 33093",37042.21,42
1089,Jim White,"43796 Harrington Plains, North Andreamouth, VT 93279",149661.31,57
1090,Laura Ramirez,"17741 Baker Camp, Jaredmouth, AR 20838",132788.17,33
1091,Riley Davenport,"USNS Martin, FPO AP 80389",60446.76,61
1092,Jennifer Morgan,"233 Abigail Drives Apt. 020, West Richard, CT 28750",165071.2,48
1093,Adam Johnson,"7116 Diaz Via Apt. 762, Lynchstad, WV 41813",109715.7,26
1094,Paul Thompson,"12398 Cabrera Extension, North Jay, VT 17777",93120.82,27
1095,Joshua Ellis,"USS Davis, FPO AP 21871",61793.27,29
1096,Mary Anderson,"76487 Marie Mountains Suite 546, New Kristinburgh, KS 07060",104230.84,36
1097,Mark Perez,"72581 Eric Rapid Apt. 956, Changport, VT 33887",35990.37,45
1098,Misty Hernandez,"379 Laura Courts, North Christopher, AR 16128",69150.58,38
1099,Tracy Williams,"901 Wyatt Wall Suite 403, West Dale, RI 81405",173335.05,40
1100,Henry George,"1222 Dougherty Summit, Johnside, NH 24328",119456.81,57
1101,Isaac Roberts,"65496 Regina Streets Apt. 833, Kellymouth, FM 02928",36658.18,62
1102,Ryan Porter,"47020 Austin Lane Suite 195, Port Evelyn, NM 34236",87135.05,36
1103,Stephanie Sanders,"95634 Shaun Parks, Floresburgh, GA 47515",44008.03,28
1104,Alicia Miller,"92059 Edward Heights, North Marcuschester, IL 06011",102482.27,31
1105,Evan Todd,"63726 Margaret Stream Suite 206, Jonesview, RI 67920",93785.41,53
1106,Michael Morgan,"80049 Janet Estate, Port Dawnburgh, PR 20402",168850.37,40
1107,Ronald Casey,"158 Molly Plains Suite 876, Patriciaville, WV 76896",135092.1,61
1108,Gabriel Hawkins,"2006 Ashley Parkway Suite 787, Port Lee, MD 97068",167838.91,39
1109,Margaret Campbell,"196 Jeff Shoals Apt. 192, Stokesburgh, CA 25838",88293.87,35
1110,Eric Brown,"314 Pace Port Apt. 179, Hernandezchester, OR 80377",66773.65,29
1111,Lisa Johnston,"318 Brian Wells, Hendersontown, WA 90703",104336.38,50
1112,Michelle Brown,"285 Amy Field, North Marcton, MD 24023",143421.55,59
1113,Stephen Nolan,"8269 Donna Port, North Shannonside, UT 57149",89175.6,65
1114,Jim Graham,"83896 Jason Orchard, Mcculloughland, NY 44570",114639,51
1115,Sophia Richmond,"PSC 6267, Box 1368, APO AA 14743",144815.83,63
1116,Benjamin Moore,"39218 Michael Ferry, Mclaughlinland, NC 63005",154712.51,36
1117,Todd Doyle,"7610 Campos Stream Suite 920, Port Destinyview, IA 10339",133649.58,59
1118,Julie Wallace,"159 Riley Place Apt. 845, Thompsontown, VT 96430",161604.58,26
1119,James Richardson,"USCGC Ferguson, FPO AE 80669",111198.47,54
1120,Laura Davis,"9899 Matthew Fork, Emilytown, WV 58741",137046.09,25
1121,Stacie Riley,"7296 Garza Hollow Apt. 799, Washingtonside, AL 73016",168000.48,28
1122,Joyce Parks,"994 Hill Pass Apt. 984, South Stevenport, MP 60575",43954.92,56
1123,Lori Clark,"4980 Roberts Branch, Lake Danielle, AS 52208",165918.78,33
1124,Erin Jackson,"62706 Roberts Rapids, North Maryburgh, KY 70577",118041.74,30
1125,Heather Garcia,"057 Estrada Plains, New Brooke, NJ 34830",58857.89,54
1126,Natasha Rodriguez,"27500 Jason Springs, Jenniferfurt, CT 78118",99066.88,64
1127,Paula Kelly,"4184 Margaret Plains Suite 679, New Kathleentown, SD 16008",64783.22,58
1128,Candice Humphrey,"36510 Joseph Hill, Stephanieview, DC 79334",105880.06,53
1129,Amanda Webb,"652 Case Lane Apt. 215, Cherylchester, VI 63112",99594.99,24
1130,Timothy Tate,"90533 Gonzales Burgs, Victorfort, MH 51461",100747.68,53
1131,Dylan Floyd,"652 Melanie Viaduct, New Jeffrey, AL 64608",95236.56,57
1132,Tracy Roberts,"29003 Anderson Ferry, Port Carlosfort, IA 84399",43371.83,50
1133,Wayne Simpson,"839 Peters Station Suite 852, New Elizabeth, GA 89796",132551.32,40
1134,Brenda Villarreal,"575 Shane Centers, Sabrinahaven, PR 83958",139875.61,46
1135,Eric Davis,"7353 Barton Hills Suite 841, Wilsonshire, ME 92556",71896.3,21
1136,Laura Gonzalez,"53788 Jeffrey Crossing, South Christopher, WY 09498",143141.65,58
1137,Cynthia Newman,"PSC 2608, Box 7882, APO AP 09455",45589.28,48
1138,Christopher Daniels,"625 Lawrence Crossing Suite 465, West Jessica, NJ 67591",84956.69,25
1139,Jose Boyer,"44671 Ramos Lane Apt. 969, West Jeffreyfurt, DC 77526",113468.71,24
1140,Dawn Bennett,"0999 Hannah Creek Apt. 898, Timothyshire, AK 70138",170514.51,25
1141,Sandra Sutton,"189 Alvarado Highway, Georgeport, MS 36799",177989.9,51
1142,Kayla Black,"572 Colon Overpass Suite 958, New Judy, MP 78139",39601.56,47
1143,Charles Alexander,"48839 Roach Mountain, West Karenhaven, ME 34932",61097.29,29
1144,Rita Tyler,"7286 Christopher Stream, Lake Anthony, NC 66401",146045.01,62
1145,Jeffrey Herrera,"781 Landry Junction, Port Andrewshire, SC 22380",174748.47,44
1146,Jill Ray,"669 Jeffrey Turnpike, Christophermouth, WA 66638",178964.21,45
1147,Alicia Bowen,"USS Mack, FPO AP 42236",100037.88,45
1148,Michael Smith,"391 John Walks, Port Ashley, NJ 40789",89468.6,64
1149,Sean Bailey,"90858 Melissa Stravenue Apt. 045, East Kevinmouth, IL 52990",174800.93,55
1150,Greg Terry,"66271 Hannah Pass Suite 933, Johnton, VT 01433",54283.52,43
1151,Kimberly Cantrell,"Unit 6154 Box 7315, DPO AA 49728",52201.81,55
1152,John Lopez,"64369 Donna Villages, South Todd, NH 04193",91993.5,29
1153,Kimberly Fisher,"0534 Adriana Lane Suite 416, North Patriciamouth, MD 83680",140539.43,35
1154,Frances Brennan,"4051 Jacob Points Apt. 273, West Douglaschester, IL 55842",156049.13,22
1155,Scott Brennan,"471 Brittany Underpass Apt. 096, South Tylerview, UT 99613",176881.15,50
1156,Mary Lawson,"Unit 0922 Box 8849, DPO AP 60052",132657.48,55
1157,Shelby Webster,"8727 Shawn Flat, Lake Tammyside, OH 16205",96498.56,45
1158,Nina Combs,"43988 William Ford, Ramosstad, NY 29657",154387.26,36
1159,Cindy Campbell,"1309 Cindy Creek, Jameschester, AK 24918",101790.67,30
1160,Jennifer Bailey,"1231 Jennifer Knolls, Murraytown, KY 99848",74969.21,28
1161,Alejandro Zimmerman,"93245 Mary Row Apt. 097, Coreyberg, FL 98890",39671.51,63
1162,Tristan Johnson,"64963 Gregory Common Suite 422, Alexisborough, HI 55448",95789.89,22
1163,Joseph Howell,"8616 Brent Bridge Apt. 867, North Sarah, FL 05107",69896.61,25
1164,George Sparks,"219 Gonzalez Plains Apt. 057, Jacobstown, AR 13055",49630.02,23
1165,Chad Moses MD,"97130 Jackson Course Apt. 386, Lake Williamland, SD 51599",99733.95,64
1166,Cody Johnson PhD,"617 Ashley Plaza Apt. 707, Kirkchester, AR 19467",136976.51,24
1167,Olivia Carter,"52160 Matthew Forest, Karinaberg, VA 87574",70486.45,23
1168,Lauren Torres,"69032 May Knoll Suite 132, Ortizmouth, PA 39836",93328.48,35
1169,Allison Arellano,"598 Rodriguez Camp Apt. 119, West Stephanieside, OR 12417",113265.17,24
1170,Jeffrey Gilmore,"Unit 4986 Box 4786, DPO AP 88904",55319.66,39
1171,Daniel Gray,"844 Green Pass, South Lori, OH 12110",68953.42,57
1172,Ashley Johnson,"64006 Phillip Stream, Port James, MD 30708",81241.04,59
1173,Derrick Kim,"213 Flores Meadows, East Jennifer, AL 22543",147018.04,41
1174,Christopher Paul,"55033 Bruce Brook, Wrightport, WA 94127",69351.09,30
1175,Jody Wheeler DDS,"41600 Patrick Terrace, Port Jimmy, TX 65312",177925.86,54
1176,Jesus Decker,"906 Amber Street Suite 481, Castilloview, MS 32606",67051.2,40
1177,Alexander Carlson,"336 Pamela Stream Apt. 711, West Christopherside, SD 48916",74897.32,56
1178,Erin Thomas,"03401 Harris Track Apt. 466, South Marcshire, PA 78781",172535.44,32
1179,Kevin Padilla,"2010 Joseph Row Apt. 281, East Denise, NY 59055",125769,48
1180,Pamela Donaldson,"08581 Baker Islands Apt. 735, South Larry, IN 45647",115598.35,24
1181,Alicia Phillips MD,"518 Glenda Cliff, Port Crystal, MD 45845",175982.08,62
1182,Donna Cline,"79230 Simmons Burg, North Davidbury, NC 19286",132344.67,54
1183,Allen Cummings,"29615 David Shoal, Staceystad, AL 65743",81216.5,47
1184,Jessica Nguyen,"USNV Collins, FPO AP 06530",94197.58,40
1185,Elizabeth Thompson,"3460 Christy Isle Apt. 057, Lake Kyle, PR 20017",89586.73,55
1186,Gregory Woodward,"225 Kara Crossroad Suite 267, New Philipchester, VT 51281",103660.23,35
1187,Tara Logan,"USNS Hill, FPO AE 81949",78606.78,30
1188,Stacey Ortiz,"477 Eileen Prairie Apt. 350, South Theresaville, AS 67381",151837.54,24
1189,Keith Holder,"Unit 2354 Box 3404, DPO AP 55456",116545.96,47
1190,Nicole Kelley,"USNS Miller, FPO AP 57232",115806.58,29
1191,Lindsey Potter,"206 Owen Row Apt. 119, Schroederside, OH 11027",91320.76,37
1192,Julie Smith,"3594 Jennifer Pines, Brendachester, ND 03541",64483.83,62
1193,Jennifer Cline MD,"21254 Diana Harbors, Port Jessicabury, VI 04342",46465.21,49
1194,James Collins,"37218 Brown Centers Apt. 203, New Seanshire, RI 79719",157834.34,26
1195,Amber Davis,"47131 Adkins Radial, Gillside, MT 06476",112667.15,33
1196,Ashley Mccoy,"9084 Bonnie Haven, Underwoodmouth, VI 48297",42472.81,45
1197,Lori Jones,"USNV Walker, FPO AP 22212",132682.43,59
1198,Alison Livingston,"072 George Centers Apt. 716, South Anthonyhaven, DE 81184",40734.4,25
1199,Ruben Anderson,"7718 Todd Villages Apt. 076, North Ianport, OH 02457",62283.68,58
1200,Michelle Diaz,"24432 Nancy Ferry, Port David, OR 05488",140024.26,56
1201,Janice Caldwell,"4670 Owen Springs Suite 169, East Belindastad, UT 98617",66467.4,34
1202,Terri Davis,"4261 Timothy Branch, East Michael, GU 85537",161073.71,42
1203,Deanna Casey,"198 Becky Heights, Wesleybury, AK 01840",78962.26,21
1204,Brian Coleman,"53021 Buck Lane, Cortezside, MS 92026",65712.13,33
1205,Micheal Sanchez,"48110 Smith Crest Suite 764, South William, AS 77205",174501.25,28
1206,Savannah Martinez,"1281 Velez Isle Apt. 239, Kathyfort, NY 13406",143297.49,51
1207,David Bennett,"USS Farmer, FPO AP 61037",167593.99,65
1208,Nicholas Smith,"5467 Thomas Knolls Apt. 710, Harrishaven, NH 16557",122638.22,34
1209,Robert Fischer,"0317 Parker Forks, Port Jacobmouth, LA 10055",92511.65,36
1210,Kathy Nguyen,"0292 Green Terrace, Jenningsfurt, FL 59597",115051.5,39
1211,Jose Evans,"4207 Vega Divide Suite 135, Lake Amy, PW 53046",90195.95,55
1212,Michael Howard,"879 Richard Skyway Apt. 488, Garzabury, HI 08042",129064.59,40
1213,Penny Waters,"89273 Harmon Islands Suite 640, Jamesmouth, MT 59513",72926.44,53
1214,John Larson,"4261 John Tunnel Suite 227, Port Richard, MP 17571",163007.73,50
1215,Daniel Brown,"1117 Curtis Overpass, Lawsonfort, CT 55935",49298.19,51
1216,Richard Moore,"44869 Antonio Extensions Apt. 690, New Melissa, HI 25035",145436.2,41
1217,Christopher Gutierrez,"USS Davis, FPO AA 24668",167577.92,44
1218,Debra Poole,"77031 Bradshaw Mission, West Ginaton, LA 76955",80373.69,23
1219,Cody Conley,"9317 Anna Tunnel Suite 638, New Jeffreyshire, AZ 97682",116566.09,35
1220,Timothy Green,"985 Holly Forges Apt. 272, Whiteland, GA 75551",142481.59,22
1221,James Bailey,"26676 Holloway Motorway Apt. 845, New Tracy, RI 98663",72812.25,58
1222,Jacqueline Chavez,"0675 Mathis Brooks Apt. 080, New Susanburgh, PA 06590",118975.72,47
1223,Raymond Strong,"90448 Brenda Extensions Apt. 533, East Adam, GA 32571",77802.88,33
1224,Andrew Pacheco,"PSC 5501, Box 9354, APO AA 94599",82830.47,45
1225,Amanda Wyatt,"393 James Estates Suite 362, Andersonside, AK 45959",117619.48,36
1226,Natalie Cooke,"4129 Sean Isle, Edwardsberg, AR 15954",107398.71,62
1227,Walter Morales,"9542 Rebecca Lights Apt. 941, South Matthew, WY 13318",171802.36,42
1228,Catherine Griffin,"5362 Wyatt Harbor, Floreshaven, SC 52751",72312.38,52
1229,Brian Bullock,"73009 Donna Place Suite 524, East Gabrielville, CA 46878",175143.7,62
1230,Shannon Gomez,"21914 Elizabeth Causeway Suite 797, West Steven, DC 49569",142241.14,50
1231,Danielle Anderson,"Unit 8834 Box 5819, DPO AE 96963",59393.88,43
1232,Adrienne Ingram,"7693 Nicole Throughway, New Brittany, OH 56861",59543.53,55
1233,Hunter Williamson,"8464 Nicole Isle Suite 883, Port Malik, NE 93640",105805.87,55
1234,Brandy Kramer,"7292 Torres Forge Suite 519, Jacksonburgh, HI 24561",178596.91,24
1235,Alexa Rodriguez,"47286 Brianna Glen Apt. 012, East Sandra, CO 38180",110971.94,25
1236,Carrie Smith,"2702 Ross Greens Suite 095, Leeland, NJ 37861",172052.28,63
1237,Alicia Hall,"335 Amber Fall, East Kenneth, NH 12775",42034.59,21
1238,Kevin Reyes,"0827 Hopkins Islands, Campbellville, TX 98590",94796.87,61
1239,Ryan Wells,"4385 Alexis Islands, South Glenn, KY 56030",68557.84,30
1240,Ronald Hopkins,"36109 Campbell Course, Evansborough, VT 13495",36325.51,53
1241,Donald Montoya,"2776 Woods Manor, South Micheleborough, WY 33401",101121.4,24
1242,Catherine Villegas,"75518 Smith Corners Suite 999, East Kevin, HI 05898",124586.11,63
1243,Donna Robinson,"72345 Norman Underpass Apt. 869, Shanetown, GA 47547",170416.04,51
1244,Patricia Wood,"8904 Thompson Path, Grossview, CA 86069",130596.23,22
1245,Tyler Larson,"574 Christopher Stream Suite 359, Port Laurenshire, WI 29385",35958.79,56
1246,Billy Powers,"614 Stanley Pike Suite 437, South Jessicaland, ND 99125",94644.08,22
1247,Matthew Chase,"7263 Tran Valleys Apt. 541, Lisashire, AZ 08340",111765.56,38
1248,John Dominguez,"84507 Smith Freeway, Robertchester, AZ 44732",112682.02,39
1249,Crystal Wright,"833 Randy Rue Suite 306, Haynesville, OH 18279",37485.68,65
1250,Clifford Jenkins,"90878 Murphy Parkway Suite 906, Waltonshire, MT 27285",132734.78,32
1251,Robert Horton,"0550 Duncan Dam Apt. 704, Hubbardland, ND 53122",50517.38,27
1252,Jessica Russell,"62907 Sherry Prairie, Port Mary, MP 81203",111035.88,36
1253,Zachary Velasquez,"USCGC Wilson, FPO AE 55378",62830.15,54
1254,Tracy Hammond,"1708 Short Inlet, Georgeshire, LA 21175",71600.64,43
1255,Mitchell Garza,"35490 Justin Trail, Colefurt, PA 24045",73762.09,46
1256,Gerald Ryan,"9824 Anna Passage Suite 302, South Jennyville, MT 62298",46457.79,46
1257,Tammy Hughes,"315 Dakota Run Suite 928, West Aaronmouth, WI 06580",101554.67,36
1258,Anthony George,"70308 Zachary Way Apt. 726, New Gabriel, MT 72625",178583.79,35
1259,Sergio Phillips,"07288 Bean Ferry Suite 411, Fernandezchester, OR 90340",78496.32,26
1260,Kyle Kline,"6620 Alyssa Ville, East Colleenmouth, AR 83810",129791.68,62
1261,Casey Livingston,"4359 Mccoy Ferry Suite 587, North Gregoryport, AS 87260",145139.95,26
1262,Brenda Martin,"9091 Summer Mount, Johnburgh, OH 35400",93765.35,45
1263,Jennifer Velasquez,"670 Samantha Hill, South Lucas, PR 90902",115141.71,24
1264,Harold Walker,"187 Maxwell Harbors Apt. 364, North Michael, VT 75206",127328.47,65
1265,Jonathan Holmes,"2323 Johnson Lodge Suite 998, Campbellland, DC 49368",59850.62,52
1266,Latasha Washington,"PSC 2204, Box 2986, APO AE 22230",157572.82,62
1267,Kristy Anderson,"79962 Patricia Lane Apt. 998, East Malik, OH 96813",148734.57,57
1268,William Hawkins,"9256 Kevin Gateway Suite 820, Paulabury, CT 43410",176712.74,27
1269,Joseph Lopez,"26000 Keith Causeway, Spearsberg, MP 81364",164744.73,23
1270,Terri Frye,"49134 Alvin Path, Morrisside, NJ 17854",68316.14,65
1271,Louis Graham,"2240 Oliver Station Apt. 082, West Marie, AK 75241",163695.37,51
1272,Wendy Patterson,"USS Dean, FPO AA 73730",74308.78,25
1273,Jennifer Sexton,"568 Natasha Corner, Hopkinsbury, SC 00865",134242.17,38
1274,Jason Garcia,"2404 Laura Inlet Suite 412, Jeremiahland, TN 25951",165400.19,57
1275,Mr. Samuel Davis,"3217 Brown Manor Apt. 920, Lake Matthew, RI 98046",130425.84,32
1276,Linda Jones,"37034 Lisa Walk Suite 474, Port Josephchester, AK 58687",169671.12,41
1277,Kimberly Cline,"07651 Kristin Roads Apt. 851, Nealburgh, VI 71045",37270.42,34
1278,Angela Bell,"91858 Maxwell Plains Apt. 157, Josephfurt, TN 48439",120120.24,46
1279,Melvin Weeks,"0040 Patricia Unions Apt. 454, New Joshuatown, WV 33091",169686.87,40
1280,Rachel Gardner,"396 Mack Trafficway, East Willieside, OH 52843",58555.29,36
1281,Diana Stanton,"802 Morris Rest Suite 164, Fletcherborough, VI 27203",117170.91,45
1282,Grace Butler,"744 Wesley Parkways, Port Kaylachester, NM 06080",133170.07,55
1283,Traci Hansen,"Unit 0920 Box 1991, DPO AP 95251",83100.83,29
1284,Lori Werner,"32661 Matthew Harbor, Annmouth, GA 52843",149622.22,65
1285,Matthew Rodriguez,"7220 Perez Mountains, South Thomasview, MN 93715",140003.72,53
1286,John Wolfe,"317 Keith Summit, Port Christinamouth, VA 32466",143091.2,43
1287,Jennifer Sparks,"62359 Livingston Lakes Apt. 026, Lake Amandatown, DC 49518",42785.98,48
1288,Mr. Jerry Robinson,"50630 Foster Mews Apt. 502, Lake Cynthiaview, MP 01551",68660.88,25
1289,Laurie Smith,"120 Danielle Divide, Derekview, MA 21220",84385.95,60
1290,Pamela Stevens,"953 Autumn Views Apt. 600, Williamsmouth, MI 65119",173454.47,46
1291,Mary Scott,"54894 Frost Fork, North Angelaside, DE 94658",175493.48,41
1292,Jean Soto,"5662 Carla Spur Suite 217, Williamschester, MS 02083",39295.72,38
1293,Robert Garcia,"8607 Kenneth Way, Port Robert, PW 53729",148614.48,49
1294,Craig Marsh,"15301 Hall Stream Apt. 671, Rodneystad, NC 58177",106137.5,43
1295,Jacqueline White,"95479 Brown Lane, Jessicastad, IL 13224",115190.47,45
1296,Erica Mcmillan,"PSC 9057, Box 1918, APO AP 75943",97617.95,64
1297,Jessica Manning,"365 Mcclure Plaza Apt. 359, Bakerside, NH 52403",119951.89,45
1298,Adriana Parks,"77184 Melissa Valley, New Jacobtown, PA 47671",47425.65,60
1299,David Lopez,"23964 Williams Ways Apt. 532, Donovanmouth, MS 81413",77830.02,36
1300,Marissa Green,"238 Pearson Cape, East Gina, AK 75897",138400.74,26
1301,Michael Smith,"28442 Suzanne Park, New Brittanyberg, FM 80206",73855.94,45
1302,Michael Rivera,"4526 Robin Mills, Samuelland, ID 72736",138193.19,61
1303,Becky Smith,"32262 Trevor Mountain Suite 331, Tannerhaven, UT 04927",57370.15,45
1304,Jennifer Evans,"38503 Salinas Isle Suite 298, Derekport, CO 95911",80918.34,27
1305,Margaret Moody,"74067 Hunter Meadow, Fisherstad, OK 00818",48270.46,40
1306,Jessica Moore,"638 Walters Underpass, Wareview, MT 96043",99486.7,38
1307,Kenneth Adams,"83997 Wilkinson Rapid, West Carolhaven, NE 05007",49823.56,26
1308,Lisa Edwards,"326 Phillips Crossroad Apt. 394, Garciaville, GA 94689",62171.81,49
1309,Michele Gilmore,"159 Hart Junction, West Allen, UT 10099",115762.83,53
1310,Jerry Figueroa,"Unit 2239 Box 8474, DPO AE 83990",94166.41,22
1311,James Murray,"88822 Shannon Row Suite 058, Carloshaven, AR 50887",47994.73,56
1312,Victoria Gonzalez,"4799 Myers Terrace Suite 867, Ashleyfurt, ID 89403",48494.32,59
1313,Tricia Chase,"36108 Audrey Divide Suite 166, North Corey, MD 47205",148743.62,45
1314,Morgan Cohen,"7865 Walton Knolls Suite 512, Thomasview, AL 01398",36789.39,47
1315,Joseph Morgan,"240 Jones Light Suite 451, East Patricia, VI 40155",91230.94,26
1316,Randy Chapman,"23386 Smith Trail Apt. 570, South Andrewbury, MT 25927",140102.36,56
1317,Marcus Patrick,"602 Laura Isle, New Cherylside, IN 04485",166255.1,36
1318,Dr. Diana Jones,"619 Carlson Ways, Taylorview, MA 20536",117934.26,31
1319,Ashley Cox,"5073 Molina Lane, Evanshaven, AL 75610",134370.82,31
1320,Mark Ashley,"9802 Smith Stravenue, Josephton, AS 31075",55131.81,40
1321,Heather Moreno,"Unit 2584 Box 9073, DPO AA 20629",73918.99,30
1322,Brent Manning,"8675 Sosa Crescent Suite 186, Victoriahaven, VA 21337",44173.74,48
1323,Jonathan Fischer,"868 Rodriguez Manor Apt. 332, Johnsonstad, VA 72411",75014.47,40
1324,Marcus Ramirez,"8317 Holly Lights Suite 293, West Christopherhaven, MH 12340",105213.54,25
1325,Jonathan Phillips,"5946 Sarah Drives Apt. 272, Lake Thomas, NV 82378",87363.11,36
1326,Lauren Hooper,"9006 Holloway Well, Brownside, KY 61582",139530.42,52
1327,Ms. Michele Jones,"5539 Vanessa Wells Apt. 737, West Brandymouth, NM 79475",121101.93,33
1328,Kevin Wood,"Unit 6268 Box 3848, DPO AP 58604",101389.94,29
1329,Joseph Callahan,"USCGC Ross, FPO AE 31669",79175.41,46
1330,Melanie White,"USS Chen, FPO AA 97261",83171.5,60
1331,Shawn Payne,"182 Deborah Overpass Apt. 669, Port Davidmouth, OR 17796",90084.04,42
1332,Richard Lawrence,"48649 Morse Gardens, Bradleyfort, MD 60825",98832.32,48
1333,Jennifer Stone,"55707 Young Courts, Port Linda, MH 29077",153243.94,62
1334,Gary Chen,"0521 Williamson Spring Apt. 844, Bradleystad, NY 70938",176262.68,29
1335,Wesley Collins,"12350 Richard Mills Apt. 568, Lake Benjaminmouth, FM 59527",78563.12,59
1336,Kimberly Russo,"456 Baker Mountains Suite 036, Mckaytown, CA 57124",172355.44,33
1337,Chad Flores,"315 Diaz Squares Apt. 927, North William, OH 97892",104456.41,32
1338,Andrew Cunningham,"423 Gregory Course Suite 518, Courtneyview, ND 32933",174863.32,41
1339,Rebecca Johnson,"4674 Thompson Crossing, Juliashire, MI 71905",77259.98,65
1340,Bradley Burton,"1705 Stacy Expressway, New Elizabethfurt, OK 72828",126770.86,57
1341,Roy Mitchell,"Unit 3447 Box 6094, DPO AP 27160",148386.28,41
1342,Rita Roberts,"286 Beck Garden, Port Sarah, AS 20366",89528.02,46
1343,Samuel Bailey,"USS Andrews, FPO AP 77196",87927.25,57
1344,Robert Wilson,"7719 Fritz Loop Suite 102, Juliebury, KY 23293",63971.01,55
1345,Tammy Taylor,"34998 Charles Fords, Stantonside, IN 55679",61089.45,56
1346,Luis Smith MD,"2446 Joshua Burg, East John, PR 46436",38902.84,50
1347,Eric Foster,"60186 Tracy Crossroad Suite 319, Jillfurt, MH 80761",171731.36,34
1348,Heather Chang,"764 Kenneth Cape Apt. 385, East Juliamouth, MA 08830",98575.97,39
1349,Veronica Decker,"4867 Henry Plain Apt. 904, Fischerbury, CA 33621",155535.86,25
1350,Desiree Simon,"749 Eduardo Course Apt. 497, Lawrencemouth, IL 08827",153750.01,47
1351,Michael Roberts,"77661 Brett Pines Suite 800, Lake Heatherfort, IA 11743",132581.76,29
1352,Kevin Nguyen,"USNV Perez, FPO AA 70606",126833.73,36
1353,Mark Landry,"710 Mccoy Island, Turnermouth, WV 60026",71638.84,30
1354,Jennifer Kelley,"9331 Mcmahon Fall, North Richard, AR 24708",138709.28,45
1355,Cody Shaw,"052 Keith Court Apt. 420, Ortizton, CT 41793",45724.94,59
1356,Francisco Chapman,"6338 David Walk, West Benjamin, MD 30923",104489.03,46
1357,Laurie Lopez,"2019 Melissa Crescent Apt. 484, East Barbara, ID 30362",112483.27,65
1358,Heidi Holmes,"USS Hogan, FPO AE 32385",95653.6,23
1359,Dawn Collier,"2342 Evans Unions Suite 976, East Josephhaven, NE 56783",149654.53,44
1360,Christopher Brown,"67734 Thompson Mountains Apt. 561, Haleyfurt, MO 49119",136736.97,55
1361,Kristine Jones,"53809 Butler Cove Suite 753, South Melinda, UT 49111",121103.89,26
1362,Shawn Waters,"USCGC Hamilton, FPO AA 87915",50858.57,36
1363,Daniel Carpenter,"98532 Harris Station Suite 792, Dakotafort, CO 21033",130352.24,43
1364,Sharon Wolfe,"835 Lewis Shoals, Robertmouth, NY 98684",59119.08,60
1365,Michael Johnson,"824 Lawrence Freeway Apt. 615, Lake Stacey, CO 13805",41423.02,62
1366,Richard Rios,"30737 Noah Mountains, Port Maria, AL 13007",133233.42,46
1367,Louis Olsen,"USS Peters, FPO AE 51173",175187.61,42
1368,Laura Wilson,"Unit 4639 Box 4762, DPO AA 84707",175028.93,48
1369,Charles Lane,"4563 Carla Mount, Lake Sarah, VI 77654",50361.96,27
1370,Elizabeth Lewis,"112 Park Lights Suite 971, Hayestown, MT 89882",72517.06,53
1371,Courtney Murphy,"61259 Daniel Trail, New Carolyn, VA 77191",143293.69,56
1372,Paul Lee,"76734 Juan Views Suite 101, Snyderborough, AZ 10188",119175.15,57
1373,Susan Davis MD,"Unit 9910 Box 0420, DPO AE 69921",67049.6,44
1374,Sierra Castaneda,"PSC 6801, Box 9903, APO AA 19425",91714.45,64
1375,Ryan Gonzalez,"8420 Luis Club Suite 079, South Maryshire, CT 27424",120345.54,53
1376,Janet Miller,"171 Natalie Tunnel, New Evelyntown, DC 40275",56858.02,22
1377,Maureen Smith,"Unit 8814 Box 1128, DPO AA 83338",105001.81,39
1378,Chad Washington,"7857 Phillips Meadow, New Charles, OH 10946",95316.44,26
1379,Mark Turner,"Unit 6194 Box 2321, DPO AA 37720",51830.05,30
1380,Angela Young,"PSC 3506, Box 9626, APO AE 53784",85507.65,42
1381,Robin Rogers,"Unit 2741 Box 0254, DPO AA 94959",101023.23,34
1382,Taylor Owens,"856 Munoz Parkways Apt. 005, New Veronicamouth, NE 59669",110561.65,43
1383,Matthew Morales,"27172 Powell Trace Suite 650, Patricktown, NJ 03457",104043.57,49
1384,Angela Trevino,"30686 Jorge Turnpike Suite 100, Ortizton, TX 36145",139689.12,49
1385,Regina Garcia MD,"2381 Michael Turnpike Apt. 232, East Gregory, FL 37713",81241.87,40
1386,Donald Murphy,"9994 Aaron Course, Lake Karenview, NV 79844",41479.04,28
1387,Crystal Wu,"50535 Pennington Expressway, Port Adrian, NE 38415",38274.84,42
1388,Michael Ortega,"USS George, FPO AA 69207",128955.64,64
1389,Cameron Fernandez,"1945 Kevin Ridge, Monicaberg, WY 67418",151007.27,36
1390,Anna Rios,"4280 Christopher Pass Apt. 063, Tylerside, SD 93610",109819.12,56
1391,Megan Perez,"213 King Garden, Carlsontown, MD 44008",58219.68,56
1392,Tina Melendez,"084 Barbara Street Apt. 696, Lake Kennethberg, NC 80158",96823.56,50
1393,Jessica Bennett,"6733 Avila Landing Suite 016, Douglaschester, CO 29686",68619.05,46
1394,Justin Evans,"PSC 0253, Box 0843, APO AA 95251",126315.25,32
1395,Louis Bowman,"4772 Lang Valleys Apt. 842, Lake Donald, KS 23321",127869.44,48
1396,Jose Wang,"241 Peterson Well Suite 915, Leslieport, PR 77172",92359.44,60
1397,Janet Flowers,"24257 John Track Apt. 329, Emmaport, MI 24262",163049.12,49
1398,Sarah Morris,"630 Smith Village, New Ryan, HI 90961",120869.46,45
1399,Ann Moore,"220 Miller Mountain, North Michael, IA 77878",35645.26,34
1400,Jared Munoz,"3250 David Fort, New Brandon, ND 47463",64838.75,25
1401,Chris Butler,"93335 Tracy Oval, New Bryanton, SD 03342",118715.45,55
1402,Kevin Peterson,"56471 Gomez Rapid, Aaronmouth, OR 81981",62109.18,41
1403,Brenda Smith,"323 Suzanne Run Suite 781, Martinport, NV 96696",63575.77,28
1404,David Smith,"3911 Dickson Meadow Suite 650, Gregoryfort, SD 55300",73041.24,52
1405,Alexander Johnston,"8061 Eric Gardens Apt. 167, Johnsonfort, SC 56544",111518.68,61
1406,David Hernandez,"592 Misty Lane, Deborahstad, MT 29424",80443.6,45
1407,Angela Mitchell,"00037 Mejia Gardens Apt. 313, West Samuel, PA 86838",123639.72,58
1408,Sarah James,"417 Laurie Parks Suite 591, Paulahaven, DC 05906",51563.65,43
1409,Richard Contreras,"2664 Ryan Way Apt. 512, Whiteview, MD 45776",157600.08,60
1410,Robert Wright,"USNV Chambers, FPO AA 98984",60016.49,64
1411,John Jenkins,"622 Olsen Ports Suite 510, Richardberg, MD 01262",137368.31,40
1412,Lauren Arellano,"512 Michelle Trafficway Apt. 767, New Shirley, WA 42388",168208.97,58
1413,Lisa Silva,"12914 Melton Shoals Suite 022, West Patricia, NH 72604",47289.04,29
1414,Miss Sarah Barnett,"7972 Wilson Pike Suite 070, East Debra, NC 18058",80411.93,36
1415,Jesse Becker,"USNS Schroeder, FPO AE 58789",79280.1,32
1416,Shirley Steele,"PSC 4516, Box 7670, APO AA 26339",89129.38,30
1417,Daniel Taylor,"01122 Lorraine Ville Apt. 848, Davidview, WI 71691",109069.61,47
1418,Willie Lewis,"82896 Cummings Route Apt. 360, Danielleview, PA 37992",121481.74,57
1419,Sherri Greene,"4901 Dustin Road Suite 193, Brendantown, CA 14693",90637.94,32
1420,Dorothy Rodriguez,"038 Justin Route, North Juanview, IA 08873",105567.18,55
1421,James Hicks,"3814 Thomas Mount, Michaelton, ID 06014",135547.77,62
1422,Alexandra Weeks,"4717 Dunn Camp Apt. 902, Tylerville, MO 79971",169950.77,32
1423,Kristin Warner,"1158 Coleman Union, Rodriguezshire, OK 62107",115462.32,52
1424,Janice Kelly,"326 Thomas Canyon, Michellemouth, ND 27682",76881.04,32
1425,David Schneider,"5728 Wright Garden Apt. 998, West Erik, MO 86937",80614.1,49
1426,John Frank,"58466 Jacobs Fords, Port Nancyborough, AL 20374",124814.45,43
1427,Glenda Moore,"6698 Jonathan Cliff, Lisaton, GA 42435",173017.08,52
1428,Joseph Harding,"87308 Martinez Stravenue, Lake Stephenbury, OH 94220",54797.53,45
1429,Tiffany Leon,"84252 Delgado Loaf, North Kimberly, AR 01630",174755.22,53
1430,Bradley Jones,"34473 Michael Shoals Suite 771, Michaelshire, OR 83193",129695.12,47
1431,James Mckinney,"7640 Warren Freeway Apt. 440, New Jenniferberg, GA 37404",134281.02,47
1432,Victoria James,"9322 Bethany Trace, Johntown, NH 03286",137970.64,49
1433,Dustin Powers,"7911 Johnson Squares, North Chadberg, MT 01669",105861.43,26
1434,Andrew Morales,"475 Boyer Walk, East Lucas, NY 66088",116982.68,35
1435,Heather Kline,"9679 Loretta Lights, Lake William, MT 83544",77353.04,38
1436,Drew Decker,"17266 Thomas Path, West Philip, MA 35086",67602.3,39
1437,Leslie Jackson,"0002 Amy Shores, North Kevinfurt, WY 02790",59390.3,50
1438,Kevin Hansen,"71630 Vanessa Island, Kirkborough, MS 78917",117019.32,52
1439,Sandra Gonzalez,"09089 Cameron Mills, Lake Adamport, PR 70191",114710.3,28
1440,Carrie Schneider,"USNV Hale, FPO AA 08951",118043.54,38
1441,Stanley Greene,"304 Cynthia Mall, Davischester, MO 22834",147391.39,44
1442,Maria Hunt,"68159 Chan Square, Kaylatown, VI 46046",113596.29,23
1443,Connie Holder,"58330 Crawford Flats, Montgomeryport, DC 12908",145200.6,49
1444,Victoria Burgess,"376 Holland Throughway Apt. 676, Vaughnville, NY 65413",114221.22,48
1445,Sergio Martinez,"3688 Johnson Stream, Kochburgh, NH 53128",49850.38,62
1446,Christopher Coleman,"376 Stefanie Viaduct, Garyside, PW 84495",143945.1,40
1447,Stephanie Medina,"9935 Derek Junctions Suite 772, Morrisfort, MS 39348",161847.43,23
1448,Ryan Barr,"0141 Rodriguez Tunnel, Riveraside, OR 25204",100211.19,43
1449,Tiffany Taylor,"USNV Dillon, FPO AA 12666",160018.95,26
1450,Jessica Wong,"600 Ayala Avenue Apt. 449, New Stacie, OH 64893",98665.14,28
1451,Joel Williams,"93011 Matthew Bridge, Lake Williamton, NM 36576",147466.59,36
1452,Paul Johnson,"22336 Lori Roads Apt. 620, Port Stephanieborough, AK 18340",65432.33,58
1453,Rachel Conway,"49753 Landry Street Suite 057, Port Dawnview, ME 51753",134924.37,60
1454,Tonya Richardson,"0687 Michael Hollow Suite 534, Jennyview, MS 86394",126751.74,31
1455,Joshua Herrera,"348 Kristin Points Apt. 586, Port Robert, NM 28790",124341.92,34
1456,James Evans,"77587 Sandra Rest, Johnchester, WI 80465",152961.83,24
1457,Mary Banks,"580 Johnson Stream Suite 505, New Gregoryview, MO 61250",117660.78,55
1458,Rodney Williams,"390 Griffin Streets, Meadowsshire, MD 35843",75757.33,55
1459,Tammy Estrada,"Unit 0380 Box 1625, DPO AP 46528",59414.72,39
1460,Andrew Anderson,"5028 Larry Junctions, North Donald, NH 78701",76953.32,38
1461,Michael Chambers,"9531 Daniel Garden, Barbaraview, VI 22372",173097.62,53
1462,Cody Murray,"625 Heather Pine Suite 738, New Jennifer, MI 46187",177895.8,64
1463,Troy Green,"193 Davis Neck, Mauricestad, MD 99565",153201.23,29
1464,Melissa Hale,"PSC 6272, Box 8167, APO AE 32934",174601.94,47
1465,James Cuevas,"575 Ball Track, Port Ronald, FM 13805",168221.46,38
1466,Jeff Palmer,"2099 Rodney Fort Apt. 963, Port Meganmouth, CA 57625",160721.9,29
1467,Teresa Collins,"998 Samantha Crossroad Suite 731, Port Jason, WY 30536",136706.85,29
1468,Kiara Hawkins,"USNV Shaw, FPO AE 86690",71203.2,41
1469,Christian Thomas,"4502 Kristen Freeway, East Jonathanfort, MN 49139",155129.86,64
1470,John Obrien,"9044 Paula Pike Apt. 436, Jeffreyland, FM 05499",91941.61,30
1471,Savannah Beck,"15062 Stacy Mountain Apt. 651, Lewisburgh, NY 15121",118726.7,38
1472,Brenda Mendez,"92219 Randy Club Suite 737, Stricklandville, WI 04027",126032.86,45
1473,Karl Fleming,"459 Nathaniel Flat Apt. 445, North Lisaburgh, AL 17662",100538.8,61
1474,Jamie Roman,"903 Little Centers Apt. 958, Chavezfurt, AR 31662",150216.8,26
1475,Amber Smith,"6754 Amanda Stream, East Kristina, ND 66690",93413.36,38
1476,Bernard Sanchez,"2105 John Harbors, Brownside, ME 21430",135732.02,44
1477,Brett Nichols,"20831 Mills Stream Suite 360, New Annette, TN 89658",100930.87,52
1478,Todd Mendoza,"078 Wong Meadow Suite 200, West Davidview, UT 94515",82456.95,21
1479,Anthony Wells,"3485 Laura Skyway, Daltonborough, NH 01342",160991.63,26
1480,Angela Rodriguez,"445 Donovan Manor, Thomasfurt, MI 44859",140985.13,50
1481,Brian Lopez,"77188 Brady Vista, Allenstad, MO 14466",127051.88,65
1482,James Calderon,"PSC 7830, Box 5573, APO AA 13404",86942.3,25
1483,Ryan Warren,"23461 Phillips Lock, Thompsonchester, IL 95858",150373.3,46
1484,Edward Frazier,"1421 Lopez Pass Apt. 196, Clarkchester, KS 63310",66585.34,48
1485,David Edwards,"870 Nicholas Points Apt. 004, South Felicia, PW 84478",154602.91,52
1486,Nicholas Vaughn,"229 Donna Expressway Suite 065, West Caleb, PW 35133",73937.84,39
1487,Patrick Jennings,"722 Juan Crossing, North Christopher, DE 59004",83974.5,57
1488,Patricia Shah,"7898 Wall Neck Suite 997, West Evanberg, CT 64769",53936.17,52
1489,Douglas Nash,"8189 Wanda Branch Suite 173, Richardbury, CT 53969",149304.03,64
1490,Brandon Carlson,"Unit 5572 Box 6169, DPO AA 80297",145526.83,23
1491,John Castro,"999 Philip Expressway, North Kathryntown, NM 10575",49438.34,50
1492,Johnny Lopez,"63361 Chase Ridges, Josephton, WV 06452",37360.8,31
1493,Lance Brown,"545 Gordon Junctions, Mckeebury, TX 78842",98986.46,21
1494,Kimberly Rivas,"392 Renee Trail Suite 174, Port Carolineburgh, MD 73593",178816.54,48
1495,Andrea Stevenson,"Unit 4762 Box 1236, DPO AE 16428",64336.14,65
1496,Jennifer Duncan,"38453 Lee Forge Apt. 930, Harperhaven, TN 97085",166864.05,62
1497,Tyler Williams,"9872 Melendez Bypass Apt. 177, West Debra, WV 12683",78770.5,38
1498,Jordan Jones,"67072 Timothy Fork Suite 024, Lake George, GA 96835",48534.3,44
1499,Debra Barker,"63236 Parker Bridge, New Coryport, LA 35687",71306.45,44
1500,Philip Tran,"024 Lindsey Throughway, Adrianport, NV 54417",131353.78,62
1501,Steven Davis,"156 Smith Unions Suite 147, Jamesside, RI 93127",59001.14,46
1502,Corey Williams,"5190 Paul Club, North Dawnmouth, MS 42381",125712.62,65
1503,Catherine Lane,"Unit 0237 Box 6669, DPO AP 56000",144508.66,48
1504,Patricia Hudson,"94118 Chelsea Brook Apt. 424, West Aaron, NE 88758",130045.36,27
1505,Patrick Nelson,"889 Stephanie Glens Apt. 751, Grahamview, VA 05387",35157.51,51
1506,Patty Cox,"82692 Cooper Mission Suite 350, Frankside, SC 69059",46301.11,58
1507,Virginia Lynch,"039 Roman Rapids Suite 453, Carolynfort, MO 43510",67797.67,64
1508,Jimmy Lang,"99542 Lewis Harbor, Jodifurt, TN 49953",99534.7,21
1509,Jessica Cole,"0617 Monica Way Suite 901, Christineland, CO 03950",135861.58,28
1510,Cindy Mills,"56756 Luna Alley Suite 188, Acevedoville, MS 64909",178282.46,48
1511,Debbie Tanner,"3596 Smith Harbors, Katherinetown, SD 44426",135634.5,51
1512,Jennifer Zimmerman,"5402 Santana Underpass, Jonesside, OR 22497",45270.1,45
1513,Rebecca Martinez,"USNS Rivera, FPO AP 32052",47953.01,27
1514,Shelby Duarte,"4816 Zachary Heights, Port Kaitlyn, VI 73807",49964.22,44
1515,Megan Gonzalez,"10127 Burke Corner, North Katherine, SD 66523",162743.4,29
1516,Brittany Oneill,"8670 Paul Mall Apt. 036, West Kevin, LA 28194",90494.55,29
1517,Deanna Romero,"18123 Nathan Springs, Daviston, NV 29315",128028.54,64
1518,Stacey Turner,"6262 Sanchez Lock Suite 850, Cervantesview, WY 65485",55713.69,54
1519,Shannon Austin,"8529 Allison Mission, Cobbtown, WV 31961",116677.23,60
1520,John Grant,"07675 Kyle Mills Suite 341, West Karenborough, SD 27758",129252.93,49
1521,Kevin Mccormick,"406 Ross Stream, East Julie, VA 35024",85922.22,34
1522,Joseph Benjamin,"3523 Shelly Meadows Apt. 004, Johnsonshire, WA 10813",126071.61,30
1523,Noah Briggs,"1199 Bass Common Apt. 815, Lake Suzanne, WY 36766",168384.65,60
1524,Billy Cross,"86870 Le Street Suite 668, Lake Christina, WA 49373",134552.09,34
1525,Jackie Cooper,"89142 Heather Alley Apt. 927, Odonnelltown, MD 36970",47569.76,27
1526,Melanie Hanson,"40513 Amanda Lane, West Toddmouth, VI 32434",55301.91,28
1527,Kevin Davis,"47442 Jacob Rest Suite 410, Lake Jeremy, NY 63527",120488.22,45
1528,Sara Gay,"4774 James Ford Suite 183, East Michaelstad, ID 35567",85972.67,48
1529,Tracy Barton,"3988 Little Square, South Andreamouth, MA 82108",80603.03,29
1530,Amy Ray,"86558 Nicholas Key, East Amanda, PR 13228",70929.02,62
1531,Emily Gill,"038 Lori Way, Lopezberg, VT 80022",47216.06,56
1532,Mrs. Suzanne Garcia,"730 Glenn Passage Suite 273, Christopherland, LA 95361",122144.86,59
1533,Craig Miller,"3015 Benjamin Circle Suite 407, Patelville, MH 06720",76313.52,65
1534,Stacy Russell,"557 Figueroa Station Suite 345, Davidside, WA 24587",38889.54,63
1535,Annette Russell,"2064 Sarah Street Apt. 061, Hendrixfurt, UT 81222",161994.94,34
1536,Anthony Molina,"42168 Robert Parkway, East Gloria, SC 65934",110073.62,53
1537,Mark Jackson,"08347 Julie Branch Suite 932, Travisberg, OH 82722",62353.75,46
1538,Michael Moore,"8597 Jonathan Field Suite 129, Christophermouth, HI 94508",77853.6,24
1539,Erin Forbes,"286 Linda Cape, Andreaburgh, WY 24346",148651.23,36
1540,Jason Howard,"7695 Jennifer Brooks Suite 189, Ryanview, IL 05124",106758.72,28
1541,James Sims,"88788 Luna Light, Ronaldbury, CA 27502",69956.85,61
1542,Tyler Butler,"011 Angela Branch, Timothyshire, KY 87717",121119.82,54
1543,Stephanie Miller,"80351 Vincent Pike, Jessicaside, GA 94644",163865.06,21
1544,Elizabeth Lawrence,"9053 Alexander Points Apt. 951, Wellston, GU 74477",178097.97,41
1545,Daniel Sandoval,"488 Briggs Pines, Davenportmouth, MS 90779",54137.52,57
1546,Leslie Jackson,"82801 Eric Landing, North Samuel, NY 67903",96025.21,55
1547,Joseph Evans,"USCGC Washington, FPO AA 84274",134026.6,51
1548,Albert Avery III,"4495 Cook Common, West Daisy, CO 63097",173395.68,25
1549,Gregory Cobb,"974 Sanford Corners, Lake Daisyhaven, MS 90141",37419.96,25
1550,Tanya Patterson,"199 Coleman Isle, West Christie, MI 42220",37000.05,34
1551,Hunter Davidson,"678 Young Stravenue, Port Brendanborough, MI 97022",40774.89,24
1552,Catherine Conley,"15972 Sandra Drive, New Juan, ND 98163",172558.6,46
1553,Raymond Greene,"098 Graham Square Apt. 180, Alanborough, ID 39824",108458.54,61
1554,Andrea Dickerson,"358 Ross Summit Suite 155, Josephtown, MI 32619",138331.22,47
1555,Stephanie Williams,"6272 Crystal Summit Apt. 649, North Carolberg, VT 70062",96418.41,46
1556,Hannah Wallace,"502 Natasha Knolls, Jenniferborough, OH 32731",46952.03,55
1557,Megan Gibson,"26264 Sherri Land, Woodshaven, KY 38324",112960.03,30
1558,April Hoffman,"5199 Catherine Circles, Webbstad, CA 20578",75232.82,40
1559,Melissa Evans,"3164 Abigail Spring, New Kimberly, MA 87396",46458.13,34
1560,Denise Wallace,"070 Nguyen Stream Suite 343, Herrerafort, CT 44578",176275.44,30
1561,Rebecca Thompson,"490 Sullivan Square, West Michelle, MI 28092",112776.58,46
1562,John Martinez,"15477 Katie Ridges, Johnland, GU 86911",120033.39,62
1563,Joshua Anderson,"8564 Jeffrey Groves Suite 416, Nancystad, NH 28549",133753.07,25
1564,Emily Young,"5809 Tucker Rapid Suite 758, Lake Rileyton, FL 70087",79974.58,48
1565,Deborah Bowman,"33470 Smith Cove Suite 697, West Jessicafort, TN 77816",140843.96,36
1566,Robert Hoover II,"595 April Forge Suite 456, North Stevenborough, PA 51396",43396.36,26
1567,Blake Bailey,"70679 Andrews Overpass, Haynesburgh, NC 41474",169071.02,28
1568,Brent Mckee,"389 Wallace Springs Apt. 536, Cookestad, FM 88818",100738.92,59
1569,Michele Wheeler,"2288 Joseph Corner, East Lauren, GU 14456",42979.15,63
1570,Lisa Jones,"2749 Ryan Vista Apt. 579, Alexanderland, UT 35632",142545.56,32
1571,Alison Padilla,"073 Schroeder Mews, Annberg, MS 03802",52319.24,29
1572,Valerie Cooper,"USCGC Young, FPO AP 62219",136717.44,31
1573,Theresa Zimmerman,"866 Christopher Crossroad, East Laura, GA 10404",106979.88,43
1574,Matthew Morris,"19789 Megan Valleys Suite 657, Crystalview, MS 49299",110835.78,37
1575,Catherine Parks,"18185 Jason Mission Apt. 805, North Jamie, GU 85444",59209.63,29
1576,Ariel Watkins,"418 Atkins Common Suite 622, North Josehaven, IA 26496",143717.58,38
1577,Derek Brown,"2836 James Pass, Johnsfurt, PW 38653",141275.7,28
1578,John Oconnor,"761 Kimberly Lane Apt. 950, Fisherfort, UT 09109",146857.39,22
1579,Charlene Davis,"886 Diane Cove Suite 930, Port Emily, MS 39478",83576.6,48
1580,Rebecca Scott,"99160 Robbins Spur Apt. 906, Laurashire, AZ 74498",74437.19,25
1581,Nicole Brewer,"1970 Andrea Street, Angelicaville, ID 52550",73127.7,57
1582,Brenda Myers DVM,"53193 Chandler Tunnel, Stephaniefurt, WY 00952",125992.26,52
1583,Brian Duncan,"USS Pierce, FPO AP 60203",101003.68,44
1584,Donald Smith,"58384 Faith Road, North Rickymouth, IA 43266",43038.67,57
1585,Karen Morgan,"510 Jessica Hollow, Port Kathyberg, PW 71683",59197.8,31
1586,Brandon Rivera,"903 Morton Wall Suite 177, Port Toddtown, ID 04781",71991.83,27
1587,Jonathan Solomon,"PSC 4124, Box 6051, APO AA 33710",164668.92,64
1588,Crystal Walters,"37684 Katelyn Motorway Suite 776, North Paulbury, ME 43046",139802.86,35
1589,Mary Klein,"317 Bradley Fork Apt. 496, Cookfort, MH 35107",142413.09,21
1590,Gina Chan MD,"473 Amber Key, Smithmouth, PR 38447",41385.5,21
1591,Anthony Wheeler,"476 Daniel Center Suite 976, Nicolestad, LA 88792",70459.96,51
1592,Jennifer Murray,"26934 Adams Springs Apt. 390, Suefurt, NC 46228",87776.59,30
1593,Alexandra Hamilton,"613 Sarah Tunnel, Johnsonmouth, FM 58265",60949.34,23
1594,Jessica Brooks,"962 Walker Mountain, Lake Lindsey, NV 09644",115165.39,62
1595,Angela Potts,"28962 Donna Bypass Suite 824, East Jesse, TX 32201",95808.55,41
1596,Charles Jensen,"USNV Ramirez, FPO AE 53078",70998.16,41
1597,Stacy Davenport,"USCGC Knight, FPO AA 93263",74332.4,25
1598,Thomas Ross,"57865 Carol Course, New Matthew, NJ 94270",117872.71,28
1599,Amanda Reyes,"USNV Schmidt, FPO AP 44584",107795.94,24
1600,John Valentine,"804 Michael Inlet, New Leah, MD 32951",61004.93,54
1601,Jennifer Holder,"Unit 5507 Box 8688, DPO AP 59041",177305.01,46
1602,Alyssa White,"13170 Christy Stravenue, Annchester, IL 78078",44994.33,50
1603,Mary Fernandez,"87314 Linda Port Suite 629, South Ruthshire, MO 41095",160574.67,40
1604,Jeffery Young,"0051 Harold Oval, Matthewland, FL 03280",82458.63,56
1605,Christopher Warner,"754 Valentine Cliff, Hillfort, RI 18521",101228.2,44
1606,Melissa Brown,"2750 Michael Lodge Suite 442, East Mindyfurt, AR 63583",64097.32,57
1607,Pamela Carter,"09587 Rachel Spurs, South Amanda, SD 01872",148753.55,60
1608,Robert Lin,"26714 Porter Courts, Smithstad, AZ 95183",70174.68,44
1609,Jeffrey Lynch,"209 Michael Ports Apt. 018, New Jennifer, MI 17059",120795.19,52
1610,Michael Montes,"9379 Wagner Ramp, West Amandastad, PW 42799",179679.13,33
1611,Angela Kirby,"49207 Rivas Mount Suite 142, Annamouth, GU 31725",141207.18,55
1612,Brooke Anderson,"124 Luna Freeway, Ericksonmouth, NJ 23025",145269.92,36
1613,Deanna Lee,"9787 Cassandra Way Suite 571, Rebeccaport, IN 68465",56832.12,47
1614,Maria Conley,"48042 Ruiz Way, Woodwardtown, VA 07033",38466.99,55
1615,Alexandra Jones,"76242 Reyes Tunnel Apt. 254, North Jeffrey, WY 79091",85231.44,65
1616,Kyle Miller,"USS Gaines, FPO AP 44028",162193.8,42
1617,David Raymond,"26414 Choi Isle Suite 900, New Josephbury, IL 43749",35212,63
1618,Victoria Nelson,"98359 Cohen Square, Cobbland, MI 33163",89559.85,40
1619,Alicia Jackson,"473 Nguyen Canyon, East Cassie, AK 75821",50072.61,54
1620,Wesley Brown,"1442 Gordon Gateway Suite 540, Gregorybury, DE 53002",177551.78,47
1621,Linda Ramsey,"5493 Kevin Fort Suite 904, Melissashire, VI 24516",106344.19,24
1622,Melissa Thompson,"7338 Patricia Gateway, South Jessemouth, IA 82954",176021.09,30
1623,Meghan Williams,"Unit 6412 Box 2474, DPO AE 83540",138189.61,26
1624,Jacqueline Klein,"35051 Williams Gateway, West Cody, AK 64395",41365.54,35
1625,Holly Kelly,"94042 Paula Viaduct Suite 564, North Brittneyburgh, MN 49294",165106.68,54
1626,Bonnie Hall,"8191 Lynn Street, Rebeccastad, VT 97877",94893.24,44
1627,Michael Carr,"715 Garrison Island, Tylerville, MH 51924",101476.41,26
1628,David Benjamin,"6306 Julie Dale, Lake Elizabethside, TN 48300",119211.74,53
1629,Michelle Young,"6150 Moore Island, Masonstad, TN 85977",54359.51,46
1630,Jeremy Wiley,"608 Julie Ramp, North Bradleyport, WV 99369",45850.42,57
1631,Brendan Williams,"8888 Amanda Fords, West Laurenfurt, TN 15519",44031.02,63
1632,David Mills,"851 Cantu Ranch Apt. 509, Cookfurt, WV 73482",174811.65,36
1633,Caitlin Mendoza,"2720 Emily Way, Sethborough, NH 28128",77293.02,41
1634,Douglas Owens,"306 Farley Pike, Dakotaview, MI 37732",169276.08,46
1635,Christine Murray,"4906 Rose Stream Suite 751, Kathrynville, CO 56204",136605.21,41
1636,Jeffrey Bell,"3431 Sabrina Shoal Suite 392, Lake Antoniostad, NC 45865",81118.37,38
1637,Peter Lewis,"3031 Simpson Point Suite 192, Rodriguezport, OH 63479",68873.63,33
1638,Alexandria Garcia,"54550 Wendy Hill, New Victoriaton, TN 74371",54736.22,58
1639,Krista Clark,"738 Taylor Lane Apt. 630, Port Laura, LA 33102",50801.06,27
1640,Patricia Brown,"3529 Montgomery Fork, South Heatherview, CT 57868",58834.37,50
1641,Lacey Schneider MD,"89735 Alejandra Union Suite 225, South Kimberly, SC 53482",80534.83,28
1642,Christopher Wright,"56771 Michael Shoals Suite 890, Curtishaven, PR 82949",112709.06,34
1643,Scott Khan,"6608 Melissa Forge, South Alison, LA 36599",100527.98,50
1644,Mr. Kevin James,"2769 Calderon Valleys, Kevinberg, AL 19473",73426.15,28
1645,William Benson,"13737 Kevin Canyon Apt. 118, Lake Elijahfurt, SC 77461",48111.03,64
1646,Tamara French,"960 Miller Greens, Ariasland, VI 66215",79111.17,65
1647,Natasha Rivas,"569 Pamela Stream, Ortizside, TN 28212",122478.86,34
1648,Wayne Robinson,"18118 Larry Junctions, Lake Janeburgh, MD 83886",156209.09,41
1649,Shane Barnett,"85609 Sparks Valley Suite 714, Roseland, AK 26444",56506.95,36
1650,Robert Gomez,"PSC 4572, Box 2757, APO AP 35732",175418,46
1651,Jordan Adams,"4999 Smith Forks Apt. 913, Adkinsport, CO 24857",109451.65,64
1652,Jennifer Turner,"32675 Shelby Squares Apt. 576, North Gina, AZ 11145",78331.9,32
1653,Joseph Sullivan,"25360 Galvan Brooks Apt. 474, Marshallport, FM 74088",39506.9,46
1654,Mark Silva,"481 Smith Run Apt. 610, South Laurentown, WV 09914",158917.19,56
1655,Travis Hubbard,"9493 Lisa Camp Suite 811, South Danielchester, MP 07326",143471.37,36
1656,Diana Johnson DVM,"55967 Perez Fort Suite 965, Shelbybury, OK 14774",48735.17,27
1657,Michael Cardenas,"00499 Paul Lodge Suite 361, Hollandmouth, IA 14101",151565.03,29
1658,Cindy Bradley MD,"8723 Singleton Lane, Tarabury, MP 81992",52610.72,24
1659,John Burnett,"1349 Kylie Track, Loweryfurt, NV 04875",155403.99,35
1660,Jacob Hansen,"7921 Paul Junction, South Heidishire, OH 80763",53953.71,46
1661,Shawn Christensen,"98970 Sheila Shore Suite 570, New Jennifer, KS 87193",88974.76,61
1662,Michael Hendrix,"9255 Cassandra Walk Apt. 509, South Traci, AL 06780",170948.36,26
1663,Rachel Hogan,"56161 Lee Green, Tammyhaven, CO 18761",119436.95,37
1664,Savannah Smith,"384 Collier Road, Port Erinside, PR 53569",168027.14,25
1665,Craig Randolph,"481 Rhodes Mountain Apt. 655, Jonesberg, DC 09914",38161.03,25
1666,Kerri Taylor,"18641 Cruz Route Apt. 023, Greenville, UT 82786",63673.8,62
1667,David Hunter,"7640 Dylan Tunnel, Lake Ashleybury, TN 24052",99297.54,29
1668,Brenda Yoder,"1269 Steven Green Suite 225, New Robert, KS 34335",48336.9,42
1669,Joseph Wolf,"868 Monica Crescent Apt. 433, South Jonathanhaven, AK 42506",52766.51,50
1670,Karen Randall,"062 Schmidt Ridge Apt. 259, Lake Edwinview, MS 31352",42342.47,57
1671,Brian White,"0323 Hicks Cliffs Apt. 295, Dianeshire, OK 64687",97807.67,46
1672,Darren Gibson,"PSC 9395, Box 7955, APO AE 74468",106938.33,45
1673,Rose Scott,"17367 Jeffery Pines, Hernandezstad, MO 86082",134065.87,32
1674,Jeffrey Garcia,"233 Laura Plains Apt. 563, Lake Stacieberg, OK 22275",86321.77,32
1675,Wendy Hansen,"10788 Christopher Roads, Perezchester, MI 38591",74872.36,49
1676,Brittany Smith,"708 Taylor Mountains, Marialand, NE 89876",163096.45,23
1677,Katherine Wolfe,"651 Colleen Street, Michaelland, TX 93480",124045.45,60
1678,Tyler Dyer,"484 David Wells, East Hannah, AL 28000",70638.79,39
1679,Zachary Taylor,"83034 Natalie Route, Jamesmouth, MA 27332",107339.28,56
1680,Veronica Saunders,"166 David Ville, Salazarside, NJ 95775",104459.48,26
1681,Alexandra Clark,"4106 Ryan Greens Suite 008, Kellymouth, OH 04101",75567.52,29
1682,Nicholas Davis,"628 Brenda Hill, North Michaelmouth, GU 02881",95789.05,62
1683,Tracey Russell,"31525 Moore Gardens Apt. 280, Wesleyside, ID 60273",163274.61,54
1684,Makayla Young,"PSC 0476, Box 2539, APO AA 06625",71126.42,55
1685,Angie Melendez,"8627 Padilla Plaza Apt. 603, South Joshuashire, AK 31690",150252.71,45
1686,Terry Howard,"PSC 8097, Box 1861, APO AA 17703",148377.79,43
1687,William Robinson,"USNV Moyer, FPO AA 87106",104554.24,52
1688,Linda White,"675 Crawford Rest Apt. 137, North Jeanne, WV 43932",84884.95,57
1689,Wesley Ramos,"60895 Buck Camp, West Donnaburgh, HI 15742",107847.02,45
1690,Christina Fletcher,"08347 Becker Cliffs Apt. 898, North Gloria, PW 65492",74213.17,22
1691,Steven Yang,"927 Cynthia Isle Suite 033, Goodmanhaven, TX 46738",81237.25,35
1692,Brianna Diaz,"184 Tanya Mountain Suite 309, Lake Adambury, NM 77490",39249,38
1693,Kevin Carr,"5744 Rodriguez Cape Suite 692, Taylormouth, LA 86247",43495.73,51
1694,Randy Greer,"Unit 1604 Box 3598, DPO AE 80615",111767.68,58
1695,Tina Walsh,"9965 Cole Throughway, Lake Tyler, MT 87794",179942.83,31
1696,Ms. Jamie Fox,"Unit 3407 Box 3071, DPO AP 61576",49519.48,63
1697,James Beard,"0078 Paul Estate, East James, VT 66174",69967.16,55
1698,Adam Strong,"85023 Kathy Dam Suite 532, Youngmouth, AS 16082",153361.35,24
1699,Jerry Baker,"23477 Kelly Turnpike, Oliviashire, IA 93609",145787.21,35
1700,Jacob Neal,"Unit 0200 Box 6174, DPO AE 26002",118475.36,45
1701,Eric Giles,"6121 Sara Ranch Apt. 270, Nguyenmouth, WA 53614",86446.67,32
1702,Christian Booth,"PSC 8305, Box 6446, APO AP 91592",60534.55,58
1703,Michael Zuniga,"9502 Lewis Isle Suite 077, Tateport, WY 28863",81110.63,65
1704,Chad Ortiz,"Unit 9904 Box 6008, DPO AE 91501",87023.55,58
1705,Dana Cunningham,"9022 Bryan Mills, Stacytown, MO 14156",39089.95,65
1706,Larry Reynolds,"USCGC Johnson, FPO AP 09300",85993.91,57
1707,Megan Thompson,"4907 Greene Estates, South Ianland, OH 85573",116722.94,57
1708,David Parks,"929 Logan Ridge, North Aaron, MA 29904",172513.43,52
1709,Bradley Thompson,"228 Denise Mills, Hunterton, MD 37997",113608.07,32
1710,Erica Moss,"82063 Erik Shore Apt. 126, West Jonathanchester, MN 66465",106113.28,26
1711,Brenda Ibarra,"606 Gonzales Square, Sabrinamouth, HI 47921",43144.36,59
1712,Jesse Owens,"840 Smith Square Suite 657, Elliston, NE 11827",66727.3,54
1713,Lucas Porter,"426 Laura Dale, South Gloria, CA 93227",104308.4,42
1714,Jamie Wilson,"71860 Hughes Stravenue Suite 880, North Hannah, SD 53115",168094.95,33
1715,Zachary Montes,"127 Priscilla Extensions Suite 285, West Emily, KY 11406",151934.58,42
1716,Rebecca Miller,"087 Sarah Crest Suite 086, Brennanville, MN 22855",138955.96,41
1717,John Garcia,"USCGC Wilcox, FPO AE 37854",43635.61,30
1718,Jeff Kelley,"672 Gutierrez Skyway Apt. 511, Port Ashleytown, AR 89143",120058.33,30
1719,Robert Crawford,"205 Edgar Shores, Annetteburgh, TX 82646",147283.14,54
1720,Michael Thompson,"759 Adams Mount, Daniellechester, MD 78489",159797.07,25
1721,Victoria Goodman,"2694 Brian Corner, Mitchellstad, WI 94715",89170.66,63
1722,Eddie Pugh,"33793 Clarke Underpass Suite 997, Fergusonfurt, WI 01129",92361.36,27
1723,Erica Crawford,"9058 Gilbert Lock Apt. 449, New Brianmouth, NY 53030",83801.36,41
1724,Nicholas Craig,"0999 Clark Green Suite 352, Doyleville, CT 15778",54785.49,31
1725,Victor Bartlett,"466 Carlson Viaduct, North John, GU 76113",141191.04,48
1726,Jonathan Clark,"348 Natalie Canyon Apt. 264, West Christina, NM 87362",149817.17,52
1727,Alexa York,"878 Jennifer Divide, Port Katherineport, NJ 90034",129131.14,32
1728,Nicholas Ramirez,"2937 Timothy Plaza, Evelynburgh, CO 34874",137541.52,56
1729,Jimmy Porter,"2926 Lin Villages Suite 988, Lawrenceside, NC 60928",135566.26,60
1730,Erin Ramirez,"1340 Samantha Dale Apt. 605, Whitemouth, MA 87465",149113.81,35
1731,Victoria Perkins MD,"PSC 8901, Box 2484, APO AA 63221",131502.09,32
1732,Jennifer Kramer,"56862 Jacqueline Garden, Port Stevenchester, MA 80886",89865.7,65
1733,Andre Stewart,"22743 Brian Villages Suite 271, Reidburgh, LA 39593",77705,32
1734,Shannon Barnes,"13807 Angela Oval, South Robertmouth, UT 39666",140680.49,65
1735,Scott Rivera,"6541 Frederick Walk, West Donald, GA 87371",172561.23,46
1736,Kimberly Reynolds,"469 Thompson Parkway Apt. 847, West Ericbury, CO 88299",158359.76,57
1737,Michael Olsen,"23203 Duffy Pike Suite 427, Gardnerberg, NE 71486",39695.5,59
1738,Paula Lopez,"603 Adam Orchard Suite 834, Bookertown, MT 24355",81141.45,60
1739,Crystal Walker,"573 Macdonald Extensions Apt. 277, North Jonathanborough, MA 70066",67029.81,57
1740,Kevin Robinson,"USCGC Walker, FPO AP 88213",50095.98,52
1741,Carolyn Cooper,"PSC 7042, Box 4025, APO AA 44770",55393.29,25
1742,Jason Munoz,"770 Garcia Mall, Maddoxside, PR 09564",69509.41,41
1743,Kevin Walsh,"738 Skinner Well Suite 690, Tamaraview, NY 88476",59343.68,26
1744,Deborah Lambert,"22912 Stephens Isle, Amandamouth, AK 01886",154140.96,63
1745,Jenny Martin,"9942 Hill Oval Suite 089, Jamieland, DC 94664",127669.89,42
1746,Scott Sanchez,"87162 John Manors, West Patriciaside, WI 10422",99761.34,37
1747,Michael Potts,"74356 Smith Roads, Henryhaven, WI 60899",65404.22,65
1748,Fernando James,"9457 Carroll Ridge Suite 505, Peggybury, UT 82970",44830.24,37
1749,Justin Welch,"541 Claudia Estates Suite 252, South Patriciahaven, SD 66118",149117.9,21
1750,Peter Foster,"214 Henry Station, Luiston, AS 27306",41981.38,49
1751,Robert Taylor,"3088 Kevin Centers Apt. 532, Port Garyport, FM 37952",141224.75,31
1752,Michael Aguilar,"Unit 6340 Box 9412, DPO AP 12107",163260.04,52
1753,Stephanie Ward,"7959 Jasmine Haven, Franklinview, CO 18365",162856.75,43
1754,Mary Strong,"18911 Lauren Streets Apt. 485, Jonesborough, PA 90366",114173.48,27
1755,Melissa Stafford,"27342 Kayla Drive Apt. 291, New Christopher, IN 05669",155177.01,57
1756,Kevin Torres,"881 Byrd Hollow, Ericville, GU 75510",129390.59,64
1757,Kenneth Lawrence,"335 Brandt Stream, North Scott, FL 31106",67709.5,49
1758,Sierra Garrett,"171 Michele Forge Apt. 918, Robertsmouth, GU 04455",45687.86,23
1759,Nathan Harrington,"4956 Susan Club, Patriciafort, WI 51729",77761.75,41
1760,Ronald Crawford,"7231 Avila Fords, South Anthonyborough, TN 65704",72863.52,27
1761,Kathy Jones,"7039 Heath Ford, South Raymondmouth, AK 02292",45759.06,31
1762,Lawrence Powell,"9323 Hannah Circle Apt. 715, Port Anthonyfort, VI 09112",163750.03,31
1763,Anthony Fisher,"3065 Carter Square, New Nancy, GA 32404",141137.84,56
1764,Kyle Smith,"85825 Newton Knolls, Yolandaville, IL 81792",171565.95,26
1765,Stephanie Blevins,"8236 Daniels Ford, Gonzalezshire, MP 83719",84002.83,60
1766,Troy Patel,"4758 Gutierrez Union, Zacharyfort, VT 35333",164517.8,22
1767,David Wang,"17552 Castillo Camp Apt. 458, Adamville, DE 98712",97541.88,62
1768,Dawn Miller,"436 Charles Plain, Wilsonport, MS 04570",58924.59,48
1769,Sherry Jones,"0555 Gray Keys, Gregoryfurt, NY 32849",57780.05,27
1770,Paul Buckley,"USNS Porter, FPO AE 35486",83008.71,33
1771,Christina Wiley,"5956 Johnson Fort Apt. 119, Schneiderberg, FL 65583",94345.58,56
1772,Tina Schmitt,"2173 Yates Fort Suite 095, Smithshire, ID 34401",139695.53,55
1773,Mike Berry,"81136 Chase Terrace Apt. 348, Annaborough, VI 98215",73463.39,39
1774,Robin Johnson,"9595 Kevin Falls, Jonathanfurt, NE 76008",78123.09,27
1775,Charles Miller,"562 Cooper Parkway Apt. 016, Lake Victoriaborough, KY 40613",42197.14,57
1776,Matthew Mitchell,"51638 Madeline Manors, Reginahaven, PA 64256",114701.08,52
1777,Melissa Vega,"0781 Felicia Road, Daisymouth, NV 53589",57270.54,44
1778,Nancy Allen,"414 Colleen Route Apt. 552, Lake Jason, GA 88909",35553.26,26
1779,Kaitlyn Howard,"813 Samantha Mall Suite 647, Davisland, MA 68350",77709.67,63
1780,Sophia Daniel,"89410 Luna Crest Apt. 611, Sarahview, KS 50547",125638.19,51
1781,Angela Garcia,"97542 Marks Overpass, Lake Lisa, TN 68157",63952.85,22
1782,Shannon Cannon,"Unit 2377 Box 4877, DPO AE 07907",65008.18,61
1783,Justin Martinez,"51218 Andrea Estates, South Timothy, OR 08418",77312.66,26
1784,Mary Jenkins,"3839 Stevens Lodge Suite 682, Port Jennifertown, ID 90005",103667.74,28
1785,Kaitlyn Collier PhD,"0378 Allison Passage, Ellisonchester, WV 76528",79711.24,46
1786,Andrew Mcbride,"834 Wheeler Spring, Vasquezport, ND 58206",103286.95,63
1787,Taylor Thompson,"4456 Alexander Meadow, Fosterview, CO 78892",73425.64,62
1788,Kathryn Griffin,"9500 Kyle Track Apt. 202, Proctorfurt, RI 30092",113898.27,32
1789,Calvin Paul,"2573 Alejandro Stravenue Apt. 740, Perezland, NE 67995",88797.98,45
1790,Matthew Nelson,"1258 Timothy Roads Apt. 053, Cummingschester, PA 27877",88563.24,49
1791,Johnathan Hall,"Unit 2285 Box 6283, DPO AA 18826",41469.45,49
1792,Sandra Cervantes,"59310 Lisa Stravenue, Summerston, AL 71701",102433.4,35
1793,Emily Pena,"70433 Olivia Flat, Lake Courtneyhaven, IL 70411",156376.42,57
1794,James Miranda,"780 Marshall Mill Apt. 985, South Stefanieshire, TN 51047",43937.71,65
1795,Stephanie Delgado,"544 Cody Overpass Apt. 792, Robertsmouth, IL 93993",131782.93,26
1796,Rodney Gonzalez,"Unit 9688 Box 5934, DPO AP 17905",131880.47,55
1797,Kristi Reid,"799 Mcintyre Springs, Lake Jason, UT 49298",95028.06,58
1798,Christopher Wheeler,"5102 Smith Mews Suite 860, Lucasbury, ME 65278",67989.35,24
1799,Brandon Evans,"28959 Pamela Alley Apt. 852, Dwaynefort, MS 22638",156915.59,54
1800,Frederick Knight,"3963 Gilbert Ranch Suite 038, Lukeport, MT 47987",95701.65,55
1801,Matthew Richardson,"730 Edward Walk, North Eileenmouth, IL 50330",134624.85,51
1802,Connie Paul,"732 Stacey Ford Suite 874, New Tina, NE 87995",118043.57,36
1803,Robert Carpenter,"8866 Julie Fords, South Kyle, WV 59126",104058.03,26
1804,Kristin Duncan,"595 Davis Meadows Apt. 909, South Colin, MT 38857",92246.63,23
1805,Patricia Sandoval,"45734 Graham Ports, Jonathanfort, WY 28472",107804.71,54
1806,Tracy Ryan,"528 Donna Loaf, Cooperland, OH 25585",151065.3,64
1807,Robert Turner,"888 Tiffany Harbor, Port Joseph, AZ 79960",177499.44,30
1808,Katie Montgomery,"50230 Ramirez Unions Apt. 434, West John, MO 78471",52440.87,49
1809,Zachary Lopez,"0387 Adam Plains Apt. 354, Howellfurt, NE 00591",60067.45,31
1810,Laurie Brown,"4769 Diane Common Suite 122, Port Matthewbury, VA 75808",175963.91,33
1811,Jennifer Edwards,"819 Bobby Village Suite 158, East Jay, DC 71779",53296.97,48
1812,Mike Morales,"550 Gary Junction, Leehaven, AL 14385",46363.44,64
1813,Stacey Jones DVM,"81580 Adkins Shoal Apt. 949, East Robinstad, AZ 47194",98132.02,61
1814,Kenneth Powers,"687 Walter Underpass, Jonestown, ND 02004",56442.35,59
1815,Lisa Hernandez,"507 Caroline Corner, New Jeffrey, GU 18916",72393.52,25
1816,Cory Ray,"94003 Salas Cliffs, Crawfordhaven, OH 46213",47618.98,56
1817,Mitchell Scott,"12620 Sabrina Loaf Suite 165, Nunezburgh, DE 15951",92616.47,41
1818,Amber Day,"239 James Falls, Michaelhaven, WI 65423",159210.51,54
1819,Suzanne Brown,"45968 Megan Prairie, Schultzshire, WV 53527",101432.79,21
1820,Amber Roberts,"12036 April Lodge, Kimberlyside, WI 02248",149049.84,60
1821,Paul Aguirre,"971 Johnson Trail, West Roger, MD 35053",120198.53,47
1822,Shaun Johnson,"062 Baker Locks Suite 983, Ashleyton, NM 34303",51315.23,30
1823,William Miller,"9577 White Vista, Lake Kathleen, ND 38204",56488.96,58
1824,Paul Jacobs,"01647 Alice Roads Suite 174, Wumouth, OR 02378",119488.18,27
1825,Richard Parks,"1166 Kayla Plains Suite 603, Candiceberg, KY 52932",169114.58,57
1826,Linda Welch,"0165 Moore Parks Suite 402, West Lydiafort, DC 27538",148033.98,39
1827,Todd Morris,"2560 Abigail Summit, Carolineland, NV 24061",160783.91,43
1828,Tyler Brown,"535 Katrina Field, New Josephchester, AK 43674",162294.57,37
1829,Sandra Hall,"21091 Sandra Prairie, Sabrinabury, VA 14788",90541.3,52
1830,Destiny Hale,"87834 Erin Roads Suite 798, Lake Morgan, AZ 99634",117943.37,51
1831,Timothy Simmons,"37998 Wayne Shoal, North Lindashire, MS 20240",40432.52,38
1832,Carla Ortiz,"Unit 8963 Box 5587, DPO AA 37494",93431.22,60
1833,Shelby Camacho,"882 Kaitlyn Park Apt. 544, East Danielle, ID 43353",123255.01,65
1834,Steven Cordova,"050 Johnathan Lakes, New Jill, HI 67450",93249.39,46
1835,Caitlin Benitez,"6608 Amber Park Suite 587, Lake Elizabethton, SC 62450",163988.26,42
1836,Benjamin Wilkinson,"593 Nathan Terrace Apt. 621, South Maureenland, KS 35015",135124.49,24
1837,Mark Martinez,"4529 Velazquez Knoll, Collinsborough, IL 09561",143133.72,38
1838,Lisa Mendoza,"33497 Cindy Ville Suite 010, Lake Jamieport, IN 39100",165069.55,22
1839,Kyle Diaz,"618 Mary Mountains Suite 021, Ashleyberg, NM 80062",83990.58,40
1840,Jesus Levine,"4903 David Expressway, East Monica, MD 35109",80087.65,52
1841,Tanya Gonzales,"148 Lauren Point, Collinsfort, VA 65561",159444.04,64
1842,Jimmy Walker,"0076 Fernando Plaza Apt. 128, North Bianca, IL 66488",49241.52,35
1843,Tyler Martin,"2643 James Branch Suite 596, Lake Kathleen, MH 53230",54485.9,49
1844,Vincent Johnson,"12344 Yolanda Pike Suite 981, New Dianechester, MI 13356",147234.48,41
1845,Dean Wilson,"8170 Hansen Stream, Port Nicholas, SC 69841",74065.9,47
1846,Michael Barber,"859 Jackson Road Apt. 793, East Kathrynchester, ID 90855",122721.97,26
1847,Kenneth Thompson,"777 Bradley Lake Suite 134, South Jonathanland, OR 45857",62250.68,34
1848,Robert Peters,"USNV White, FPO AA 17576",167447.76,47
1849,Lawrence Smith,"50011 Jeffrey Coves Suite 480, Justinborough, MT 33415",142437,54
1850,Mr. Benjamin Haney DDS,"64790 Combs Union Apt. 573, South Shawnshire, MS 61028",160742.4,24
1851,Jasmine White,"02372 Torres Spring Apt. 058, Bradleymouth, GA 35491",109714.11,31
1852,Lisa Harrison,"7932 Owens Crest Apt. 549, Port Tammyfort, IL 82466",44514.46,53
1853,Monica Horn,"568 Webster Bypass Suite 973, Vincentfort, VI 77985",93490.85,54
1854,Daniel Terry,"4702 Gonzalez Overpass Suite 765, Stokesview, WA 44381",162503.23,22
1855,Mary Hughes,"1553 Nash Glen Suite 024, Port Michaelmouth, NM 22737",60191.92,33
1856,Abigail Hardy,"3945 Joel Valley Suite 480, Warrenstad, IN 70243",156361.62,36
1857,Nicholas Watson,"91369 Turner Streets, Lake Samanthatown, NJ 29521",39795.3,24
1858,Anthony Pratt,"63240 Garcia Unions Apt. 658, Port Amanda, SC 76709",168114.51,33
1859,Dale Carter,"646 Reese Gateway Apt. 273, Bakermouth, PA 19720",74726.74,50
1860,Michelle Chang,"10276 Timothy Place, Lake Morganmouth, DE 51847",108243.32,61
1861,Joseph Vargas,"83306 Joseph Forge Suite 754, Riceborough, PR 45248",168845.67,64
1862,Robert Cooper,"0270 Valencia Mountains, Ryanfort, AR 63531",39431.66,44
1863,Ryan Lyons,"92361 Ashley Crossroad, South Steven, MN 78911",105874.08,49
1864,Kelly Evans,"76870 Rangel Parkways, South Bethton, SC 99307",60749.64,51
1865,Martin Wilson,"0707 Kathleen Springs Suite 784, Port Alex, KS 68336",120097.64,43
1866,Heather Lewis,"USNV Keller, FPO AP 89419",84916.11,37
1867,Eddie Baker,"090 David Mission, Port Elizabeth, MS 34098",143599.36,65
1868,Travis Patterson,"984 Mcknight Canyon Suite 930, East Teresa, AZ 60947",48106.83,22
1869,Jacqueline Smith,"69901 Moore Village Apt. 299, Jamesbury, AK 79196",91052.02,31
1870,Carmen Sanchez,"4030 Harper Ramp Apt. 540, Lake Steven, GA 03876",158804.09,34
1871,Sean Burton,"500 Anderson Common, Lake Benjamin, UT 50899",159281.12,62
1872,Beth Kerr,"093 Regina Key, Alyssamouth, IL 68161",67641.25,34
1873,Peter Washington,"824 Little Islands, New Maria, MN 11595",74017.12,47
1874,Katelyn Heath,"4295 William Ferry, Michaelmouth, TX 55394",109425.78,64
1875,Rachel Stanley,"030 Barbara Stream Suite 448, Hughesmouth, AL 93379",36290.21,29
1876,Kayla Campbell,"089 Destiny Heights Suite 403, Anthonychester, PA 47832",128868.88,59
1877,Harold Wolfe,"5881 William Station, Lake Elijah, NV 43720",151125.4,35
1878,Randall Hayes,"5925 Suarez Crest Apt. 387, Port Keith, OR 33048",71596.61,40
1879,Mr. Andrew Snyder,"9484 Murray Greens Apt. 662, Lake Anne, WY 55783",138347.37,62
1880,Katherine Moore,"0276 Baker Street, South Kevinberg, PW 20560",74929.89,45
1881,Michael Sanders Jr.,"1341 Escobar Route Apt. 054, Matthewbury, WY 38484",158480,50
1882,Marcus Rogers,"16833 Bauer Shoals Suite 668, New Loristad, WV 01520",71539.81,50
1883,Robert Carpenter,"043 Thomas Land Suite 785, North Connie, OR 60373",78811.04,54
1884,Courtney Hawkins,"60898 Lucas Burg, North Miguelside, ID 78779",154525.07,46
1885,Brian Randall,"4009 Gina Street, Lake Jay, OK 57311",119750.64,21
1886,Kevin Lopez,"878 Sherry Circles, New Kenneth, NV 68623",109169.49,63
1887,Peter Mejia,"420 Kerry Squares, East Kellyfurt, NE 38787",175140.39,44
1888,Mr. Robert Parker,"8327 Russell Mills Suite 818, Wallaceport, KY 80374",116411.28,59
1889,Emily Fox,"6939 Wright Valleys Suite 566, Desireeborough, RI 37089",123312.27,40
1890,Christian Gray,"964 Myers Shores, North Donnaside, HI 18733",134239.9,51
1891,Rachel Sanchez,"6872 Rebecca Fork, Clarkfort, VT 73638",44256.37,38
1892,Amy Hughes,"674 Simpson Gardens, West Kristinmouth, OR 50969",127886.24,38
1893,Susan Nguyen,"578 Hoffman Alley Apt. 551, South Dana, NJ 85915",72866.3,62
1894,Mark Shepard,"27056 Jonathan Mews Suite 344, North Bryan, FL 12006",78324.71,30
1895,Ms. Jessica Bryant,"03519 Ashley Pines Suite 056, Courtneybury, IN 41998",110007.57,36
1896,Kimberly Williams,"22987 Jenkins Ford Apt. 790, Davidborough, OH 13056",165454.62,59
1897,Andrew Holden,"700 Hernandez Rapids, New Josephmouth, MH 86263",93594.27,41
1898,Tamara Carpenter,"905 Thomas Squares Apt. 599, Davisville, AS 38502",133709.58,22
1899,Steven Gordon,"77513 Ronnie Branch Apt. 216, Robertsborough, GU 60781",130033.08,39
1900,Zachary Allen,"3192 Campbell Union, East Robertchester, MI 52686",72616.81,47
1901,Casey Harris,"5806 John Islands Suite 526, Bentleyton, TX 32214",93666.84,23
1902,Steven Burgess,"00568 Williams Prairie Apt. 571, East Christopherhaven, CO 50710",119538.44,57
1903,Michael Harris,"3933 Crystal Land, Alyssashire, UT 42401",153322.13,42
1904,Shelby Barnes,"9432 Jasmin Forks, East Josephfurt, TX 35243",140349.73,35
1905,Joseph Cook,"USNV Stevenson, FPO AP 03718",134516.13,61
1906,Andrew Jones,"4880 Garcia Rest, East Justin, WI 48345",148810.07,63
1907,Courtney Butler,"7543 Haynes Center, New Loriport, DE 53666",86982.08,40
1908,Deborah Hayes,"70470 Lori Junctions, New Rachel, MP 29857",157585.79,63
1909,Tami Burton,"78568 Shawn Rapids Suite 505, South Stephaniebury, UT 74268",162091.74,32
1910,Phillip Jones,"591 Obrien Plaza Apt. 317, South Karl, NM 04161",77598.69,51
1911,Michelle Scott,"4525 Sarah Land Suite 076, Adamview, MO 24084",53551.9,37
1912,Julie Gilmore,"271 Robert Trace, Port Crystal, MS 97444",140152.06,56
1913,Amy Hoffman,"109 Ryan Alley, New Joshuashire, AL 73343",145623.14,32
1914,John Williams,"6280 Hickman Unions, Marshallfort, PR 65481",172303.89,42
1915,Angela Lambert,"211 Simmons Shoal Suite 460, Colemouth, PA 47951",129893.02,35
1916,Robert Jennings,"Unit 2205 Box 1356, DPO AE 96096",86516.09,40
1917,Taylor Bates,"0075 Roger Summit, Natashahaven, MT 84251",95968.52,42
1918,Jack Martinez,"7487 Porter Rest, West Michelle, RI 82152",88893.95,58
1919,Theresa Pena,"6999 Walton Fall, Duaneton, MP 11020",77637.41,28
1920,Amy James,"67191 Hayden Ports, East Mike, TX 05425",103227.8,61
1921,Billy Duran,"56828 Brooks Freeway, Meganburgh, NE 90881",119618.32,60
1922,Chad Lowe,"7811 Angelica Lodge Apt. 451, Hallburgh, AS 17217",45326.28,33
1923,Daniel Alexander,"0394 Brooks Trace Apt. 557, Hardyshire, CO 60621",107569.22,64
1924,Benjamin Martinez,"535 Wesley Square Apt. 157, Anthonyshire, FL 60719",90342.04,40
1925,Malik Robertson,"9575 Lopez Ridge, Jamesshire, CT 53839",94900.55,30
1926,Stacy Gibbs,"Unit 8855 Box 0694, DPO AE 76419",54917.96,33
1927,Denise Pham,"42797 Dean Keys, Mckenzieberg, DE 00684",84687.13,57
1928,Joseph Jones,"913 Kathryn Wall Apt. 575, New Kristopher, NY 83621",164462.54,50
1929,Brandon Moran,"7560 Monica Villages, Mitchellburgh, MS 25060",55767.5,32
1930,Todd Kerr,"21354 Dean Square, East Elizabeth, OK 37789",147946.47,52
1931,Russell Miller,"46609 Whitaker Green Suite 006, Port Laceyshire, NC 10592",83231.27,32
1932,Kenneth Ayala,"2141 Aaron Extension, West Cynthia, NM 44797",80445.04,24
1933,James Williams,"1854 James Spring Apt. 665, East Aprilland, MA 57005",35683.46,38
1934,Sherry Arnold,"578 Ariel Squares, Gregoryport, OR 23868",65360.44,31
1935,Robert Roy,"429 Gordon Highway, West Adamland, IL 67771",118560.44,31
1936,Melissa Sanders,"142 Morris Avenue, Port Francistown, CT 59512",105988.68,26
1937,Andrew Williams,"PSC 4469, Box 8886, APO AA 48209",53763.86,48
1938,Kimberly Vazquez,"136 Eaton Islands, South Larryview, UT 84290",126855.69,46
1939,Whitney Levy,"180 Corey Circle, Nicoleborough, CT 47595",97208.69,51
1940,Shawn Saunders,"2840 Dylan Stream, Ralphfurt, NJ 11206",90580.88,23
1941,Yvonne Moore,"Unit 5342 Box 3867, DPO AE 59245",112398.48,44
1942,Allen Mejia,"987 Erickson Mountains, Brettside, UT 65933",172759.95,41
1943,Mr. Andrew Santos,"003 Holly Turnpike Suite 109, Levyberg, LA 61049",144742.92,54
1944,Brenda Hill,"68939 Todd Vista Suite 398, Hollybury, OH 86689",62633.62,64
1945,Juan Pope,"3278 Black Neck, West Henrybury, MI 60349",35597.96,36
1946,Crystal Meyer,"16992 Debra Island, West Jasmine, VA 07975",67808.53,43
1947,Robert Lucero,"Unit 0775 Box 0884, DPO AP 37535",80253.38,27
1948,Lisa Sparks,"6866 Kayla Freeway Apt. 595, New Kimberlyview, OH 37132",90614.82,58
1949,Diana Jackson,"PSC 9551, Box 3305, APO AP 09324",79386.69,25
1950,Brent Gutierrez,"10967 Cooper Spring Apt. 636, Jessicatown, PR 44433",154457.36,40
1951,Darlene Henry,"34267 Oneill Canyon, Port Erika, IL 83509",172527.19,50
1952,Ashley Black,"4752 Chad Estates, Curryshire, NE 32504",140535.63,59
1953,Kathleen Montoya,"331 Wendy Parkway Suite 230, Dennismouth, WY 76714",110997.06,48
1954,Megan Johnson,"036 Payne Landing, Lake Benjaminton, DC 09377",163756.24,29
1955,Elizabeth Mccarthy,"0284 Brown Roads, Patelborough, HI 08919",84696.26,52
1956,Lawrence Mendoza,"PSC 0320, Box 4347, APO AA 28425",87091.38,33
1957,Elizabeth Anderson,"00460 Alexander Highway Apt. 313, Michaelmouth, OK 40276",58908.11,46
1958,Nathan Wolf,"Unit 2395 Box 6721, DPO AA 50016",37773.09,35
1959,Angela Mills,"877 Alvarez Mill Suite 138, Marshallland, DC 28430",140439.48,29
1960,Angela Maddox,"204 Walker Harbor Suite 194, Matthewhaven, MT 67322",65622.58,22
1961,Angela Doyle,"1880 Nixon Prairie, Maxwellton, IA 82601",120505.46,31
1962,Ashley Walter,"391 Allen Lock Apt. 054, Carolynbury, OR 24447",52858.49,62
1963,Michael Stewart,"85670 Tiffany Streets Suite 153, Hansenview, HI 07732",149858.44,45
1964,Hannah Fleming,"54407 Bryant Square Apt. 210, South Kimberlytown, KY 03340",162098.9,37
1965,Lisa Simpson,"Unit 1246 Box 1757, DPO AP 91314",146831.2,60
1966,Tony Davis,"667 Alejandra Glens Suite 262, Kevinfort, AR 91688",42045.11,24
1967,Joshua Harrison,"87703 Eric Mountain, Lake Justinport, IN 99423",130985.64,62
1968,David Parker,"997 Burke Valleys Apt. 304, New Toni, AS 61323",156237.4,24
1969,Kurt Yang,"USNS Green, FPO AP 21583",135013.71,47
1970,Alex Wyatt,"18643 John Via, Sandrafurt, GU 49205",99425.57,28
1971,Richard Martin,"0034 Rebecca Mount, Jamesberg, MI 50483",114355.95,51
1972,Julie Johnson,"62512 David View Suite 411, New Marytown, SC 18524",136770.89,34
1973,Adam Garcia,"05221 Baker Rue, Muellermouth, SD 32527",135802.84,61
1974,Holly Gonzalez,"6116 Sylvia Island, Josephberg, MT 92484",36349.16,47
1975,Donald Wilcox,"8268 Jennifer Road Suite 081, Melissashire, GU 86603",130941.36,63
1976,Andre Lloyd,"593 Dixon Square Apt. 528, West Anthonyfort, MD 06474",110444.84,60
1977,Michelle Romero,"54425 Juan Squares Suite 777, Justinview, OK 51687",122816.98,29
1978,Kevin Johnson,"60698 Peter Plains, Martinezmouth, MN 48343",95729.73,27
1979,Kathleen Wheeler,"460 Donald Brooks Suite 072, Jonstad, VA 26468",109179.79,60
1980,Amanda Campos,"47079 Randy Dale, Elizabethville, VT 63012",52071.51,28
1981,Caleb Long,"0394 Emily Ranch, Stacieberg, NH 73483",148790.21,52
1982,Brittney Middleton,"496 Rogers Union Suite 959, Meganhaven, FM 15702",63803.77,33
1983,Neil Swanson,"271 David Drive Suite 023, South Michelle, PW 17454",147804.04,54
1984,Brian Ortiz,"404 Rogers Lakes, North Frankfurt, IN 66645",176102.36,43
1985,Bryan Smith,"289 Benjamin Trail, Erinmouth, OR 47229",136998.33,39
1986,Tracy Fox,"6774 Jamie Fords, Hollyborough, PW 99068",58254.17,56
1987,Mark Beard,"783 Carrillo Prairie, North Mallory, MI 16189",106971.43,34
1988,Chad Smith,"43486 Mata Village, Jayfort, CA 47843",134789.57,51
1989,Karen Rodriguez,"89831 Walker Shores, Brettborough, MP 31032",82937.52,21
1990,Samuel Conway,"734 Judy Path, Brettburgh, TX 90983",36848.66,26
1991,Thomas Brooks,"268 Aaron Circle, Hernandeztown, OH 86380",166497.61,57
1992,Angela Moore,"2395 Barton Curve Apt. 315, Shahville, NH 47788",132008.18,30
1993,Marc Gonzalez,"0941 Rogers Extension, Davidbury, AK 06671",172669.67,53
1994,Mario Henderson,"5850 Andrews Court Suite 504, Thompsonbury, MO 54542",45881.99,27
1995,Megan Anderson,"1814 Benjamin Underpass Apt. 845, Lake Stephanieview, PW 53108",166193.01,62
1996,John Hughes,"394 Ronald Wells Suite 740, Petersside, TX 91592",68518.24,39
1997,Jorge Flowers,"USNV Patel, FPO AA 35986",73298.13,24
1998,Tina Miller,"2641 Weber Shoal Suite 895, South Thomas, CA 21486",49472.29,32
1999,Daniel Bridges,"9824 Valerie Mill Apt. 470, Benjaminshire, ID 51485",161750.37,39
2000,Robert Massey,"9203 Terrence Fords, Kimberlyville, FL 48238",87231.13,64
2001,John Lopez,"08578 French Crescent, Jimport, HI 45120",80342.53,28
2002,Jamie Smith,"7836 Heidi Ford, East Rachelview, CA 32730",48774.78,23
2003,Jennifer Pena,"8499 Glenn Unions Suite 070, Williamsfort, KY 49958",36402.49,29
2004,Donald Allen,"49174 Gonzalez Points, Millerfurt, IA 66526",131186.48,31
2005,Judy Lopez,"7405 Compton Village Suite 618, West Kathleen, VA 65967",82655.82,49
2006,Donald Burns,"141 Thompson Fords, Ginaburgh, CO 83468",173487.93,38
2007,Daniel Robinson,"59007 Jason Dam, West Jenniferhaven, KS 46521",162378.95,26
2008,Thomas Webb,"76604 Butler Radial Apt. 911, Jenningsport, MN 58195",89030.21,42
2009,Katherine Buchanan,"5766 Callahan Orchard Suite 085, North Vincent, WA 45330",61516.07,46
2010,Brenda Graham,"17504 Moreno Ramp Suite 275, Joyberg, GA 01149",93036.28,50
2011,Michael Spencer,"298 Bowers Fort Suite 400, Mcbrideberg, ME 54880",74415.8,45
2012,Jessica Silva,"3031 Zoe View, East Lori, MH 10853",135035.85,51
2013,Brian Melton,"5488 Cooper Parks, Nathanport, MI 20617",150985.37,62
2014,Ashley Jones,"5783 Jones Mission Apt. 871, West Michael, MO 56103",163487.96,31
2015,Jessica Mcdowell,"958 Beck Cliff, Valdezberg, MD 89959",51393.2,65
2016,Angel Martinez,"624 Villa Inlet, Fisherburgh, OR 26181",140329.61,31
2017,Stephen Boyle,"517 Lee Orchard Apt. 102, Liton, TX 81785",50038.4,58
2018,Nathan Lowe,"87212 Kimberly Unions, Danashire, AZ 83589",104987.85,57
2019,Guy Hogan,"462 Austin Lock Suite 663, New Jason, TX 46744",133367,32
2020,Christopher Lopez,"3814 Jimmy Row, Edwardshaven, MP 37701",123641.86,43
2021,Donald Moore,"435 Tony Land Apt. 933, New Brian, OR 84341",123646.97,64
2022,Krystal Moody,"0431 Rebecca Bridge Suite 718, East Erica, UT 90869",162592.79,29
2023,Timothy Avila,"6554 Sanders Mill, South Michael, IN 44744",105046.55,52
2024,Justin Rodriguez,"66615 Betty Union, New Joseph, NH 93274",51375.93,47
2025,Charles Jones,"43390 Moore River, Williamport, AS 59019",98899.74,25
2026,Daniel Wilkerson,"903 Ellison Spurs, East Valeriestad, PA 32275",72933.87,41
2027,Rachel Edwards,"2116 Tonya Bypass, Gatesmouth, PA 12145",36792.23,64
2028,Mitchell Flowers,"64443 Kaitlyn Port Suite 914, East Hannah, VT 01478",111098.6,57
2029,Julie Hernandez,"PSC 7683, Box 5278, APO AE 82709",139947.16,35
2030,Sonya Griffin,"09338 Robinson Bridge Apt. 900, Lewisberg, MA 67934",176794.86,63
2031,Jessica Bernard,"USNV Campbell, FPO AA 72790",161605.82,54
2032,John Tran,"034 Lara Route Apt. 324, Gomezchester, PR 69754",110849.96,65
2033,Rodney Brown,"351 Edwards Ford Suite 185, Port Jessicafort, MO 75065",124644.66,48
2034,Heather Montoya,"6003 Seth Island Apt. 296, Zacharyberg, CO 01641",130948.42,36
2035,Catherine Clay,"5795 Shawn Curve Apt. 766, West Chadberg, NE 40725",104879.8,63
2036,Cody Mathis,"72298 David River, West Danielle, FL 41316",133062.86,45
2037,Megan Obrien,"14962 Johnson Valley Suite 953, New Taylorborough, TN 86519",56554.9,56
2038,Jonathan Ellis,"8244 Jordan Lock, Lawsonside, IN 57049",164348.97,60
2039,Sally Frazier,"86825 Alyssa Isle Apt. 562, Sparksfurt, MS 74630",42912.09,62
2040,Brianna Aguirre,"2734 Weeks Viaduct Apt. 704, Thompsonbury, KS 84129",170483.86,53
2041,Shawn Jordan,"1496 Amy Lane, Jacksonside, MS 99820",158082.61,52
2042,Kelly Boyd,"4940 Erin Underpass, Christopherchester, RI 93205",161065.27,25
2043,Robert Hall,"833 Amy Plains, North Randallborough, KY 61962",143957.35,41
2044,Barry Taylor,"7939 Christopher Spring, East Sarah, AK 10564",69929.31,38
2045,Brendan Duran,"239 Michael Forge, East Johnfurt, SC 90381",42300.85,35
2046,Austin Tate,"27023 Andrea Meadow, Lopezville, HI 82083",114821.86,45
2047,Albert Charles,"5690 Holly Spurs Apt. 917, Meltonborough, GU 99822",93475.16,36
2048,Edward Parker,"715 Larry Stravenue, Torresville, DE 61475",46430.44,49
2049,Amy Baldwin,"72820 Brown Road, Lake Vickie, VA 68615",151182.89,49
2050,Sean Fitzpatrick,"32160 Nicholas Rapid, East Joseph, CA 72116",47762.88,52
2051,Michael Webster,"2520 Christopher Creek Apt. 679, Jessicaburgh, NC 98164",99824.88,28
2052,Steve Snyder,"7811 Benitez Mountain, Doyletown, HI 42425",177197.26,62
2053,Colin Sanders,"7302 Billy Ports, Christophermouth, IL 84480",37576.52,46
2054,Diane Nunez,"98410 Johnson Islands, Aaronview, NY 42432",94789.09,56
2055,Eddie Hickman,"8467 Williams Avenue, North Debra, MO 36231",114619.32,26
2056,Sandra Morgan,"0172 Jackson Row Suite 328, New Anthony, PR 90888",149808.58,60
2057,Cynthia Smith,"34063 Ferguson Cliffs, West Anthonyport, AZ 53090",127443.03,53
2058,Austin Harrison,"1170 Nelson Knoll Suite 968, Craneland, GA 33874",116538.22,62
2059,Jo Keller,"138 Becky Crossing Apt. 456, Flynnfurt, NH 58038",132363.78,42
2060,Benjamin Valencia,"017 Ashley Turnpike Apt. 764, Charlesfort, VI 61672",87684.66,24
2061,Amanda Wilkerson,"5347 Scott Shoals, West Michelle, VA 20000",153405.36,50
2062,Thomas Fields,"489 Bowers Lake, Thompsonmouth, GA 81686",83136.03,60
2063,Tiffany Lewis,"024 Patricia Ridge Apt. 986, Gonzalezhaven, ME 50848",121992.92,63
2064,Dustin Taylor,"6523 Angela Plaza, Stanleyfurt, GA 20885",87677.71,49
2065,Gavin Hooper,"0620 Robert Fields, West Kimberly, DE 34816",51533.39,63
2066,Brandi Brooks,"526 Richard Union Suite 233, Stephenport, KY 35411",67153.33,42
2067,Robert Wilson,"PSC 4344, Box 2111, APO AA 45004",86495.15,61
2068,Kenneth Carter,"421 White Road Suite 638, West Charlesville, DE 53961",174842.88,39
2069,John Bishop,"PSC 6429, Box 9872, APO AA 58294",114415.13,44
2070,Erica Pearson,"9153 Bruce Island Apt. 451, Port Joshua, FM 75059",136803.93,23
2071,Michael Young,"245 Whitney Burg Apt. 246, Rebeccabury, WA 63205",165047.18,52
2072,Melanie Good,"USNV Harris, FPO AE 83822",55365.13,47
2073,Derrick Perry,"06963 Gentry Rest Apt. 218, Harperton, MS 44825",50509.42,60
2074,Billy Mejia,"011 Lucas Dam Apt. 160, West Kathleenburgh, PW 63493",63408.61,28
2075,Timothy Oliver,"212 Angela Common, Julieside, LA 18983",169881.36,46
2076,Samuel Montgomery,"420 Deborah Heights Apt. 442, Philipfort, IN 64508",66260.48,33
2077,Michael Ferguson,"528 Singh Station Suite 757, Lewisfort, UT 80298",138934.25,27
2078,Leslie Johnson,"798 Peter Mews Apt. 741, West Brendaview, VA 88666",144786.65,23
2079,Emily Ingram,"035 Harmon Well, New Michael, OH 83426",169360.85,64
2080,Mark Reyes,"54760 Murphy Common Apt. 101, Davidburgh, TN 18428",120377.61,49
2081,Ryan Mitchell,"45940 Mcgrath Rest, West Richard, IA 44589",101321.24,58
2082,Donald Sanchez,"76557 Todd Wall Suite 852, Charlesburgh, MA 98080",173647.6,29
2083,Donna Ellis,"75227 Christine Port, Murphyburgh, IL 82312",174758.94,21
2084,David Marks,"USS Thomas, FPO AE 87634",111902.83,24
2085,Debra Kim,"59124 Robert Streets Suite 753, Chadborough, TX 80228",115217.82,48
2086,Jaime Wright,"1426 Andrew Circle Suite 206, East Joseph, MT 10492",156628.34,51
2087,Kyle Fox,"265 Donna Square, West Curtisland, NJ 11645",169033.78,32
2088,Renee Williams,"85441 Wright Shoal, Brownburgh, TX 02584",135313.57,32
2089,Tamara Miller,"210 Sarah Oval, Jimenezmouth, WY 61289",140921.73,29
2090,Samuel Peterson,"USCGC Collins, FPO AA 39664",50015.32,63
2091,Stephen Clark,"PSC 8195, Box 4351, APO AE 07123",122079.17,41
2092,Marcus Andrews,"89233 Denise Wells, East Michaelland, ME 86330",108095.97,45
2093,Gabrielle Floyd,"4062 Smith Mill, Jennifermouth, SC 16661",95706.39,59
2094,Elizabeth Briggs,"64834 Shawn Wells, Wrightburgh, OR 37446",167806.99,36
2095,Keith Bryan,"PSC 5202, Box 3589, APO AE 60001",74671.4,42
2096,Brian Brooks,"891 Greer Knolls Apt. 659, Lake Jasmineshire, KY 41600",175721.29,49
2097,Jennifer Cooke,"Unit 6452 Box 3900, DPO AA 10010",151695.54,29
2098,Carolyn Salas,"Unit 8678 Box 5547, DPO AE 09561",94848.09,65
2099,Julie Freeman,"46709 Rodney Divide, Rebeccaberg, PW 66496",163533.34,53
2100,Amy Vazquez,"0734 Williams Gateway Apt. 613, Alexanderfort, OR 81514",78342.4,65
2101,Michael Miller,"5275 Holland Stravenue Apt. 286, Mcdanielhaven, MA 12338",114431.87,41
2102,Melanie Henderson,"5715 Houston Springs, Millerchester, MT 73859",138221.78,56
2103,Dr. Veronica Knight,"4605 Edwards Square, Wilsonland, IN 27639",126724.58,33
2104,Jennifer Lopez,"82569 Jones Crossroad Apt. 269, Singletonport, OH 92214",65408.34,39
2105,Lauren Tran,"319 Spears Centers Suite 270, Jeannefurt, OK 24513",134558.64,64
2106,Gregory Elliott,"30127 Sullivan Stravenue Apt. 176, North Karen, CO 75299",54237.4,62
2107,Shannon Sanchez,"Unit 0855 Box 3606, DPO AE 23278",176401.03,32
2108,Jason Bailey,"7569 Martin Rest Suite 104, Port Territon, IL 98083",108064.55,65
2109,Dalton Robinson,"746 Kaitlin Islands, Lake Jenny, WY 45267",127347.23,28
2110,Angela Hawkins,"38069 Wagner Loop, Lake Carlos, MA 26698",145312.38,56
2111,Tracy Baxter,"281 Washington Rapids, Port Sheilafurt, NE 50955",104653.64,57
2112,James Cortez,"81326 Perkins Harbors Suite 033, Carrburgh, TN 87535",171687.68,47
2113,Victoria Johnson,"53132 Singh Crossroad Suite 567, New Crystalton, GU 96390",132765.31,55
2114,Jacob Mason,"26524 Pope Rapids Apt. 852, New Wesley, GA 01022",76459.56,48
2115,Angela Martinez,"6491 Ricardo Corner Suite 576, Devinburgh, DC 92662",152204.19,54
2116,Nicole Rodriguez,"490 Anna Points Suite 943, Joymouth, NH 63449",50438.22,45
2117,Victoria Boyer,"865 Smith Street, Lake Patricialand, UT 48670",56072.37,63
2118,Michelle Garner,"95936 Sandra Prairie, Christophermouth, AK 54904",43207.69,38
2119,Justin Murphy,"878 Wanda Mill, North Elizabeth, AK 29794",143776.83,31
2120,Michelle Pierce,"09966 Patterson Forges, Martintown, ID 85287",177612.2,64
2121,Edward Wright,"6707 Beth Square Apt. 565, Trujilloborough, OR 53983",71331.35,24
2122,Andrew Green PhD,"64909 Nelson Manors, Francisbury, VT 87150",135136.25,39
2123,Hector Donaldson,"25312 Roberto Manor, West Joseph, NM 67136",64580.13,55
2124,Melissa Elliott,"14615 Mack Bridge Apt. 019, North Shannonhaven, NY 42473",39684.43,49
2125,Jeremy Chang,"743 Mullins Fort Apt. 894, East Danielhaven, MD 75898",49859.6,64
2126,Barry Robinson,"4284 Michael Cliff, North Tammyshire, SD 05986",142226.41,35
2127,Harry Evans,"94125 Howell Streets Apt. 323, Sheltonmouth, MS 56888",142649.85,56
2128,Mark Guerra,"34039 Pierce Place Suite 443, New Coryborough, MT 31803",91388.57,53
2129,Peter Beck,"026 Allen Expressway Apt. 715, Anitaside, MD 15865",148724.54,65
2130,Roger Garcia,"57767 Jones Dale Apt. 030, New Tara, NV 42390",76707.6,63
2131,Debra Howard,"03606 Burns Orchard, New Monicaburgh, KY 78763",41812.08,45
2132,Timothy Gray,"36496 Gould Square Suite 145, South Michael, HI 47089",91195.42,64
2133,Eric Roman,"2699 Jasmine Via, Stacyville, GU 15209",80334.83,56
2134,Jeffrey Barry,"57646 Kaiser Run Suite 068, New Amyhaven, WA 27963",42801.32,37
2135,Shannon Walker MD,"5860 Sandra Hills, Nicholasbury, PR 27576",64447.65,49
2136,Laura Sanchez,"45705 Levi Well Suite 782, Leeside, AL 84365",155347.6,61
2137,Christopher Adams,"1618 Mejia Stravenue, Carpentermouth, WA 33391",137171.21,62
2138,Dr. Christopher Mcclain,"38547 Goodwin Square Apt. 681, North Laura, FL 23943",88322.46,58
2139,Tiffany Davis,"328 Michelle Track, Lopezbury, TX 76492",114259.19,59
2140,Nicholas Pruitt,"4189 Lucas Pines Apt. 140, East Michaelbury, AK 27111",63488.02,33
2141,Brooke Hernandez,"490 Riggs Prairie Suite 571, Claytonhaven, OR 94059",77655.77,32
2142,Charles Lee,"86286 Cruz Road Apt. 476, Lake Erinside, HI 28144",177600.73,25
2143,Christopher Ward,"7363 Randy Gardens Apt. 846, North Taylorfurt, MH 20456",62111.6,32
2144,Alexis Duffy,"9084 Campbell Common Apt. 634, Port Wendy, AZ 30482",141586.53,28
2145,Amy Sampson,"66228 Cox Island Suite 140, Shawnfurt, FL 21844",89693.74,48
2146,Heather Gallagher,"486 Benjamin Street, Burgesston, HI 51549",75471.28,37
2147,Elizabeth Garza,"9538 Regina Stravenue Suite 244, North Robertfort, ND 71849",53859.65,58
2148,William Russo,"65024 Penny Trail, West Joseph, KS 02334",157672.06,21
2149,Robert May,"98502 Donna Burg Suite 066, Davisside, MA 31169",82931.6,30
2150,Mary Parsons,"7955 Moss Circles, New Samantha, VI 72905",40791.39,41
2151,Eileen Chang,"88152 William Wall, Dillonmouth, VI 51943",121547.65,61
2152,Barbara Ochoa,"50507 Valerie Dale Suite 913, Johnbury, GU 90678",124263.26,63
2153,Holly Harmon,"623 William Haven Suite 037, Kellyborough, PA 77051",78667.45,57
2154,Brittany Simon,"30864 Karl Loop, Port David, SD 06636",114773.23,25
2155,Robin Cook,"871 Richards Villages Suite 182, South Tracy, CT 08280",148684.56,41
2156,Karen Roberts,"117 Todd Glen, North Jamesview, MI 52206",111182.28,32
2157,Stacy Watts,"PSC 8657, Box 3744, APO AP 50093",110487.91,53
2158,Tracy Ramos,"047 Garcia Avenue Apt. 803, Blackborough, NY 84309",58108.72,55
2159,Ryan Anderson,"43935 Richard Dam Suite 957, Brookschester, MT 73985",112870.21,26
2160,Justin Williams,"3678 Steve Drive, Maryside, CA 33071",85663.43,34
2161,John Tanner,"303 Allen Lakes, Lake Helen, PR 52553",131183.5,42
2162,Matthew Holden,"40114 Houston Hollow Suite 547, Lake Molly, NV 61215",87315.68,34
2163,Philip Cisneros,"8194 Carson Loaf Suite 977, New Paul, WI 04606",172794.7,60
2164,Patricia King,"8910 Kelly Creek, Burchmouth, NE 82407",111922.34,56
2165,Stefanie Johnson,"88771 Benton Ports, South Lukemouth, HI 30857",154434.82,62
2166,Eric Jones,"8671 Paul Valleys Suite 281, Port Kayla, MP 15924",36276.54,63
2167,John Hart,"249 Claudia Lodge Apt. 841, Ericaside, WI 44375",85171.06,36
2168,Cheryl Reeves,"76318 Richardson Lodge Suite 071, Potterview, KS 72254",166151.99,60
2169,Sarah Nelson,"40756 Edward Trail, North Jessicaport, WI 05789",168198.06,36
2170,William Tucker,"88542 Bradshaw Summit, Jonathanshire, VT 64126",174040.04,64
2171,Natalie Hernandez,"973 Russell View, Victoriamouth, VA 48502",163420.72,45
2172,Sara Huff,"710 Lopez Radial, West Deborah, OR 07728",167810.2,28
2173,Melissa Simpson,"60174 Jackie Glens Apt. 256, North Kellyborough, MH 13556",90952.01,55
2174,James Snyder,"71279 Garcia Meadows Apt. 506, Gregorymouth, GA 75142",139976.46,22
2175,Sydney Watts,"6762 Melanie Mill, East Joannaport, IA 09920",167143.71,44
2176,William Hall,"4725 Brown Haven Suite 782, Lake Jamestown, MO 91426",109574.81,53
2177,Erica Pope,"1340 Perez Way, East Laura, TX 07765",99605.75,23
2178,Michelle Reyes,"0532 Moore Run Apt. 694, West Jeffrey, GA 66112",77982.93,62
2179,Susan Owens,"138 Stephanie Mission Apt. 213, Parsonsmouth, PR 73628",62914.3,53
2180,Susan Castro,"2615 Anthony Branch Suite 570, Tamaraburgh, RI 49453",46940.09,27
2181,James Vasquez,"23599 Rios Island Suite 926, West Ryan, AZ 50685",59272.25,55
2182,Frances Reed,"751 Thomas Pike Suite 953, Port Tiffanymouth, AS 26438",112314.84,61
2183,Sean Aguirre,"197 Watts Creek, West Robert, CO 52498",44493.41,63
2184,James Flores,"USCGC Carrillo, FPO AE 20314",126279.6,34
2185,Bethany Leonard,"81014 Gary Stravenue Suite 198, Bradleyside, PA 86785",160417.87,48
2186,Jermaine Gibbs,"68179 Alan Bridge, West Zacharyshire, PA 02063",156171.44,34
2187,Matthew Hays,"0334 Matthew Bypass, Lake Jenniferton, MA 49869",112974.36,65
2188,Dr. Gloria May,"902 Kimberly Cliff Apt. 669, Robertberg, SC 10342",162402.4,48
2189,Tyler Roberts,"4281 Janice Stream Suite 983, Waterston, NH 35559",128751.37,25
2190,Samantha Logan,"126 Michelle Drive Apt. 331, Juliestad, MT 90527",143299.17,30
2191,Mike Savage,"7813 Justin Ports Suite 043, Robertsville, MO 35978",38444.18,42
2192,Joseph Thomas,"22307 Victoria Stream Suite 641, South Corey, IL 88253",40493.52,25
2193,Helen Franco,"5861 Gwendolyn Walk Apt. 934, New Jeffreyview, SC 37103",42868.87,37
2194,Megan Wells,"206 Watson Ridge, East Mitchell, PW 78869",115922.21,57
2195,Charles Ellis,"68312 Peterson Glens, New Jamiestad, MA 83702",154134.8,37
2196,Sandy Nicholson PhD,"017 Miller Burg, Andersonport, MN 02824",94106.75,49
2197,James Chang,"53414 Christine Burgs Apt. 231, Masseychester, NH 75620",126381.5,48
2198,Stacy Henderson,"7201 Dorothy Circle Suite 083, Johnmouth, PR 73614",80878.62,45
2199,Albert Miller,"795 Jacob Summit Suite 225, New Jeremy, RI 17497",132628.32,55
2200,Carl Dyer,"77457 Williams Coves Suite 211, Aliciachester, AZ 30290",35855.34,60
2201,Chelsey Hall,"842 Katherine Underpass Suite 759, West Elizabeth, WY 78365",44169.45,58
2202,Paul Brown,"928 Allen Rue, East Vickimouth, ME 53886",41599.94,25
2203,Jason Ortega,"7781 Lewis Mall Apt. 395, Kimberlymouth, WY 77279",86866.52,53
2204,William Wilson,"35019 Murray Park Suite 962, Leonardhaven, PW 76970",50389.65,64
2205,Ronald Carter,"USCGC Shelton, FPO AP 11759",78695.85,26
2206,Kristen Welch,"08100 Julia Fall, Contreraston, MO 24382",75820.03,49
2207,Frank Morris,"096 Garcia Square Apt. 800, Crystalstad, NY 91548",90304.97,63
2208,Mr. Christopher Thompson,"966 Padilla Crossroad Suite 830, Dannyville, OR 61416",39468.78,31
2209,Gary White,"35367 Lowe Springs Suite 773, Rebeccaberg, MS 44384",112352.83,29
2210,Karen Williams,"9791 Smith Neck, Lake Paulaburgh, VI 67348",143279.32,55
2211,Richard Miller,"4666 Wall Groves, Hernandezland, NH 16191",77771.88,61
2212,Carolyn Tate,"303 Michael Flat Suite 952, Markmouth, VA 96960",55890.95,64
2213,Katherine Flores,"072 Denise Hills, Randallview, VA 54921",163611.83,62
2214,Traci Jones,"9936 Daniel Ports, Thompsonmouth, MA 52204",89103.92,21
2215,Dawn Carpenter,"95663 Bryan Lock Apt. 621, West Erikafurt, KS 07904",115261.01,56
2216,Joel Figueroa,"USS Pitts, FPO AP 14669",55499.21,23
2217,Patrick Cox,"739 Diaz Estate, Weeksburgh, WV 78580",35729.33,59
2218,Paul Long,"5489 Thomas Falls, Lynchville, MD 38831",92141.85,56
2219,Catherine Short,"293 Kimberly Views, East Tinafurt, NY 75464",172312.01,40
2220,Robert Fisher,"8841 Porter Corner, Lake Cathy, CA 69484",65457.67,43
2221,Michael Lucas,"1765 Grant Estate Apt. 355, Lake Amy, OH 64758",65701.86,62
2222,Sheila Villanueva,"82933 Sampson Plains, Rosefort, CT 49595",158461.53,30
2223,Cheyenne Pratt,"7268 Jefferson Parks Suite 645, Arthurberg, MH 68648",58338.38,35
2224,Peter Leblanc,"088 Sarah Neck Suite 645, Lake Ericaside, DE 85764",124448.31,37
2225,Joseph Rodriguez,"9744 Graham Radial Apt. 788, Bennettfurt, WY 83600",63177.3,32
2226,Phillip Allen,"7496 James Neck Apt. 262, New Sarastad, AL 24266",132291.8,57
2227,Dylan Dunn,"5052 Caroline Branch, Rebekahtown, KS 62529",158576.41,56
2228,Jason Weber,"91459 Hayes Lodge Suite 098, Beverlyside, CO 58052",101883.45,56
2229,Kari Le,"97885 Drake Parkways Suite 571, North Lauren, RI 70653",45605.96,63
2230,Dennis Rubio,"63952 Mendoza Neck Suite 743, Bowmanland, FL 29633",44767.6,27
2231,Kaylee Wallace,"189 Rivera Park, East Jessica, GU 78442",63625.55,58
2232,Richard Hull,"4517 Noah Plaza, Justinmouth, VA 74854",105642.61,42
2233,Danny Turner,"71239 John Centers Suite 533, Natalieborough, FM 94044",86785.06,63
2234,Tony Edwards,"PSC 9809, Box 6282, APO AP 92765",130043.58,27
2235,Jamie Smith,"578 Kimberly Turnpike Suite 376, North Brianna, NJ 60224",76344.89,25
2236,Martin Robertson,"6097 Gordon Islands Suite 004, Wendyton, NV 92809",165517.2,41
2237,James Landry,"PSC 0107, Box 9322, APO AA 47122",105449.88,42
2238,Jose Reed,"9415 Porter Cliff, Ramosborough, OR 72740",124369.65,40
2239,Tina Dougherty,"581 Lambert Parkways Suite 075, Kathyside, AS 00791",135551.43,30
2240,Patrick Morgan,"8395 Kayla Streets, West Christopherborough, PR 06457",117005.04,44
2241,Jason White,"6838 Harrington Views, South Michelle, NC 44226",152116.47,48
2242,Keith Olsen,"9241 Thomas Neck, North Monica, NE 90742",59452.73,41
2243,Andrew Bernard,"68483 Osborne Track, South Scottborough, ND 52230",70695.4,35
2244,Melvin Williams,"5957 Jessica Terrace Suite 410, Sherrymouth, NJ 86869",138268.87,62
2245,William Carter,"85587 Jason Oval, Katelynfort, SC 20027",98237.99,44
2246,Alex Roberts,"50749 Daryl Light Apt. 816, North Matthewstad, SC 50623",54474.35,42
2247,Ann Wong,"5000 Rogers Hollow Apt. 892, Lake Tim, MO 75301",162293.45,50
2248,Amanda Curtis,"356 Stevenson Walk Apt. 363, South Kelly, DC 22094",99576.91,40
2249,Frederick Hicks,"83351 Pitts Shores Apt. 449, Moralesbury, TN 80123",105610.85,27
2250,Andrew Johnson,"8867 Megan Cove, Alejandroshire, MS 14852",60486.67,59
2251,Amber Riley,"USNS Jones, FPO AE 77831",46886.19,38
2252,Ashley Sanders,"03846 Erin Plaza, West Brianfurt, KS 43166",159513.48,29
2253,Jason Cowan,"25361 Scott Ramp, Fosterburgh, WY 99580",164238.07,33
2254,Lauren Reilly,"4508 Crystal Rue Suite 173, North Katherine, WI 65517",73169.02,61
2255,Jeff English,"4716 Johnson Greens, Katiestad, HI 56880",46087.04,25
2256,Warren Fleming,"694 Scott Shoals, Port Jeffreymouth, OH 06338",164355.25,53
2257,Jonathan Poole,"373 Galvan Street, West Rachel, GU 62789",126585.84,58
2258,April Solis,"6440 Ryan Crossing, West James, FL 43171",118940.61,58
2259,James Hawkins,"213 Mcmillan Wall Suite 510, Joshuaberg, VI 82870",65850.3,23
2260,Charles Olson,"808 Holland Pine Apt. 072, Jonesfurt, ID 27439",114981.13,55
2261,Michael Lopez,"132 Harrison Mission Apt. 326, South Sergio, VA 56802",164627.96,55
2262,Jeffrey Mendez,"PSC 8194, Box 6877, APO AA 76990",103455.07,30
2263,Vanessa Roberts,"36757 Vanessa Village, Ortizview, VT 79607",88043.7,35
2264,Abigail Mcdaniel,"8320 Charles Crossing Apt. 177, West Johnton, PW 27681",164258.44,58
2265,Kimberly Lopez,"180 Raymond Harbors Apt. 236, New Brian, DE 78749",141317.89,39
2266,Joseph Steele,"PSC 5311, Box 5439, APO AA 71827",54412.78,53
2267,Heather Sanchez,"106 Smith Manor Apt. 365, West Randyberg, MT 86093",109009.74,46
2268,Charles Roy,"51826 Sherri Trail, West Bradley, MT 16933",87760.51,21
2269,Joseph Johnson,"970 Taylor Ridges Apt. 099, Dayburgh, VI 55898",131088.38,60
2270,Jennifer Brooks,"Unit 3681 Box 6821, DPO AA 06002",134203.44,53
2271,Darrell Duke,"43903 Carrie Drives Apt. 056, South Laura, NJ 01454",55353.75,31
2272,Victoria Walls,"798 Bryan Extension Suite 381, Sheilaberg, PA 27660",60976.05,57
2273,Kenneth Lambert,"0149 Andrea Vista Suite 754, Lake Christopher, ND 53168",130614.93,30
2274,Heather Adams,"9246 Ricardo Rapid, South Megan, MN 84193",141708.37,51
2275,Mariah Ramirez,"PSC 8387, Box 5007, APO AP 61419",171180.41,23
2276,Lisa Brown,"11359 Justin Fords Apt. 156, Bakerville, AR 11431",66728.77,52
2277,Andre Tanner,"2062 Lisa Lights, Lake Ashleyland, MS 97919",68603.74,37
2278,Philip Ross,"USNS Wilson, FPO AE 38883",88568.1,23
2279,Joshua Moore,"1719 Stewart Streets, Brandonville, PA 87778",131944.91,54
2280,Heidi Spencer,"56735 Leah Fork, Carlyland, NJ 57150",166620.28,44
2281,Christopher Rodriguez,"28671 Randy Islands, Smithport, OR 22469",91273.5,50
2282,Holly Griffin,"490 Ruiz Parks, Jamesberg, VT 65511",162825.04,23
2283,Lori Montgomery,"61587 Richard Stream Apt. 171, Michelleville, CO 09242",177185.52,41
2284,Nathaniel Wilson,"4673 Rose Ford Suite 174, New Patriciatown, TX 54223",49967.63,54
2285,Frank Conway,"570 Jonathan Crossing, South Richardland, NH 04292",126867.21,38
2286,Daniel Mcdowell,"3831 Spencer Burgs, West Theodore, MS 47379",156056.48,37
2287,Jennifer Smith,"542 Sharp Station, Tranberg, PR 38630",118901.56,57
2288,Jason Ramirez,"1147 Rich Shoals, Benderberg, KY 99184",60208.22,62
2289,Beth Farley,"2116 Ross Fork Suite 159, East Joshua, UT 55888",89885.18,58
2290,Charles Bruce,"5331 Goodwin Groves Suite 060, Debbieport, CT 13100",129733.8,25
2291,Cindy Baird,"PSC 1346, Box 3107, APO AP 78963",109916.12,45
2292,Amber Webb,"6018 Tracey Harbor Apt. 544, Torresfort, IA 31711",176037.75,35
2293,Daniel Odom,"69701 Shaw Lake Apt. 531, Roblesmouth, AR 33808",109873.91,43
2294,Dr. Cindy Smith,"PSC 1859, Box 6897, APO AA 84945",153499.33,43
2295,Manuel Jackson,"95792 Alyssa Mission Apt. 668, South Staceyburgh, LA 10588",105594.93,51
2296,Mark Davis,"62789 William Place Apt. 683, Port Davidville, NH 76859",163639.93,21
2297,Charles Spencer,"31256 Jimenez Key, Port Hannahborough, NC 45594",107766.36,29
2298,Stephanie Martinez,"141 Joshua Extensions Suite 732, West Debra, IN 92190",98785.31,35
2299,David Odonnell Jr.,"PSC 2094, Box 2079, APO AE 63566",46177.79,62
2300,Jacob Romero,"50592 Perez Ways Apt. 955, Snyderbury, MO 39217",75717.38,30
2301,Catherine Clark,"38161 Brandy Corner Apt. 511, East Dianaton, CT 04352",62101.32,44
2302,Cody Dougherty,"6948 Dawson Wells, East Jasonberg, HI 30404",122292.94,28
2303,Susan Grant,"709 Clark Village Apt. 370, Annamouth, NC 27384",130860.9,47
2304,Christopher Perez,"Unit 6822 Box 6080, DPO AP 78627",152620.03,28
2305,Austin Rodriguez,"449 Amber Flat Suite 473, North Jeffreyborough, NV 08522",104819.91,51
2306,Laura Foster,"4077 Alexis Fort Suite 588, Port James, KS 72822",104458.07,58
2307,Mary Maxwell,"385 Linda Dale, Travisshire, OH 22255",58380.71,47
2308,Kaylee Doyle,"6415 Javier Bypass, Ingramfurt, MT 55039",38254.68,23
2309,Katherine Newman,"31191 Terry Cove Suite 530, South Jamie, DE 25445",53543.34,58
2310,Anthony Freeman,"37930 Davis Plain Apt. 004, Zacharyton, NJ 19359",58363.73,61
2311,Jeanne Clayton,"46847 Dylan Turnpike Suite 065, New Donna, AK 44447",109333.21,57
2312,Colleen Roman,"USS Anderson, FPO AA 21329",56295.44,31
2313,Nicole Johnson,"55081 Ryan Union, Joshuachester, MD 92781",72447.65,32
2314,Zachary Terry,"744 Arthur Island, Brianstad, MH 11631",109912.9,46
2315,Tammy Leblanc,"4092 Dave Lock Suite 599, North Sandy, AK 09879",121906.84,57
2316,David Burton,"8067 Ashley Ville, Kristaview, NE 47601",127455.29,63
2317,David Cherry,"04645 Hanson Lights Apt. 487, Georgechester, AK 37470",154088.98,26
2318,Kristen Jacobs DVM,"7601 Alyssa Square, Morrisonland, CO 66973",66406.05,59
2319,Michael Rodriguez,"50815 Guzman Inlet Apt. 150, Parrishland, WI 65677",178952.49,51
2320,Mark Sutton,"631 Hannah Forks Apt. 319, Moraleston, GA 47978",59732.18,47
2321,James Gutierrez,"6964 Juarez Row Apt. 441, East William, WI 09323",122121.61,58
2322,Savannah Pope,"4792 Goodman Islands, Lake Micheleport, NC 75900",153965.71,32
2323,Alicia Smith DDS,"3924 Castro Row Suite 376, Barnesview, PR 75496",125365.7,53
2324,Daniel Schmidt,"51918 Martinez Crossroad Suite 476, Reynoldsfurt, WV 08020",73355.5,64
2325,Angela Martinez,"64259 Daniel Mews Suite 085, Waltonmouth, MD 75888",84687.33,50
2326,Mark Singleton,"967 Dorothy Walks, Kristenfort, NJ 15047",121497.34,25
2327,Henry Cole,"50155 Scott Haven, Lake Mariahside, MD 60570",68323,45
2328,Brandi Price,"4845 Oconnor Station Suite 663, Port Matthew, KY 24584",54170.91,22
2329,Tanner Cook,"Unit 5307 Box 2772, DPO AP 82424",64340.54,53
2330,Patricia Wells,"89426 Johnson Lodge Suite 980, Port Steven, TX 40639",134233.34,30
2331,Christopher Conway,"50079 Pham Meadows Suite 377, Beckerview, DC 36964",122799.1,32
2332,Jason Roberts DVM,"69507 Matthew Fall Suite 016, West Ronaldfort, NC 08624",104001.03,60
2333,Mr. Daniel Mendoza,"34902 Stacey Neck, Jessechester, OK 94362",121973,55
2334,Richard Hanson,"69599 David Square, New Melanie, MT 34952",107982.74,28
2335,Barry Rodriguez,"146 Lawrence Court Apt. 203, New Lisa, WA 08307",48512.55,63
2336,Lindsey Cruz MD,"39438 Jennifer Knolls Suite 288, Paulfort, VA 63329",53897.68,59
2337,Mark Soto,"27721 Johnston Via, South Ericton, MP 43755",113196.47,21
2338,Christopher Ramos,"483 Thomas Point Suite 793, Michelleland, AS 22975",165060.5,64
2339,Tracy Ramos,"7869 Brett Brook Suite 629, Clinefurt, MD 24440",129138.6,54
2340,Diane Manning,"802 Justin Greens, Lake Paulamouth, AS 13907",95999.18,23
2341,Brandy Rowe,"0265 Rice Courts, Christinebury, AS 47372",136158.21,48
2342,Blake Clark,"101 Dixon Land, Ramosbury, FM 12510",68275.51,51
2343,Karen Benson,"749 Christopher Mission, Roberttown, AS 65993",149485.56,45
2344,Mrs. Terri Thornton DDS,"Unit 7373 Box 3970, DPO AE 01247",85825.08,65
2345,Stanley Roberts,"89224 Tonya Mall, East Alexandriamouth, KY 91263",118537.52,48
2346,Tammy Brown,"PSC 5143, Box 5804, APO AA 11440",54413.05,51
2347,Justin Castaneda,"Unit 0450 Box 1531, DPO AP 15247",146049.54,26
2348,Erin Rasmussen,"PSC 6027, Box 6934, APO AA 64036",76073.67,55
2349,Jennifer Boone,"2575 Mary Extension Apt. 464, South Brittanyview, TN 98301",94253.77,33
2350,Jennifer Rodriguez,"4182 Waters Coves Apt. 488, South Brianside, AK 10415",35793.07,21
2351,Megan Roy,"82678 Jefferson Islands Apt. 444, West Rebeccaview, WA 18510",118808.14,28
2352,Tammy Cannon,"088 Holly Vista Apt. 151, South Elizabeth, TN 54902",110365.47,45
2353,Sonia Jenkins,"42416 Kenneth Well Apt. 768, South Deniseton, NE 70608",129909.19,65
2354,Dennis Simmons,"397 Jenkins Cove, West Johnmouth, WY 11450",151621.64,47
2355,Allen Snyder,"1800 Gaines Plaza Suite 284, Michaelchester, CT 69900",87529.12,30
2356,Tammy Olson,"2192 Angela Fort Suite 914, North Stephanie, OR 20298",96780.38,58
2357,Christopher Crane,"336 Buck Harbors Apt. 891, Lake Kaylee, MI 78227",71776.75,55
2358,Debra Mitchell,"880 Gregory Trail Apt. 562, New Javierville, WA 02409",96416.42,44
2359,Kimberly Hernandez,"62063 Brown Landing, Christineville, MD 16655",123722.7,64
2360,Steven Mullins,"96586 Paul Center Apt. 536, Lopezberg, AS 08445",92630.85,34
2361,Cassandra Marks,"9409 Hansen Mountain, Port Susan, SD 73750",94918.08,56
2362,Mr. Ryan Melendez DDS,"00665 Robertson Garden, North Katherine, KY 56939",104957.82,44
2363,Michael Edwards,"89706 Cunningham Vista Apt. 759, West Justinton, SC 41773",116068.61,51
2364,Samantha Brown,"8902 Coleman Land, East Adamton, MD 83152",71797.76,40
2365,Stephanie Wilson,"5473 Amber Falls Suite 406, New Franklin, MD 00850",118759.42,46
2366,Gregory Walker,"515 Villanueva Crescent, West Eric, NH 11068",141688.45,63
2367,Jeffrey Dixon,"51391 Miller Burg Suite 141, North Tammy, GU 00925",52267.44,35
2368,Mark Williams III,"Unit 1569 Box 9332, DPO AA 53869",99756.26,65
2369,Brianna Schroeder,"3879 Bobby Drive Suite 239, South Tiffanystad, MT 26544",172640.55,27
2370,Andrew Miller,"73949 Derrick Island, New Jeffreychester, MS 76339",66096.43,46
2371,Colton Evans,"Unit 5314 Box 5945, DPO AA 72842",148981.76,56
2372,Isabel Webster,"6318 Williamson Prairie, Richbury, IA 88815",124033.68,64
2373,Betty Smith,"38831 Smith Drive, Anthonyberg, NM 02618",137484.54,31
2374,Alexander Collins,"6847 Lisa Run Apt. 602, Edwardshaven, PA 55350",91420.03,61
2375,Christina Gordon,"80882 James Walk Apt. 970, New Laurashire, ND 22747",35767.14,26
2376,Jonathan Mccoy,"621 Anna Shore, Francofurt, NH 69628",154372.04,51
2377,Melissa Wagner,"960 Nicholas Locks Apt. 279, West Jessicaburgh, MN 23026",169249.96,48
2378,Deborah Morris,"USCGC Gardner, FPO AE 89317",47780.4,37
2379,Chad Welch,"703 Blake Circle Apt. 480, Nicoleview, KS 70061",67156.69,26
2380,Ms. Amanda Wilkins,"USNS Lee, FPO AA 42223",123309.18,45
2381,Tabitha Ellis,"0213 Elizabeth Parkways, South Jacquelinechester, ME 07855",169949.32,46
2382,Mark Henson,"08780 Sean Extensions Suite 371, South Jessica, VI 69429",124025.01,54
2383,Allison Kaiser,"8137 Jennifer Haven Apt. 175, Hendrixview, NJ 78384",76538.04,59
2384,Tracie King,"8273 Michael Way, Ortizberg, AZ 69690",43332.14,32
2385,Adrian Lozano,"0157 Phillips Lights Apt. 199, Dixonmouth, MP 56525",127842.24,49
2386,Calvin Leach,"45866 Thompson Fall Apt. 722, Kennedyview, AZ 57314",36553.01,63
2387,Annette Hays,"273 Lambert Pine, East Christina, AS 27094",169959.98,54
2388,Mary Obrien,"4686 Anna Meadows, North Jeremyfurt, MN 65674",76470.94,23
2389,Justin Hansen,"149 Robert Orchard Apt. 506, North Jessicaberg, GU 56594",148674.12,53
2390,Dustin Myers,"49091 Brandon Coves Suite 659, Kyleport, VA 33087",109792.98,35
2391,Brendan Dyer,"74205 Lori Curve Suite 898, Parksborough, AR 65915",124202.55,64
2392,Christina Rodriguez,"Unit 5691 Box 0708, DPO AP 88035",40228.86,36
2393,Terry Lin,"40250 Richard Fall, South Victoria, PW 34217",129977.77,31
2394,Ronnie Lucas,"2650 Dudley Haven Suite 741, South Alexishaven, MN 92398",47592.21,38
2395,Heather Love,"Unit 8875 Box 5987, DPO AA 74396",148052.57,43
2396,Chelsea Green,"2823 Linda Courts Suite 430, Lake Tammy, DC 79549",132101,46
2397,Judith Ramirez,"32945 Fox Parks Suite 047, Andersonfurt, VA 36407",119981.62,54
2398,Karen Cobb,"419 Robert Road, North Antonioshire, NV 73775",37228.15,25
2399,William Austin,"64212 Rodney Parkways, Susanfort, WI 07095",168280.73,56
2400,Sharon White,"55799 Michael Vista, Jeremystad, MH 50164",76251.6,56
2401,Bruce Hernandez,"44070 Robert Run Apt. 139, Cherylport, IA 42795",167676.3,43
2402,Kimberly Logan,"PSC 5907, Box 3128, APO AE 10111",85383.89,38
2403,Rebecca White,"81544 Villegas Parkways, Port Steven, NH 07296",67812.85,33
2404,Mr. Alfred Johnson,"626 Jacob Lodge, West Jennifer, VI 26998",100940.06,46
2405,George Hernandez,"USCGC Obrien, FPO AE 33968",118361.47,37
2406,Amanda Palmer,"Unit 3798 Box 7752, DPO AP 85929",60380.04,53
2407,Kevin Hamilton,"184 Hill Coves Apt. 857, New Gabriel, AS 19743",50437.42,25
2408,Alicia Barnes,"PSC 1599, Box 5274, APO AA 71724",107959.53,42
2409,Wendy Rosario,"333 Theresa Mission Apt. 134, Riverafurt, FM 08833",172317.24,53
2410,Jenny Davis,"021 Laurie Turnpike Apt. 278, Parkershire, MI 68894",173722.86,55
2411,Nicole Humphrey,"1253 Nancy Turnpike, Leetown, MA 28781",152906.37,57
2412,Sandra Reyes,"879 Jenna Parks, Emmafurt, WI 25051",71270.52,49
2413,Thomas Rhodes,"15243 Anderson Shoals, South Markborough, VA 13218",175078.04,57
2414,Matthew King,"964 Costa Ports, Thompsonview, TN 27044",105126.33,36
2415,Abigail Andrews,"USNS Wang, FPO AA 87642",144833.63,50
2416,Henry Nash,"507 Luke Creek Apt. 511, East Christopherside, NE 59867",133831.23,58
2417,Albert Kelly,"566 Christine Valley Suite 760, Lake Masonview, IA 36167",159993.38,51
2418,Patricia Smith MD,"6475 Richard Vista Suite 573, New Dawn, NJ 39935",51858.9,25
2419,Anthony Smith,"233 Cheryl Hills, Hodgesburgh, DE 41214",90487.62,35
2420,Mallory Shields,"3730 Harris Wells Suite 289, South Jennaland, SC 55270",133152.38,35
2421,Dale Michael,"50710 Sanders Locks Apt. 367, West Barbaraview, DE 16180",151023.4,47
2422,Ryan Bowman,"631 Gutierrez Bypass Suite 087, Christinaland, VI 19993",173539.62,54
2423,Scott Dixon,"847 Atkinson Plains Apt. 437, Christyhaven, WA 51843",112669.53,65
2424,Jessica Thompson,"Unit 8230 Box 0971, DPO AA 34231",155665.67,36
2425,Gary Travis Jr.,"67211 Reyes Track, West Andrewburgh, PW 70586",76656.99,46
2426,Edward Collier,"371 Conner Centers, Elizabethburgh, TN 28893",132686.2,42
2427,Jacqueline Hudson,"131 Michael Passage Apt. 369, North Joshuamouth, PA 06813",46024.18,32
2428,Nicholas Campbell,"815 Cassidy Fork Suite 278, Port Jacquelineland, RI 90374",104100.54,43
2429,Richard Nichols,"068 Patricia Village Suite 416, Pittsfurt, CT 13978",66692.09,57
2430,John Hernandez,"67080 Yang Summit, Angelaview, TX 02027",74015.99,64
2431,Matthew Washington,"724 Arthur Circle Apt. 151, Davisstad, OR 73689",169887.01,33
2432,Cassandra Hernandez,"764 Chelsea Radial Suite 832, Charlesshire, AZ 11347",107354.9,33
2433,Scott Pacheco,"227 Terry Mountains Apt. 859, Melissaburgh, NE 66843",69054.9,36
2434,Luis Paul,"44821 Alexandra Avenue Apt. 155, Sullivanview, WI 13562",161547.66,34
2435,Jacqueline Dickson,"3237 Smith Trace Apt. 973, South Luisburgh, GU 42414",68235.09,36
2436,William Robinson,"213 Salinas Orchard Suite 562, South Jamesbury, MN 02992",156268.53,43
2437,Michael Gates,"804 Christie Highway Apt. 782, Lopezstad, NC 58262",57619.36,27
2438,Laura Dillon,"2587 Oscar Pine, West Michaelberg, GU 89163",52382.38,26
2439,Charles Harris,"7501 Mitchell Vista, Lake Shelley, WA 03706",132992.76,63
2440,Cindy Turner MD,"PSC 4775, Box 6886, APO AE 96984",106436.41,21
2441,Mr. Jeffrey Lawrence,"053 Amber Prairie, Port Gregoryberg, SD 29730",145815.41,55
2442,Dr. Jeanette Carey,"76445 Eric Islands Suite 222, New Tamiborough, WY 37283",173909,51
2443,Sandra Rhodes,"961 April Mission, New Ericafurt, AZ 96038",88823.5,41
2444,Kevin Pearson,"1068 April Drive Apt. 162, Smithburgh, NM 66934",106389.35,57
2445,Jon Lindsey,"3056 Curtis Run, Durhammouth, SC 05031",160971.48,52
2446,Janet Evans,"88899 Erica Plaza Suite 081, North Stevenport, PA 98090",61516.42,53
2447,Tyler Padilla,"085 Green Trail Suite 372, Port Jameschester, PR 94080",75638.66,35
2448,Wendy Nash,"91804 William Hills, North Kellie, NJ 75211",143774.56,29
2449,Erin Wise,"18180 Lisa Vista Suite 472, Lake Stephaniebury, CT 16628",42851.48,48
2450,James Harvey,"30231 Charles Pines Apt. 704, Lake John, DC 65241",104356.41,55
2451,Kelly Arnold,"206 Andrew Green Apt. 652, Jacksonfurt, CO 73014",39721.58,43
2452,Ashley Andrews,"17925 Jeremiah Ways, East James, SD 02860",92088.95,64
2453,Matthew Friedman,"401 Price Loaf, Port Janetfurt, AZ 61505",147506.07,50
2454,Steven Moore DDS,"980 Fitzgerald Ford, Jeremyborough, MN 04069",176593.54,65
2455,James Lopez,"49461 Sanchez Wells, Elizabethmouth, CT 27625",110139.75,41
2456,Calvin Vargas,"240 Parker Route, West Ashley, TX 55499",134935.53,21
2457,David Elliott,"85743 Cassidy Radial Suite 800, Port Angelaville, MO 19062",132744.94,45
2458,Katherine Williams,"314 Cox Village Apt. 394, Michellestad, NY 94428",119246.19,41
2459,Michelle Roberts,"201 Kathryn Rapid Apt. 232, North Nicholasstad, CT 79150",87432.34,37
2460,Tara Smith,"5075 Samantha Summit, South Lisa, NH 62519",62137.1,37
2461,Rebekah Ramirez,"228 Frey Street Suite 568, Muellerburgh, AL 19137",69385.18,51
2462,Dawn Booker,"03653 Freeman Terrace Suite 144, Lake Tamara, VI 98308",173986.39,42
2463,Michael Perkins,"3145 Kelly Points Apt. 029, South Jenniferstad, ME 62166",88059,52
2464,Ethan Pruitt,"294 Robert Course Apt. 909, West Marcus, SD 68857",96471.72,47
2465,Michael Ortega,"60741 Brown Meadow, East Glennburgh, MA 42837",136603.33,44
2466,Christina Barrett,"6228 Rebecca Key, Sarafort, MN 35353",87936.31,46
2467,Anne Wright,"Unit 9058 Box 4828, DPO AE 58908",75546.28,32
2468,Dan Fischer,"108 Laurie Manors Suite 612, Port Maryfurt, LA 51155",117854.41,57
2469,Jason Dunlap,"8562 Nolan Point Suite 501, Johnshire, OR 74528",134471.73,27
2470,John Smith,"610 Abigail Road, Kathyville, KS 31750",139518.24,36
2471,Shannon Morris,"28659 Amanda Crossing, Port Michaelhaven, PR 27391",115524.31,45
2472,Patricia Macias,"06730 Lisa Forks Suite 016, Marshallfurt, OR 19155",63429.17,30
2473,Shelby Perkins,"0719 Johnson Knoll, Carterport, MI 93124",103583.12,21
2474,Samuel Garza,"Unit 1438 Box 7673, DPO AP 84847",60608.06,52
2475,Bruce Holt,"7695 Weber Port Suite 263, Lake Thomas, GA 35165",54498.39,61
2476,Katherine Williams,"056 Hubbard Springs, West Bryanbury, ME 25561",109966.01,41
2477,Jerry Holmes,"876 Danielle Summit, Johnsonstad, AS 95000",148873.28,40
2478,Lauren Ruiz,"36374 Steven Place Apt. 131, Jamesland, ID 45649",71391.23,57
2479,Karen Wilson,"1114 James Extension, South Jamiemouth, ND 63609",41917.85,27
2480,Nicole Quinn,"5647 Caleb Courts Suite 885, South Richard, NJ 84005",135128.76,24
2481,Alexis Oneill,"83014 Wells Street Apt. 656, New Alyssaton, FM 89344",66242.76,37
2482,Deborah Jones,"244 Drake Ferry, South Cameron, IL 34881",104098.22,61
2483,Amanda Ayers,"3149 Hannah Path, East Shannonberg, WV 20385",48963.77,42
2484,Christina Garner,"30834 Diamond Locks Suite 764, Lake Thomas, OH 90998",72666.52,44
2485,Kristen Davis,"227 Angela Lakes Suite 392, Haleyside, IA 04980",116250.76,37
2486,Anita Sanders,"338 Jones Stream, Malonemouth, MO 02249",84900.34,47
2487,Johnny Harper,"4881 Matthew Burgs, New Christopher, NJ 70890",52579.44,64
2488,Joseph Caldwell,"859 Shelly Centers, Port Ivan, NV 85206",174651.9,33
2489,Anne Simmons,"69823 Brad Expressway Suite 861, West Ryanburgh, IN 07314",118643.79,62
2490,Jasmine Tran,"7014 Melinda Points Apt. 447, Port Ericside, ID 99759",129123.99,32
2491,Dustin Griffin,"37886 Timothy Forges Apt. 776, Lake Robertborough, RI 85718",177009.1,39
2492,Margaret Mccarthy,"5741 Wheeler Glen, South Richard, VT 32441",86490.81,64
2493,Karen Flowers,"453 Olson Orchard, Smallstad, OK 18601",109014.46,49
2494,Destiny Morgan,"837 Collins Wells, East Katherine, FM 49958",163996.71,45
2495,Carlos Adams,"7021 Burnett Extensions Suite 988, South Katherinetown, IN 57931",123981.25,50
2496,Christine Martin,"043 Scott Road, South Cheryl, GU 72449",126598.27,30
2497,Kayla Bennett,"86199 Hardin Alley, Charleshaven, IL 82374",160897.36,61
2498,Meghan Young,"75942 Winters Circles, Brooksstad, MN 42357",152118.99,42
2499,Joseph Lewis,"70560 Ewing Neck, New Jennifer, WV 37705",96163.39,60
2500,Kenneth Smith,"1615 Tonya Mill Suite 602, Kellystad, MS 79252",117887.45,25
2501,Kevin Dixon,"697 Ellis Vista, Josetown, MS 73454",46471.23,42
2502,Reginald White,"88249 Chapman Lane, New Janetville, NY 61613",68091.6,41
2503,Kelly Johnson,"63487 Cook Dam, Martinezshire, FM 32106",129686.9,38
2504,Lisa Cline,"94431 Christopher Flat, Victoriamouth, MA 58110",122780.82,46
2505,Linda Gillespie,"6872 Brian Row Apt. 657, South Heidi, SD 89762",74330.97,49
2506,Vincent Williams,"7767 Ballard Shoals Apt. 224, Mendozamouth, CO 77748",148241.24,44
2507,Erik Chan,"09454 Sandra Plain, Rachelborough, OH 97070",143444.85,54
2508,Jamie Chapman,"36674 Randall Rapids Suite 908, Holmesbury, OK 10818",175001.27,47
2509,Mrs. Kimberly Allen,"044 Owens Ferry Suite 072, Kevinmouth, VA 20235",59261.13,22
2510,Mr. Antonio Cook,"740 Stewart Course, New David, KS 50548",53130.79,36
2511,Cynthia Payne,"Unit 0356 Box 8991, DPO AP 02939",130993.27,65
2512,Maria Nichols,"750 James Shoal, Port Leah, SC 23221",143712.26,34
2513,Mrs. Tiffany Monroe,"USCGC Holt, FPO AA 89171",59202.02,27
2514,Robin Davis,"Unit 7186 Box 2667, DPO AP 69644",48855.29,51
2515,Jamie Hall,"81303 Julie Lodge Apt. 498, Turnerview, MO 52471",114522.89,22
2516,Roger Bradley,"64434 Mitchell Curve Apt. 762, New Deniseland, UT 23652",146785.39,54
2517,Lisa Mosley,"PSC 2800, Box 9205, APO AE 51005",145924.47,26
2518,Dylan Kelly,"001 Nancy Field Apt. 524, West Patriciaville, MD 84028",50069.62,60
2519,Jose Adams,"8612 Cole Stream Apt. 333, Ryanport, MH 20776",57514.78,62
2520,Juan Scott,"1629 Brown Mall Suite 103, New Kurtfort, FM 32708",170080.49,45
2521,Margaret Richardson,"655 Jordan Circles Apt. 038, Joanchester, NH 89029",79858.74,36
2522,David Leonard,"891 Frazier Views, Tinamouth, FM 84468",141951.02,49
2523,Christopher Soto,"USCGC Martinez, FPO AP 88103",125839.7,29
2524,Renee Lucas,"84751 Joanne Glens, South Emilyland, NY 96869",111377.64,31
2525,James Mcdowell,"405 Mack Mall, Christianton, MO 81349",39142.84,63
2526,Mark Jordan,"737 Mark Turnpike Apt. 315, Nicholasbury, WV 78611",86741.98,41
2527,Denise Flowers,"540 Breanna Expressway, North Bailey, AR 62389",160314.97,50
2528,Dana Gilmore,"003 Walters Track, East Julie, GA 51405",176372.32,55
2529,Steven Maldonado,"562 Lawson Landing Suite 578, Port Tracey, IN 78396",170554.35,56
2530,Kevin Roberts,"88857 Schmidt Ferry Apt. 957, Lake Misty, NY 32253",99502.52,65
2531,Kelly Smith,"9846 Marissa Terrace Suite 562, Erikafurt, SC 61810",113196.7,58
2532,Daniel Moore,"8750 Elizabeth Bypass Suite 520, Richardshire, PW 06660",121649.71,61
2533,Veronica Clark,"8477 Christina Canyon Apt. 444, Lake Timville, OK 63911",143592.18,57
2534,Joshua Weber,"20367 Cheryl Run, Lake Ralphview, DC 57328",98071.72,61
2535,Mark Holden,"7107 Michael Mills Suite 652, New Johnborough, AL 85883",127731.6,40
2536,Noah Miller,"15290 Mary Park, Chadfurt, FM 49987",166793.86,51
2537,Debra Avery,"2831 Henry Forest, Port Vickie, MS 97426",113251.88,26
2538,Douglas Wilson,"67377 Charles Crossing Apt. 007, Port Cathy, NY 87100",99069.74,44
2539,Marc Raymond,"117 Jessica Trafficway, Nelsonchester, WA 43891",94769.55,30
2540,Jacqueline Avila,"36759 Tate Rapids, Port Teresashire, WV 81502",79018.07,21
2541,Lauren Garrett,"486 Martin Trail Apt. 804, Maryborough, KS 28292",110880.85,29
2542,Logan Stephens,"00267 Morgan Mission Suite 396, Kristyland, NE 28133",84863.31,51
2543,Gloria Garcia,"303 Hunter Corners, Solisburgh, MS 30008",112589.34,65
2544,Sharon Stephens,"PSC 4808, Box 8611, APO AE 48648",168702.82,51
2545,Elizabeth Park,"7721 Dennis Coves Suite 810, Port Donnamouth, MT 56719",78443.53,48
2546,Susan Anderson,"3711 Shannon Avenue Suite 868, Hillport, CT 38619",150704.89,59
2547,David Golden,"953 Carter Ferry Suite 257, Schaeferside, OR 75165",68526.23,21
2548,Katherine Olson,"66032 Diane Streets Apt. 140, Jenniferton, TX 58158",114490.77,33
2549,Rita Bell,"Unit 1996 Box 3230, DPO AP 40734",94701.7,56
2550,John Rogers MD,"9533 Davis Crossroad, South Jacobhaven, CO 42563",98380.42,36
2551,Monica Sanders,"98051 Jose Flats, Lisaborough, MT 33226",58674.08,62
2552,Joseph Schwartz,"USCGC Ramos, FPO AP 99750",91509.87,45
2553,Danielle Freeman,"67621 Mcgee Garden Apt. 964, Turnerborough, DC 51729",66985.9,26
2554,Monica Mills,"516 Ann Radial, New Larryview, NC 20733",96224.71,36
2555,Jeffrey Bullock,"8128 Long Lodge, West Adrian, AS 14169",109908.46,60
2556,Vanessa Newton,"5224 Kirk Locks Suite 169, North Thomas, CA 60974",152098.37,64
2557,Jacob Sandoval,"4705 Connie Knoll Suite 458, South Robertport, ND 60745",74420.44,62
2558,Ashley Gardner,"6078 James Rest, Amberberg, PW 34071",142724.4,38
2559,Dustin Ashley,"0353 Rodriguez Manors, Larryville, AS 34848",94871.06,25
2560,Matthew Lane,"7391 Maria Parkways, Port Lawrence, KS 37428",61449.04,39
2561,Stephanie Smith,"1277 Robin Lights Suite 390, Lake Shannonview, NM 75201",51001.67,50
2562,Dawn Barr,"89229 Michelle Green, New Christinefurt, MD 73357",124570.77,38
2563,Amanda Neal,"5265 Burch Pine Apt. 238, Floresburgh, MT 06235",136568.53,52
2564,Ms. Holly Stephens,"880 Holly Alley, West Sarahmouth, ND 20656",62229.47,22
2565,Jennifer Warren,"203 Shawn Circle, Port Rogerburgh, GA 27379",57061.65,55
2566,Leslie Gray,"54151 Sean Villages, South Jessica, RI 87421",38208.98,27
2567,Roberto Wheeler,"863 Medina Walk, West Brandy, VT 51677",75906.61,29
2568,Kevin Huang,"495 Lynch Center Apt. 335, Melindahaven, MI 60209",138703.41,21
2569,Brittany Robertson,"389 Paige Common Apt. 558, Diaztown, UT 83894",68757.52,30
2570,Jason Nelson,"941 Mcdonald Islands, Lake Bobby, NH 78593",37135.1,34
2571,Katie Fleming,"4811 Thomas Estates Suite 584, Nelsonview, AZ 06282",84577.36,40
2572,Carrie White,"PSC 8658, Box 0720, APO AE 73566",148930.17,52
2573,Alison Bryant,"3575 Diane Ridges Apt. 555, Porterside, KY 56121",179704.7,50
2574,Monica Smith,"36242 Oliver Springs, Kristenton, AL 18250",136055.55,23
2575,Haley Armstrong,"44609 Lamb Mountains Suite 248, Washingtonmouth, MS 32327",82886.05,30
2576,Tina Raymond,"2890 Michele Spring Apt. 063, Danielleport, SC 88954",43125.56,46
2577,Adrian Baker,"223 Leslie Ways, Hutchinsonmouth, IA 28655",45350.78,51
2578,Dr. Wendy Hampton,"5755 Taylor Pass Suite 856, Angelchester, WV 50900",61332.54,37
2579,Walter Woods,"8713 Brett Extensions Suite 546, Matthewbury, IA 37950",153501.35,21
2580,Jordan Taylor,"7041 Watson Isle Suite 337, South Carriemouth, SD 14382",52684.43,36
2581,Kelly Garza,"759 Nguyen Harbors, East Bailey, CT 87686",90795.7,49
2582,Stephen Holland,"1180 Jennifer Lane Suite 743, Williamsview, ND 82253",70838.52,23
2583,Sharon Meyer,"43694 King Rapids Apt. 476, Lake William, CO 51745",63881.08,27
2584,Ann Nielsen,"4580 Lopez Turnpike Suite 521, Hoodton, SC 04131",110565.17,34
2585,Cheryl Brown,"Unit 0557 Box 4028, DPO AA 44542",103559.7,64
2586,Kimberly Schmitt,"9126 Jeremy Park Apt. 731, West Bonnie, ME 14802",174376.01,41
2587,David Manning,"25802 Bailey Villages, Jonesville, WI 50729",57998.66,23
2588,Rita Marshall PhD,"286 Dennis Squares Apt. 231, Scottton, DC 69269",142985.06,56
2589,Amanda James,"3443 Joshua Mall Apt. 263, Lake Michael, KY 10178",110534.31,37
2590,Margaret Vargas,"25215 Joseph Route Apt. 517, Lake James, MS 66998",104778.29,40
2591,Dennis Garner,"60235 Rios Drives Apt. 405, Leahbury, AZ 53664",63814.93,24
2592,Tonya Holder,"5892 Cox Roads, East Joseph, NY 64964",160230.36,34
2593,James Hart,"PSC 3355, Box 5638, APO AA 77842",176124.74,36
2594,Kelly Moore,"974 Riley Canyon, Port Michaelstad, NM 93750",126771.8,41
2595,Samantha Randall,"PSC 0792, Box 6609, APO AP 38372",37184.82,38
2596,David Wilkerson,"5056 Reed Islands, Lake Raymondside, MO 77931",119781.04,46
2597,Richard Joseph Jr.,"04300 Allen Circles Apt. 069, Masseyville, WA 32777",149425.85,21
2598,David Vargas,"2028 Rodriguez Via, East Eric, MT 89541",175481.06,58
2599,Valerie Martinez,"454 Dustin Street, East Justin, AK 19986",148603.91,51
2600,Carlos Park,"27892 Joseph Freeway, Bryanshire, MP 64504",134818.95,30
2601,Michelle Hall,"561 Bright Ferry, Patriciahaven, KY 53965",88852.81,26
2602,Rebecca Mitchell,"PSC 8977, Box 9536, APO AE 36555",71064.73,52
2603,Collin May,"3360 Todd Field, Lake Tarachester, NJ 95401",48253.23,60
2604,Benjamin Reese,"PSC 3629, Box 2459, APO AP 71962",84071.2,61
2605,Michelle Hancock,"438 Caleb Meadows, New Ernest, HI 21553",43707.59,43
2606,Sarah Gonzalez,"85223 Guzman Burgs, Thomastown, WI 76641",128463.36,65
2607,Doris Hatfield,"4124 Middleton Ferry, West Lisa, MS 58536",112771.23,27
2608,Kelly Holloway,"504 Stout Square, East Dawn, NH 36982",53244.98,35
2609,Thomas Trevino,"87895 Jessica Valley, West Johnton, OR 84257",80927.24,56
2610,Gina Olson,"257 Jeffrey Streets, North Adam, AL 73843",149341.46,43
2611,Stephen Grant,"467 Owens Roads Suite 291, Amystad, SD 50416",151801.18,49
2612,Amanda Little,"270 Mason Curve, Leahview, MH 82539",141312.38,22
2613,Brian Contreras,"6241 Roberto Lodge Suite 680, Stephaniemouth, OK 53230",134941.25,43
2614,Andrew Gonzalez,"5320 Flores Vista, East Tiffany, SC 09302",140037.88,37
2615,Daniel Oneill,"1524 Laura Cape, West Emmachester, ND 32935",165306.14,52
2616,Amanda Mcintyre,"122 Martin Wall, Hillmouth, LA 57914",137460.77,56
2617,Amy Gonzales,"4286 Benjamin Shoals Apt. 781, Lake Chadton, CT 18222",77733.62,65
2618,Ryan Roberts,"9421 Joanne Orchard Suite 900, Jonathanland, GU 07663",106063.34,57
2619,Peggy Brown,"149 Yvette Haven, North Jennifer, MT 38402",62060.88,43
2620,Derek Anderson,"431 Lauren Land, East Christopherhaven, NY 60231",81933.73,50
2621,Amanda Perry,"1414 Michael Cliffs Suite 609, Davidberg, NH 62646",74922.05,59
2622,Christopher Cooper,"15111 Thompson Stream Suite 143, Christinaview, DE 05188",167598.73,56
2623,Matthew Henderson,"725 Lewis Vista Apt. 737, East Dustinmouth, FL 42694",58249.79,54
2624,Kimberly Hinton,"0886 Jodi Meadow, West Katie, IN 31275",57478.69,39
2625,Brett Smith,"USNS Casey, FPO AP 13396",153815.69,55
2626,Michele Adams,"97192 Zachary Mission, Jessicamouth, VT 77985",88231.34,21
2627,Dawn Hernandez,"5026 Green Extensions, Sanchezchester, SC 78517",147508.1,53
2628,Sara Shannon,"51292 Hernandez Groves, North Jill, NM 62202",89961.32,32
2629,Mr. Matthew Gibson MD,"240 Cynthia Corner, East Julia, CT 47092",163025.19,60
2630,Christopher Hoffman,"1620 Sean Drive Suite 126, Brownside, PW 55351",159240.25,60
2631,Jenny Rodriguez,"403 Julia Falls, Myersfort, IL 99776",69624.05,25
2632,Raymond Butler,"99506 Park Row, Pattersonmouth, MI 03096",130451.97,55
2633,Allison Johnson,"908 Bradley Road, West Brandon, VT 77904",153762.21,33
2634,Sandra Bell,"Unit 5644 Box 1994, DPO AE 17121",110990.12,52
2635,Jason Long,"990 Ross Prairie, Port Crystalville, WA 41198",146031.44,30
2636,Kimberly Gutierrez,"21774 Terri Trafficway, Grahammouth, MN 03553",123890.69,41
2637,Yesenia Tyler,"3157 Newman Shores Apt. 295, Lake Amandaside, MO 05190",94421.66,41
2638,Theresa Brown,"675 Kennedy Land Apt. 515, West Doris, NM 37785",51017.3,54
2639,Timothy Crawford,"78003 Fernandez Walks, North Aaronberg, AS 01224",130539.2,23
2640,Sarah Scott,"99097 Burns Pike Suite 166, New Andrewfurt, KS 41451",156103.04,29
2641,Kyle Campbell,"616 David Extension Suite 726, North Matthewton, GA 95419",60902.63,23
2642,Patrick White,"5921 Reyes Parkways Suite 499, Port James, OR 59455",64301.46,52
2643,Heather Mcdowell,"USS Thompson, FPO AP 39040",62784.41,23
2644,Jennifer Glover,"37360 William Mill Suite 379, Scottborough, CT 69789",117796.77,45
2645,Martha White,"49278 Moore Flats, Reginaldland, MD 09596",130398.58,54
2646,Stephanie Moore,"6089 Williams Brooks Suite 658, Shawburgh, VT 41190",125475.72,58
2647,Jacob Fisher,"540 Bowen Road, Andrewbury, FM 75770",72111.09,44
2648,Cheryl Stephenson,"6908 Yolanda Hill Suite 029, Leonbury, HI 90590",67004.8,25
2649,Stephanie Glenn,"70791 Laura Squares, Blacktown, CA 47544",36897.49,34
2650,Michael Walsh,"5129 Carrie Rue, Michaelland, NY 27860",130083.66,26
2651,Jon Meyer,"425 Stephen Inlet Apt. 820, New Michael, TX 08308",102868.58,61
2652,Rebekah Ramos,"5005 Teresa Island Suite 603, Garrisonborough, IL 51494",43801.53,56
2653,Christopher King,"63295 Perry Circles Suite 824, South Kevin, MA 10356",142804.23,47
2654,Christopher Cole,"3061 Harrell Lock Apt. 174, New Nicholastown, MH 95619",154193.84,24
2655,Roger Chapman,"596 Sean Gateway, Woodsfurt, MA 34672",154428.23,38
2656,Danny Mcmillan,"5137 Hopkins Avenue, New Deborah, GA 55308",111708.02,25
2657,Rebecca Newman,"93675 White Land Suite 540, Port Kevin, SC 67369",155996.19,25
2658,Tracy Wright,"3642 Gina Walks Suite 705, Nicolefort, VI 52630",171967.5,54
2659,Shawn Hale,"87692 Brown Walks, New Amber, MH 95225",49082.29,35
2660,Seth Hayes,"834 Walker Curve Suite 385, Josephburgh, AS 37240",112090.85,33
2661,Luis Cowan,"6886 Amber Mission, Gonzalezview, TN 23320",63002.32,63
2662,Eric Trujillo Jr.,"78156 Mary Lodge Apt. 173, Randolphland, IA 97763",71070.64,61
2663,Kathleen Brown,"91666 Roger Inlet, Williamsonside, NC 95263",172387.98,56
2664,Morgan Mendoza,"PSC 2182, Box 2479, APO AP 83075",143633.18,47
2665,David Sullivan,"Unit 8670 Box 7167, DPO AE 84107",143185.71,61
2666,Max Howard,"8523 Barajas Ranch Apt. 093, Katherinebury, WI 58366",118601.73,64
2667,Glenn Anderson,"55822 Angela Views, Christopherland, WY 79624",101514.49,63
2668,Joanne Johnson,"931 Colton Vista Suite 453, East Ricardo, LA 21649",96925.87,27
2669,William Wyatt,"USNS Sanchez, FPO AP 98457",59187.35,32
2670,Carrie Oconnor,"4675 Kelly Radial, Melindamouth, NJ 06042",114744.99,53
2671,Michael Castillo,"8320 Rachel Unions, West Kristopher, MS 25794",83939.37,31
2672,Shelly Jensen,"8636 Bird Inlet, Rachaelhaven, FM 15845",112415.57,59
2673,Jared Blevins,"3920 Hoover Tunnel Apt. 429, Dylanberg, WV 10510",99236.76,43
2674,Ronald Adams,"506 Weaver Extension, New Bethborough, NY 63432",165860.32,56
2675,Bryan Taylor,"998 Briana View, North Migueltown, WI 87856",178762.13,41
2676,Megan Richardson,"6168 Jennifer Loaf Apt. 304, North Michellemouth, TX 91856",157503.83,47
2677,Jason Smith,"43360 Snyder Flat, North Jill, CT 16192",145806.73,48
2678,Hailey Andrews,"179 Caitlyn Ville, New Michellebury, MS 38877",154792.47,41
2679,Mason Stewart,"59483 Johnson Port, North Roberthaven, AL 14580",123219.94,57
2680,Gina Hendrix,"96439 Cox Vista Apt. 497, East Brian, PR 76967",114115.8,45
2681,Tracy Watson,"3256 Sara Springs, Port Laurenfort, AZ 35199",146027.69,37
2682,Juan Haynes,"693 Jennifer Bypass, Patriciamouth, WV 88609",87201.24,49
2683,Donna Miller,"3910 William Trail, Lake Randyfurt, NM 58252",99887.47,46
2684,Lori Gregory,"586 Jose Field, Drewtown, AZ 67973",35028.37,23
2685,Kiara Benitez,"8398 James Burg Apt. 773, East Brettside, WY 73241",177528.69,59
2686,Marvin Torres,"4878 Linda Glens, Lake Brittanyville, KY 02369",37363.85,29
2687,Patrick Spencer,"70004 Torres Shoals Apt. 234, North Nancyshire, LA 89418",179044.74,40
2688,Fernando Henson,"55614 Garcia Drives Suite 010, Lake David, MA 19591",35952.48,35
2689,Ashley Drake,"8324 Carol Summit, Sarahberg, TX 54414",66149.31,41
2690,Bonnie Hughes,"100 Caleb Station Apt. 301, Gibsonfurt, MA 48824",38146.7,65
2691,Jeanette Marshall,"368 Garcia Garden, Juanburgh, HI 66732",154238.93,56
2692,John Bates,"89059 Smith Track Suite 281, Danielsfurt, FL 43932",109134.37,57
2693,Katherine Miller,"74105 Sabrina Keys Suite 981, Matthewland, OH 41393",169258.76,30
2694,Michelle Tyler,"3522 Timothy Crossroad Suite 248, Howeburgh, OK 70590",48671.63,50
2695,Christopher Vance,"65134 Antonio Road Suite 781, North Kelly, WV 50275",86570.08,29
2696,Jake Brown,"1300 Daniel Circles, Rogerport, HI 11465",73423.29,58
2697,John Mendoza,"5922 Church Burg, South Brian, ME 74342",71229.25,37
2698,Marcus Santos,"256 Wong Inlet Apt. 135, Port Sethchester, WY 38506",152605.76,26
2699,Jamie Jackson,"39680 Scott Coves Suite 750, Cynthiaberg, AZ 12972",117720.64,57
2700,Stephen Kramer,"422 Frederick Stream, East Deborah, PW 18628",168092.86,25
2701,Juan Morton,"1669 Parker Inlet, Perkinston, NM 15505",139919.18,51
2702,Zachary Roman,"15787 John Circle, South David, SD 48859",60070.86,65
2703,Kelli Smith,"62458 Dawson Streets, South Chad, KY 61015",136912.94,27
2704,Kathleen Lin,"7117 Chen Harbors, North Ericfort, GU 34637",121308.52,40
2705,Lindsey Jackson,"9366 Krueger Heights, Amberfurt, WY 96789",40418.88,57
2706,Bryan Warren,"773 Colon Mountain, Briannamouth, NC 97606",90324.19,24
2707,Michael Ford,"188 Louis Park, Melissaville, GU 28500",168671.37,42
2708,Destiny Saunders,"797 Jennifer Rapid Apt. 770, Crystalstad, MA 28088",85449.88,48
2709,Alejandro Washington,"27259 Daniel Falls Suite 672, Brianstad, MA 85138",95395.65,28
2710,Carla York,"8565 Sandra Lodge Suite 243, Parkerhaven, WA 18228",161119.04,35
2711,Allison Martinez,"4960 Martin Junctions, Lake Bryan, MP 90490",143413.41,59
2712,Donald Murray,"3725 Brian Garden Apt. 195, Leborough, WY 24011",169654.71,61
2713,Nicholas Henderson,"615 Nelson Keys Apt. 364, Charlestown, AS 04858",147725.7,45
2714,Megan Johnson,"0406 John Ferry Apt. 517, Davidfurt, NJ 77865",42848.55,54
2715,Stephanie Russell,"3143 Roach Fall Apt. 704, North Kristy, AZ 60195",40971.43,55
2716,Christopher Hoffman,"936 Randolph Expressway Suite 017, Rollinsfort, TN 69941",116912.37,41
2717,Daniel Shaw,"11305 Gloria Prairie, East Alyssa, MN 22049",107848.23,35
2718,John Rogers,"3244 Dunn Lodge, West Meganburgh, MT 14241",57213.63,64
2719,Patrick Nguyen,"339 Brown Crest Suite 616, West Thomasfurt, CA 07114",141078.89,46
2720,Leslie Simmons,"4190 Gonzalez Mountain Apt. 296, Middletonton, MA 01891",175800.84,59
2721,Jason Wilcox,"46456 Kelly Trace Suite 119, South Lukefurt, VA 31344",118411.95,26
2722,Cody Powell,"78512 Morrison Extension, Whiteshire, CA 53640",67202.42,39
2723,Terry Farmer,"3841 Rivera Wall, Levyfurt, CO 64720",149023.4,30
2724,Michael Martin,"836 Smith Prairie Apt. 340, Lake Lisa, ID 62354",54167.41,26
2725,Jenna Reid,"6866 Amber Brooks, Chapmanchester, MA 31772",103998.92,24
2726,Anthony Cain,"93604 Russo River Apt. 803, South Laurie, KS 19114",114482.1,37
2727,Cindy Kennedy,"9392 Gina Stream, Morganmouth, KS 21184",47336.45,53
2728,Mr. Shawn Bishop DDS,"983 Karen Burgs Suite 281, Cherylville, SC 87935",98001.21,65
2729,Bernard Mason,"880 Smith Fords, South Jennifer, NV 19715",53904.4,29
2730,Paula Murphy MD,"67327 Jacob Drive Apt. 553, West Brent, CT 51927",104733.76,33
2731,Laura Waters,"5116 Briggs Tunnel Apt. 608, Thompsonport, MP 78212",105739.86,62
2732,Sherry Walker,"057 Anthony Row Suite 647, Lake Claytonland, IL 18144",117842.95,56
2733,Jody Lee,"465 Dalton Trail, Pinedachester, OR 91603",124319.54,54
2734,Katie Shea,"6559 Shelly Ranch Suite 697, Brownburgh, DC 26363",70705.65,25
2735,William Armstrong,"143 Estrada Street Suite 342, Catherinechester, FL 56839",73607.28,48
2736,Jonathan Harrison,"22124 Tammy Coves Suite 381, East Jonathanborough, CT 59968",81894.69,57
2737,Andre Thompson,"PSC 8385, Box 0833, APO AE 62623",47991.22,63
2738,Edwin Clark,"USS Sanford, FPO AA 85722",94969.4,44
2739,Dakota Powers,"71916 Sarah Flat, Joseland, UT 47492",85504.64,41
2740,Sharon Clark,"USNS Morris, FPO AE 64040",84956.11,62
2741,Kimberly Maynard,"68299 Peterson Plaza, East Sarahport, MI 60907",38509.99,40
2742,Justin Berry,"816 Mike Hill, North Samantha, MD 33112",59542.01,43
2743,Gina Gonzalez,"PSC 6136, Box 7461, APO AA 13669",124352.04,49
2744,Adam Nelson,"3671 Tyrone Green, Smithstad, IA 10738",125361.41,49
2745,Jesse Rice,"69729 Griffin Divide Apt. 418, Jacksonborough, CA 81223",41507.24,35
2746,Ashley Bennett,"8647 Smith Tunnel Apt. 925, Johnville, NV 44393",63954.36,44
2747,Aaron Myers,"3840 Carrie Mountain, Port Nicholas, MA 37377",57618.73,26
2748,Jason Chapman,"42509 Long Lodge Apt. 385, Ethanhaven, HI 25382",51293.9,24
2749,Daniel Williamson,"Unit 7834 Box 3585, DPO AP 76385",70242,60
2750,Lawrence Macias,"586 Donald Station, Jeremychester, ID 55673",169375.81,39
2751,Jonathan Davis,"5359 Reed Fields, Saraton, NE 87726",36991.33,65
2752,Lisa Shaw,"630 Padilla Pike Suite 541, Carpenterport, PW 29250",151620.71,40
2753,Steven Bush,"4409 Ford Loaf, West Renee, OH 47782",100258.93,22
2754,Andrew Johnson DDS,"703 King Mountain Suite 630, Clarkemouth, OK 80148",83122.12,55
2755,Billy Newman MD,"94072 Juan Valley Suite 150, Davidland, NM 07037",65721.92,55
2756,Kristy Taylor,"39002 Williams Tunnel Apt. 474, Thompsonshire, AR 93338",110873.55,37
2757,Jacob Martinez,"904 Cooper Squares, Lawrenceside, LA 37666",114576.01,60
2758,James Gonzalez,"884 Cooper Ports, East Jenniferside, ID 07456",140838.92,30
2759,Elizabeth Clark,"4490 Michael Summit, Port Wanda, DE 64113",135785.32,63
2760,Nancy Garrett,"307 Amy Viaduct Apt. 182, Port Patricktown, FM 57364",37666.33,58
2761,Laura Nixon,"8110 Eric Ways Apt. 883, Osbornfort, PW 01322",166375.84,54
2762,Brenda Larsen,"535 Collins Shoals Apt. 193, Kellymouth, UT 24725",41304.89,31
2763,Danielle Petty,"0238 Faulkner Divide, East Chadstad, RI 10371",43715.96,33
2764,Adam Williams,"572 Gilbert Ridges, Joeland, AK 50694",149432.33,60
2765,Karen Robinson,"PSC 2765, Box 3480, APO AE 91236",74335.81,50
2766,James Boyd,"85855 Anthony Alley, Lake Hollystad, TX 41146",129939.89,21
2767,Eric Sweeney,"74051 Smith Field, East Curtis, SD 59753",44656.68,63
2768,Luis Brown,"983 Anthony Fords Apt. 041, East Danielleberg, NY 09357",74340,63
2769,Chris Goodwin,"575 Wilkerson Crescent, South Jason, AR 84858",87231.78,27
2770,Phillip Simmons,"PSC 3302, Box 2517, APO AA 56785",37766.36,62
2771,Joseph Carr,"4621 Jason Lakes, Annastad, MO 46436",91045.87,45
2772,Austin Best,"099 Golden Club Suite 753, Pattersonborough, WV 59726",108738.35,27
2773,Susan Werner,"8586 Carney Mews Suite 955, Tuckertown, MD 15916",166061.45,52
2774,Shannon Everett,"964 Jones Landing Apt. 592, Robertmouth, AL 41186",160682.05,55
2775,Jessica Gray,"80466 Heather Road Suite 382, Anthonyport, CT 55227",47763,33
2776,John Smith,"92252 Jack Trail, New Alexander, OR 88579",107594.37,50
2777,Deborah Wilkins,"Unit 2763 Box 5148, DPO AA 35045",116299.69,22
2778,Kaitlin Davis,"954 Molina Points, Lake Traci, MD 29809",40764.1,54
2779,Wanda Perez,"999 Ryan Key Apt. 595, East Andrea, NJ 85996",79214.49,52
2780,Angela Esparza,"81749 Wright Circles, North Justinchester, IA 28019",92042.97,31
2781,Alexander Daniels,"0459 Reid Cove, Yoderview, AR 04170",37663.97,64
2782,Heidi Henry,"4594 Christopher Stravenue, Frankhaven, MH 39089",86027.4,61
2783,Sherri Lopez,"4907 Thompson Isle Apt. 541, Victoriaville, PA 06812",78837.3,53
2784,Judith Conley,"9606 Rebekah Manors, Danielstad, GU 13683",75002.35,24
2785,Joshua French,"559 Medina Estate Suite 706, East Robert, MP 86521",125739.89,45
2786,James Elliott,"060 Tyler Crossing Apt. 023, Lisaberg, AK 82278",164108.3,22
2787,Deanna Haney,"157 Jane Rapid Suite 385, Gonzalezfort, MI 74830",171899.82,38
2788,Melissa Adams,"878 Harrell Creek, Lake Kristaland, DE 94985",67709.49,42
2789,Robert Bishop,"31432 Miller Mills, Lake Stevenville, FL 64683",165090.42,63
2790,Patricia Butler,"081 Emily Extensions Apt. 082, North Kevin, NC 39002",54902.8,45
2791,Michelle Hensley,"816 Willis Mountains Apt. 042, Victoriashire, AK 02448",110504.09,64
2792,Sharon Lopez,"1701 Melissa Turnpike, East Troyview, IL 34244",123805.02,61
2793,William Solomon,"251 Walker Gardens Suite 813, Masonburgh, AR 11209",134545.88,47
2794,Felicia Moore,"USCGC Jensen, FPO AP 48737",69852.32,30
2795,Mrs. Angela Cruz MD,"08212 Smith Villages Suite 645, South Edwin, OK 17261",96837.42,40
2796,Michael Oneal,"34496 Johnson Curve, Port Marciaport, NY 77237",166911.63,42
2797,Dawn Nelson,"PSC 9497, Box 2547, APO AE 86839",100129.53,29
2798,Amy Burns,"17563 Willis Greens Suite 514, Jonathanchester, UT 48093",64979.8,29
2799,Mr. Robert Stevenson,"888 Evans Island, New Cheryltown, KS 31726",119249.45,64
2800,Mrs. Kristin Moore,"69975 Rose Ridges, South Todd, MH 17868",151015.23,29
2801,Whitney Rojas,"Unit 4224 Box 1250, DPO AP 27182",79804.77,54
2802,Megan Hill,"2237 Bradley Hills Apt. 975, Port Tim, TX 07311",166886.59,48
2803,Cynthia Young,"PSC 9887, Box 7335, APO AE 13211",179374.44,30
2804,Kiara Moon MD,"8263 Stacey Pines Suite 510, Kathyshire, VT 90819",130153.6,57
2805,Valerie Barnett,"942 Tyler Station, West Dennis, SD 00772",167981.26,41
2806,Colton Barrett,"3433 Elliott Motorway Apt. 972, West Brentshire, TX 28774",44833.04,55
2807,Charles Rowe,"91731 Lee Dale, Deborahtown, TN 68104",172547.23,28
2808,Mary Hubbard,"8390 Wilson Dale Apt. 257, Michaelland, AR 19701",61699.61,30
2809,Brian Hays,"2449 Thompson Camp, Reyesshire, SC 10605",140426.53,41
2810,Robert Fernandez,"8951 Sullivan Walk Apt. 180, West Joshuatown, WV 19365",162619.13,47
2811,James Wilson,"62575 Angel Bypass, East Paulchester, WV 70944",174373.45,40
2812,Scott Allen,"384 Mata Viaduct Apt. 845, Port Paulton, HI 14546",99235.65,61
2813,Robert Herrera,"2511 Caitlin Pike, Lake Monicaland, AR 20716",170321.25,38
2814,David Johnson,"482 Moore Drives Apt. 546, Stephanieview, NM 49791",57033.77,33
2815,Billy Guzman,"036 Perez Summit Suite 237, West Samuel, NV 50829",50481.86,32
2816,Beth Ortiz,"74790 Ballard Terrace Suite 224, Lake Bradley, PA 56439",38798.74,60
2817,William Diaz,"4371 Williams Rue, West Melissa, AS 67554",124457.24,59
2818,Susan Walker,"56539 Lopez Course, Port Judymouth, KY 24560",117221.25,35
2819,Brandon Johnson,"790 Monroe Burg, West Alison, WA 48896",121472.3,35
2820,Victoria Newman,"USCGC Green, FPO AA 83554",134669.79,43
2821,Jacqueline Austin,"2542 Jessica Vista Suite 368, Port Thomas, MO 68020",46523.94,51
2822,William Mercado,"786 House Track, Jessehaven, CT 44220",54442.56,59
2823,Kimberly Powell,"1193 Linda Loop Suite 199, South Matthew, IL 58055",102970.71,62
2824,Alicia Smith,"635 Laurie Points Suite 570, Jamesburgh, AZ 74257",89224.11,45
2825,Jamie Walker,"4641 Moore Port, Chadton, IL 56517",106259.61,29
2826,Joseph Smith MD,"894 Chad Course, Jonesborough, FM 04939",58749.02,35
2827,Tiffany Washington,"467 Andrea Mountains, South Javier, SC 14339",39673.29,21
2828,Rebecca Norton,"4601 Allen Locks, Ruizton, AL 78410",169188.09,47
2829,Amy Palmer,"1806 Aaron Junction Apt. 700, Browntown, CT 01309",67270.36,63
2830,Nicole Anderson,"390 Davis Summit Apt. 118, Lake Nicholasborough, WY 35708",178295.3,34
2831,Ashley Patton,"PSC 6987, Box 1014, APO AP 40466",44589.77,49
2832,Rick Bentley,"Unit 3282 Box 2519, DPO AA 34224",160733.71,52
2833,Susan Stark,"USCGC Martinez, FPO AA 19618",134740.09,50
2834,Steven Washington,"4496 Murphy Estate, Sandraburgh, MH 94348",163700.1,48
2835,Joseph Brandt,"8057 Williamson Isle Apt. 242, Debraberg, MT 28716",93705.68,23
2836,James Perez,"8771 Eric Drives Apt. 613, North Joe, WI 69184",123149.84,45
2837,Jeffery Dennis,"8228 Spencer Parks Apt. 900, Cherylbury, AZ 91985",139429.13,46
2838,Jasmine Myers,"96029 Dougherty Inlet Apt. 047, South Kennethmouth, VI 34190",123668.21,57
2839,Dr. Margaret Allison,"7713 Rodriguez Flat Suite 278, Lake Megan, NC 61352",121101.84,54
2840,Brianna Logan,"6548 Anderson Wall Suite 946, Matthewview, SD 08182",128002.1,23
2841,Nicholas Cortez,"3665 Howard Flats, East Derek, IA 40564",110494.12,49
2842,Faith Sanchez,"228 Cabrera Trail Suite 549, Lake Adam, WY 29478",101250.56,23
2843,Lisa Smith,"619 Rachel Spring Suite 701, Nancyville, CO 47180",162278.09,36
2844,Kelsey Fields,"53942 Daniel Plains, Hutchinsonfurt, MA 05619",110211.88,46
2845,Amy Harris,"57921 Brown Shoal Apt. 009, Kennethtown, AZ 18738",177655.44,23
2846,Darin Brady,"9427 Fuller Plaza Apt. 826, East Monica, AS 58862",115866.64,54
2847,Darrell Davidson,"07539 Riddle Harbor, West Melissaburgh, NE 95031",145948.18,24
2848,Brandi Walker,"614 William Flats Apt. 674, Lake Amber, PA 41523",62528.3,49
2849,Shelby Kelly,"3894 Wiley Dale Suite 245, Gainesside, OR 71699",92715.78,40
2850,Timothy Roberts,"42100 Kevin Ramp Suite 117, Roseview, MN 27861",147183.17,39
2851,Sara Johnson,"2692 Joel Junction Apt. 002, Joannaborough, PA 44367",101895.34,48
2852,Catherine Bowman,"7312 Moore Lake, Romanville, IN 12949",77690.86,24
2853,Autumn Wallace,"358 Robert Hill, North Matthew, MA 56696",135043.18,30
2854,Emily Tran,"71359 Michael Square Apt. 054, West Ryan, VA 63927",102218.95,62
2855,Jeff Ramirez,"61209 Sarah Manor, Grantberg, TN 91549",100496.22,53
2856,Gary Edwards,"09750 Bennett Ramp Apt. 285, Holmesshire, VI 36583",51409.88,58
2857,Jason Underwood,"15685 Brandt Extension, Goodmanberg, CT 68382",170987.16,65
2858,Mitchell Douglas,"3235 Andrea Way, East Brooke, CO 56539",114229.03,46
2859,Jennifer Gonzalez,"PSC 7398, Box 7148, APO AA 89841",94966.1,49
2860,Devin Bradshaw,"4577 Mora Crossing, Rachelstad, VI 13644",38612.26,50
2861,Anne Sanchez,"36305 Navarro Mountain Suite 607, East Margaretmouth, AK 60333",120595.74,33
2862,Jane Simmons,"USNV Smith, FPO AA 93802",162969.52,26
2863,Bradley Williams,"5326 Crawford Way Apt. 412, Alexisview, ID 75055",71261.93,65
2864,Drew Anthony,"00182 Rachel Oval Apt. 638, New Jasonshire, SC 84509",129043.58,31
2865,Brad Davis,"198 Hutchinson Crossroad, South Martinville, PR 69278",139164.33,28
2866,Julie Cox,"80867 Curry Crossroad, Andersonland, MA 17369",48222.73,49
2867,Lisa Jackson,"5177 Chris Corner Suite 493, East Markfort, TX 56432",126940.5,26
2868,Rachel Cooper,"5118 Luke Terrace Suite 516, New Daniel, GA 61947",110953.51,45
2869,Gary Nichols,"134 Jim Isle, East Jamesfurt, AL 94034",140396.71,53
2870,William Perry,"7446 Torres Glen Apt. 187, New Tina, TN 23686",123750.52,31
2871,Cameron Rivera,"4050 Kayla Junctions Apt. 346, Brianchester, MD 91374",89908.4,45
2872,Justin Patterson,"4771 Kyle Expressway Suite 383, Michelleland, AK 56066",41366.38,31
2873,Jimmy Merritt,"6562 Nancy Viaduct Suite 039, East Tiffany, NV 89643",167276.65,57
2874,Mr. Ryan Johnson,"97118 Valerie Centers Apt. 340, West Jillian, NY 24510",161339.28,30
2875,Michael Calhoun,"31066 Campbell Mews, Colinhaven, KY 62745",58507.99,30
2876,Katie Moran,"884 Nash Road Suite 957, Millerport, VI 78985",60935.68,24
2877,Thomas Guzman,"906 Lauren Route, Coleside, VI 85605",95839.35,40
2878,Miranda Fitzgerald,"8668 Weaver Shore, Dustintown, IN 25048",140873.45,49
2879,Teresa Rivera,"2411 Fischer Canyon, Cuevasstad, PR 12977",76873.18,32
2880,Mrs. Gail Combs MD,"39610 Buchanan Roads Apt. 970, Kendraborough, NC 56096",52045.33,29
2881,Jennifer Thomas,"7621 Matthew Roads Suite 614, Port David, WA 26371",174262.91,21
2882,Sydney Sims,"995 Tina Circles Apt. 008, Barbaraton, ME 06757",125271.25,37
2883,Alyssa Thompson,"36423 Sharp Forge Apt. 342, Bryanmouth, DE 67685",36770.13,52
2884,Karen Mckenzie,"7942 Corey Via, South Derekview, ND 17983",159034.6,55
2885,Glen Miller,"79631 Douglas Spur Apt. 496, New Rachelmouth, CO 80498",152080.91,59
2886,Christopher Davis,"5868 Martin Trail, South William, UT 98906",162991.92,36
2887,Brent Henson,"99939 Travis Stravenue, Smithfort, SC 01983",66446.71,63
2888,Christopher Gonzales,"445 Scott Vista, Stacytown, UT 01894",103978.24,47
2889,Joshua Mason,"6594 Donna Walk Suite 849, Terryborough, UT 23886",99071.93,59
2890,Nathan Thomas,"703 Richardson Street Suite 854, Timothyfurt, FM 43007",122014.81,36
2891,Kevin Green,"USNV Harris, FPO AP 15131",162914.34,38
2892,Chris Reed,"1226 Torres Garden, Jessicatown, OK 37364",124866.08,56
2893,Emily Ponce,"14926 Thompson Valley Suite 776, East Tinaberg, AS 89676",153917.6,34
2894,Amy Nixon,"5886 Wilson Mount, New Carrie, MS 80796",42093.23,30
2895,David Marks,"338 Jennifer Pine, Fuentesside, NY 28059",42984.27,43
2896,Rebecca Boyd,"8173 Rasmussen Cove, Baileyberg, IA 44098",40324.55,23
2897,Robert Reid,"8735 Daniel Rapids, South Sheriview, PW 78728",131714.5,59
2898,Michael Noble,"USNS Wheeler, FPO AP 95488",78274.02,26
2899,Joshua Ford,"Unit 2662 Box 8107, DPO AA 58220",42109.55,47
2900,William Drake,"3971 Tonya Cape Suite 974, Masonshire, MH 75019",179091.6,31
2901,Andrew Lewis,"624 Paul Centers, East Edward, OH 91323",132453.12,60
2902,Cole Bell,"198 Webster Common Apt. 294, South Johnstad, NJ 24419",130834.07,65
2903,Jamie Harris,"68500 Taylor Springs Suite 385, North Bethshire, PW 67473",121270.5,56
2904,Steven Cantu,"505 Monica Ridges Apt. 487, West Jennifer, NM 49614",60725.79,50
2905,Russell Bean,"9961 Tony Stravenue Suite 722, East Heidi, ME 50159",143653.55,44
2906,Angela Branch,"USNS Dodson, FPO AE 19868",170064.57,26
2907,Chad Rowe DDS,"9769 Melissa Square Apt. 514, Johnside, MS 85577",146434.24,41
2908,Alexandra Arias,"07500 Richard Walks, West Michaelstad, OK 29211",88442.57,45
2909,Stephanie Moore,"5565 Jason Crossroad Apt. 489, Joshualand, ID 82014",153938.39,48
2910,Laura Brooks,"9933 John Common Suite 695, South Alexanderchester, PA 48910",157279.9,25
2911,Alexis Reynolds,"12874 Janet Parkway Apt. 173, Lake Nicholasbury, MP 70017",77460.74,29
2912,Donald Anderson,"89302 Brown Divide Apt. 850, Patrickton, OH 25376",52693.37,38
2913,Laura Hernandez,"858 Nguyen Ridge Apt. 844, New Morganside, MP 56582",82735.24,47
2914,Eric Jones,"054 Torres Mountains Apt. 566, East Anthony, WY 95758",111073.7,65
2915,Jacob Barajas,"6150 Dillon Tunnel Apt. 506, Fullerfurt, NE 07748",65312.39,24
2916,Sandra Johnson,"557 Rivera Plain, Port Linda, OK 92191",50848.82,61
2917,Lauren Mcintosh,"72990 Mark Drives Apt. 960, North Devinchester, PW 36151",111697.26,26
2918,Terry Hammond MD,"11190 Samuel Mall, East Todd, ID 83391",105131.13,65
2919,Ashley Robinson,"98314 Good Gateway, Fergusontown, IL 40961",122692.81,39
2920,Robert Rojas,"2565 Brandt Plaza Suite 680, Samanthaton, AZ 07004",96922.77,41
2921,Susan Johnston,"157 Grimes Center, Port Leebury, TX 71738",72650.71,57
2922,Dr. Valerie Gibson,"7949 Lauren Pines, West Elizabethville, LA 36034",179278.53,43
2923,Brandon Carlson,"71006 Perry Divide Suite 668, Kellymouth, TN 44086",169430.28,60
2924,Shane Cohen,"6599 Montgomery Cape Apt. 344, East Patricia, OH 13907",116581.98,54
2925,Catherine James,"Unit 8491 Box 8614, DPO AA 21494",140731.79,52
2926,Cynthia Robinson,"533 Dominique Corner, North Erica, ID 45787",106413.15,32
2927,Robert Shah,"PSC 2784, Box 7344, APO AA 76213",163131.23,35
2928,Jill Goodman,"6196 Nicole Key, Elizabethhaven, GU 36331",137745.12,33
2929,Barbara Walters,"0874 Hill Way Suite 397, New Courtney, CT 98261",35229.23,22
2930,Mr. Jeffrey Lawrence,"1834 Hernandez Crossing, New Benjaminmouth, KS 44245",102408.42,28
2931,Kevin Avery,"2863 Payne Avenue, South Meganland, TN 59669",141932.91,34
2932,Ronnie Contreras,"4533 Norris Keys, North Cole, MN 50461",150936.83,47
2933,Desiree Everett,"57337 Huang Path Suite 091, West Charles, NM 66932",95035.97,42
2934,Luke Tucker,"145 Larry Knolls Apt. 495, Amandaborough, ND 64246",85699.26,61
2935,Janet Johnson,"661 Amanda Garden, South Mariaport, NC 18840",65789,61
2936,Michelle Werner,"907 Kristin Stream, Hillmouth, AL 31447",64172.14,39
2937,Adam Powers,"990 Mary Neck, East Brian, HI 65116",71890.54,25
2938,Jamie Klein,"23736 Brown Village Apt. 260, Brendaview, NH 31148",79627.02,53
2939,Garrett Thomas,"9305 Susan Port Suite 345, East Ericastad, AS 81054",114749.07,21
2940,Elizabeth Fisher,"098 Moore Glens, Lake Leonview, SD 92148",51506.33,42
2941,Thomas Hughes,"913 Richardson Inlet, Lake Tiffanyburgh, UT 47779",84497.43,57
2942,Stacey Thompson,"89223 Harris Vista Suite 993, Sandraport, MN 74201",124319.03,22
2943,Brittney Brown,"2949 Ellis Locks Suite 512, Wandaborough, ND 25160",155646.2,33
2944,Jason Reed,"01221 Jeffrey Trace, Kellyborough, SD 89667",82924.65,42
2945,Cassandra Turner,"4574 Christine Pike, New Heather, MN 20252",168730.57,51
2946,Dustin Johnson,"352 Michael Overpass Apt. 466, Port Ryanside, VA 75737",167843.64,23
2947,Rhonda Navarro,"1575 Snow Brook Apt. 103, East Harryville, VT 18835",128619.57,51
2948,George Cox,"832 Eric Knoll Suite 142, South Lori, SC 17941",57531.01,50
2949,Zachary Anderson,"71504 Martinez River Suite 787, Pierceton, WI 10783",164348.46,55
2950,Margaret Juarez,"8423 Jasmin Lock, West Michael, KY 54833",164909.65,50
2951,Amanda Lee,"05719 Wright Flats, West Kellymouth, DC 60016",148678.41,47
2952,Teresa Blair,"602 Mark Haven, Lake Brandytown, RI 80711",169529.55,24
2953,Kimberly Hicks,"Unit 9507 Box 8679, DPO AA 75146",156090.33,40
2954,Kylie Contreras,"USS Eaton, FPO AP 74970",116916.68,64
2955,Wayne Pruitt,"23190 Douglas Course Suite 517, Aprilfurt, MH 29041",80747.91,55
2956,Tammy Clark,"0289 Ortiz Mews, Lambside, MN 71193",37714.17,57
2957,Debra Jones,"65149 Kirby Ford, Grossport, WA 26840",134396.53,43
2958,Gerald Gonzales,"02759 Williams Roads, Amymouth, PA 25280",44600.89,30
2959,Sharon Evans MD,"9452 Gary Station, Williamsberg, SD 01142",75666.7,22
2960,Stephanie Rodriguez,"99915 Lauren Hollow Apt. 405, New Michaelland, VT 32238",84177.1,45
2961,Karen Nelson,"64122 Turner Dale Suite 439, West Matthew, PA 95383",125844.07,31
2962,Ryan Martinez,"4425 Sarah Squares, Ricemouth, WV 82518",117792.34,45
2963,Ricky Valentine,"91881 Elijah Tunnel, Priceview, FM 21415",62169.94,28
2964,Kimberly Jacobs,"97909 Craig Knolls, Port Mariamouth, RI 10647",160366.09,40
2965,Glenn Lewis,"53379 Smith Loaf, West Rachaelbury, NH 63231",137263.6,41
2966,Krista White,"72015 John Burg Apt. 325, Johnstonchester, KY 58833",137926.8,38
2967,Sydney Jones,"PSC 3115, Box 1968, APO AE 80479",95011.09,52
2968,Joshua Clarke,"6315 Ware Brook, East Dawnport, UT 75001",162172.07,44
2969,Billy Nicholson,"667 Jamie Inlet, Keithborough, MA 11441",100526.42,40
2970,Elizabeth Jackson,"25348 Hardy View, Farmershire, IL 93828",66340.28,40
2971,Samuel Kelly,"335 David Rest Suite 064, South Keithberg, ID 91212",60376.85,44
2972,Nancy Jones,"4783 Nicole Mission, Alexisfurt, ID 19079",148816.88,33
2973,Alex Lopez III,"52696 Lori Loop, Garyberg, VA 10218",167436.31,49
2974,Shane Valentine,"3676 Carr Meadows Suite 467, South Caitlin, MT 93464",108369.23,51
2975,Steven Davis,"79882 Maria Alley, Lake Stephanie, TN 63933",166218.59,30
2976,Keith Jones,"185 Kyle Mount Suite 616, Port Jasonport, OR 43267",62580.69,51
2977,Brittany Johnson,"87956 Kurt Corner, New Robinfurt, CA 88635",141203.95,54
2978,Lisa Oliver,"8908 Robles Cape Suite 903, Port Jadebury, LA 96959",80002.01,41
2979,Karen Hood,"20273 Marie Run, East Morgan, SC 48032",55777.78,27
2980,Sandra Park,"207 Dylan Cape, East Nathan, OH 20174",154210.09,54
2981,Kenneth Williamson,"139 Hines Mountains, New Madison, NH 79355",133124.01,29
2982,Juan Mcdonald,"Unit 8236 Box 0842, DPO AE 78247",64752.13,23
2983,Rhonda Chang,"44486 Stevens Flat Apt. 620, Roseport, TX 89137",101608.42,54
2984,Kristin Evans,"872 Glen Ramp, North Jasontown, NC 36111",51796.22,40
2985,Matthew Richards,"Unit 1981 Box 1796, DPO AE 26062",170188.91,64
2986,George Smith,"504 Allen Well Apt. 719, New Angela, SD 01283",157977.98,26
2987,Joseph Bray,"1693 Lamb Groves, New Joycemouth, VI 15529",83327.01,23
2988,Mary Patterson,"70574 Benjamin Mountains, Hoburgh, MT 96100",49949.91,63
2989,Derek Higgins,"516 Leslie Path, Port Davidport, WY 36944",143105.44,22
2990,Jennifer Mason,"29010 Marilyn Run, West Adriennemouth, TX 16331",118746.18,40
2991,Kristen Fox,"PSC 0146, Box 0235, APO AE 44783",127633.37,34
2992,Leslie Sanders,"40812 Matthew Forks, South Tylerfurt, MO 06932",81527.65,33
2993,Brandon Hoffman,"8718 Melissa Flat Apt. 477, West Theresatown, SD 97761",76552.27,55
2994,Kara Esparza,"Unit 8028 Box 2131, DPO AP 10806",81276.72,49
2995,Sara Thompson,"430 Wolf Inlet, Bradleyside, SC 77663",132312.99,38
2996,Robert Hart,"19768 John Lake, North Jonathanstad, CO 87876",56651.5,38
2997,Mark Lewis,"1706 Paul Stream Suite 846, Lauraside, TX 18259",51596.76,60
2998,Valerie Velazquez,"481 Amanda Ports, Munozbury, WI 37304",116145.74,27
2999,David Nguyen,"7213 Castaneda Run Suite 209, South Adrianview, OR 89240",64953.72,43
3000,Tiffany Woods,"90170 Henderson View, Sanchezmouth, DC 13591",114658.02,38
3001,Rebecca Buchanan,"404 Williams Way Suite 712, Stewartstad, MS 91327",55525.74,39
3002,Michael Stewart,"57111 Benjamin Park Apt. 180, Connieshire, ID 48633",118242.03,31
3003,Katherine Lawrence,"55257 Miller Burgs Apt. 359, Amandahaven, MT 09096",45330.22,60
3004,Megan Caldwell,"43422 Fernandez Forge, Port Miranda, UT 90931",164375.25,55
3005,Michael Robinson,"90400 Tracy Via, Cooperport, MP 96886",99328.91,29
3006,Mary Stanley,"56502 Cole Overpass Apt. 909, Cherylberg, TX 60918",39203.94,64
3007,Kristy Nelson,"918 Kayla Manor, Alyssaside, ID 50359",42316.12,45
3008,Kevin Rush,"7717 Flores Rapid, Baldwinshire, VT 39711",42800.98,48
3009,Rachel Barker,"8978 Emily Greens Apt. 245, Port Sean, GU 62408",91827.93,59
3010,Andrew Ferguson,"Unit 5505 Box 6244, DPO AP 11032",164235,61
3011,Tiffany Melton,"8950 Jeremiah Ports Apt. 938, Brownview, MP 94256",156245.29,65
3012,Shawn Johnson,"82814 Kelly Fall Suite 786, Port Michael, NV 99143",99646.26,43
3013,Jason Martin,"PSC 3089, Box 0345, APO AA 41118",80303.89,33
3014,Jonathan Lara,"09549 Hart Cove, Stevensborough, AR 62400",138370.31,63
3015,April Oliver,"7617 Candice Landing Apt. 103, Richardburgh, MD 63735",152348.47,26
3016,Brandi Brown,"Unit 9028 Box 0579, DPO AP 45515",176183.87,50
3017,Alexander Brown,"56630 Acosta Estate Suite 562, North Frank, NV 42354",117329.45,26
3018,Cassidy Mccall,"3701 Dawn Station, Parktown, TN 60321",152863.4,65
3019,Michael Robinson,"932 Deborah Orchard Suite 677, Selenafurt, VI 71973",102900.01,50
3020,Ronald Ramirez,"Unit 4842 Box 6898, DPO AP 95942",80006.79,62
3021,John Howard,"5857 Foster Hills Suite 192, Devinshire, IA 35282",137981.31,50
3022,Michael Abbott,"65228 Hester Fords Suite 118, Castillofurt, IA 34525",103229.15,35
3023,Andrea Mitchell DVM,"7639 Hopkins Club Apt. 318, Phelpsburgh, NM 64261",55839.64,60
3024,Tiffany Schmitt,"4205 Elizabeth Ville Suite 784, Thompsonland, MO 27926",72417.65,44
3025,Jason Davis,"53121 Mcclain Springs Apt. 829, Hansonside, WA 96430",91851.15,65
3026,Jordan Edwards,"6017 Lauren Street Suite 939, Fordville, MH 90641",168003.34,42
3027,Michael Martin,"246 Rogers Spurs, Jenniferside, NV 26146",149372.91,41
3028,Ashley Daniels,"71131 Brian Corner, Carolineton, AZ 94848",100726.04,22
3029,Kim Ramos,"7734 Edward Falls Apt. 913, Lake Jasmin, CA 72563",44477.95,28
3030,Madison Perry,"835 Alice Loaf Suite 329, Staffordhaven, KY 99715",85958.92,50
3031,Charles Rodriguez,"24469 Bailey Plains Apt. 906, Conradtown, OK 39418",157636.11,39
3032,Craig Brown,"6588 Thompson Grove Suite 463, East Jessicaview, WY 18823",146351.52,59
3033,Amanda Arroyo,"909 Gina Divide, North Hunter, WV 10198",118328.35,53
3034,Brent Taylor,"36840 Roberts Coves Suite 523, Smithside, VI 59748",49925.17,27
3035,Mr. Lucas Potter II,"73478 Allen Meadow Suite 484, Nelsonbury, CA 08609",82251.11,62
3036,Virginia Taylor,"Unit 8543 Box 7673, DPO AE 98410",45283.98,40
3037,Grant Thompson,"9968 Dillon Ford Apt. 212, Stephaniestad, NY 66275",112248.11,46
3038,Christie Jensen,"8141 Sandra Trafficway, Tannerchester, NV 08167",120627.71,36
3039,Ronald Warner,"4547 Valdez Mill, North Jerryville, MN 99425",125026.85,56
3040,Jennifer Fox,"024 Paul Hill, Carolynchester, FM 30756",58057.94,51
3041,Diana Simmons,"109 James Key, Wesleyfort, DC 50047",90653.39,42
3042,Cody Pratt,"1926 Lopez Summit, East Joemouth, GU 21783",65194.53,65
3043,Kelli Skinner,"6497 Nicholas Road, Bethtown, VA 96699",120690.68,48
3044,Autumn Underwood,"35623 Kramer Extensions Apt. 118, Smithton, AL 05755",117245.62,42
3045,Brenda Anderson,"20893 Reyes Trafficway, New Ashleytown, LA 56163",113956.4,36
3046,Samuel Wilson,"7824 Summers Port, Port Davidfort, ID 74914",60097.39,63
3047,James Nguyen,"6027 David Brooks Apt. 502, Rachelmouth, AL 52132",46294.69,57
3048,Tiffany Martinez,"524 Donna Meadow, Kimberlymouth, NE 39793",156328.49,28
3049,Jason Owens,"9142 Smith Avenue Apt. 137, Jameshaven, KY 64608",120863.65,50
3050,Alicia Wells,"22583 Timothy Tunnel, Lake Jessica, VI 27905",82179.82,27
3051,Debra Williams,"7657 Lutz Mews, North Hollyton, AZ 02991",154193.34,32
3052,Linda Phelps,"47939 Colleen Ford Suite 891, Brianfurt, OR 84668",79665.18,46
3053,Tracey Woodard,"558 Deborah Parkway Suite 575, Murphyborough, DE 67212",45093.11,27
3054,Courtney Hardy,"0844 Price Route, Allenborough, SC 71499",134398.76,59
3055,Jonathon Espinoza,"PSC 4184, Box 2932, APO AA 97475",146844.79,45
3056,Frank Williams,"37010 Ward Locks Apt. 549, Millerfort, OK 31034",82474.2,62
3057,Andrew Moore,"5699 Ryan Brooks Suite 186, Smithstad, MS 53313",130723.89,26
3058,Ariel Wilkins,"921 Valerie Island, Torresstad, OH 31624",66553.71,29
3059,Johnny Walker,"14928 Hinton Court Suite 175, Gardnerborough, KS 42071",163652.92,61
3060,Rebecca Chung,"USNS Thompson, FPO AA 74922",152426.71,30
3061,Laura Hernandez,"03580 Richardson Road, West Julie, RI 13197",130827.8,49
3062,Shannon Hunter,"8831 Scott Estates, Singletonmouth, NY 27987",112032.09,45
3063,Jonathan Conley,"81816 Miller Overpass, Wadeville, AL 30111",124257.96,49
3064,Christopher Brandt,"1745 Sherman Green, South Courtneyland, NY 36151",63371.66,64
3065,Abigail Sparks,"33021 Summers Radial, West Ruthland, CO 95743",162226.68,40
3066,Danielle Cobb,"58192 Tate Drive, Keithmouth, VT 55617",117690.08,64
3067,Erica Jones,"8915 Jamie Locks Suite 974, Hensonshire, CT 38708",79159.77,48
3068,Natalie Watts,"338 Megan Lane, Robertshire, NJ 70584",139079.73,43
3069,Peggy Gray,"6699 Paul Vista, Lake Jennifer, NH 59878",178591.94,58
3070,Megan Shaw,"7486 Larsen Mission Suite 597, Hamiltonborough, UT 87713",36177.29,53
3071,Lori Smith,"PSC 5068, Box 2337, APO AE 29858",93608.63,29
3072,Diana Barton,"7886 Cole Mission, Lake Lori, MH 48746",158613.25,24
3073,James Manning,"73213 Aaron Isle, Beckershire, GA 82894",88537.32,56
3074,Stacy Bird,"Unit 2955 Box 7693, DPO AE 67618",175345.43,21
3075,Cindy Olsen,"906 Jacob Shore, West Joycebury, WI 40682",136986.35,43
3076,Blake Serrano,"84867 Daniel Mill Apt. 498, Mariafurt, IA 34068",50906.26,39
3077,James Cobb,"416 Crystal Tunnel, Maynardburgh, KY 01921",160523.55,36
3078,Jamie Castro,"321 Baxter Locks, Coleland, TX 81725",97598.75,58
3079,John Marshall,"999 Jennifer Cape Suite 189, East Geraldbury, CT 73279",92168.91,41
3080,Jennifer Edwards,"1173 Davis Orchard Suite 146, Michaelmouth, CO 24525",138207.18,46
3081,Shannon Mahoney,"4915 Sullivan Burg, South James, NY 54511",90326.93,55
3082,Katrina Cook,"3525 Caleb Port Apt. 653, Greentown, AS 51990",65626.33,32
3083,Lisa Richard,"8134 Kyle Junctions Apt. 448, Hillshire, CA 90295",103856.35,33
3084,Cindy Lowery,"51840 Hurley Rapid Apt. 946, Coreyborough, FL 60238",115536.13,44
3085,Andrew Montgomery,"4384 Dawson Street, New Laurentown, MN 06884",156794.59,30
3086,Anna Reyes,"362 Aguilar Forges, Port Andrea, MN 64673",76828.28,63
3087,Barbara Haas,"491 William Summit, North Nicole, NE 23201",53204.63,21
3088,Norma Rodriguez,"5167 Tristan Locks, Lake Jenniferchester, AL 64916",45403.17,22
3089,Angela Kennedy,"35913 Michael Corner, Johnchester, GA 93804",55879.4,52
3090,Shannon Ball,"040 Garcia Underpass Suite 716, New Elizabeth, ND 23202",130399.37,29
3091,Matthew Roberts,"63629 Smith Pike, Castanedaport, SD 91782",47276.2,62
3092,Stephanie Fowler,"23224 Melissa Flats, Mercerside, VA 28660",151861.53,50
3093,Paul Moore,"2878 Woods Ridge Apt. 447, Heathermouth, NE 41419",164569.46,65
3094,Derrick Smith,"065 Katelyn Forge Apt. 932, Kentview, TN 70965",122642.28,48
3095,Diana Brooks,"0897 Flores Valleys Suite 728, Lake Marcomouth, AK 56591",125371.03,50
3096,Gregory Reeves,"20437 Zhang Green Suite 872, Aprilshire, DC 56816",108865.16,56
3097,Christopher Stone,"56820 William Brooks, Davidsontown, PA 66238",153910.36,45
3098,Catherine Bolton,"2109 Saunders Flat, Erikafort, OK 11248",86519.55,32
3099,Nicholas Burns,"902 Miller Bridge, East Timothy, OH 18351",96591.92,21
3100,Sara Armstrong,"9432 Clarke Fort, Port George, AR 72715",118801.08,36
3101,Matthew Wells,"8171 Williams Light, Eddiefurt, AL 66856",138258.85,38
3102,Yvonne Hogan,"085 Sophia Corner, East Debbie, NY 55111",94571.48,55
3103,Tonya Smith,"494 Curtis Mills Apt. 590, South Kenneth, PW 66144",118571.09,23
3104,Danielle Martinez,"25996 Boyd Ford, Kathleenberg, OK 90299",176843.85,57
3105,Kimberly Guerrero,"4295 Pratt Common, Scottfort, AR 06329",105073.88,44
3106,Brandon Burnett,"53363 Hanson Crescent, Whiteview, AL 44856",51408.83,51
3107,Angelica Flores,"USCGC Fisher, FPO AE 86821",174451.97,26
3108,Mary Weaver,"54211 Carr Ranch, New Earlfurt, MD 88504",55602.68,54
3109,Autumn Harris,"4814 Christopher Turnpike Suite 400, New Amyville, GU 14594",177618.97,38
3110,Jason Peters,"26549 Miller Passage Apt. 978, Micheleland, NV 78897",102415.77,26
3111,Dustin Allen,"345 Ferguson Ranch, North Theresa, LA 81374",110886.74,60
3112,Joseph Franklin,"9569 Carrie Squares, East Sarah, MH 25492",47824.72,51
3113,John Chung,"0307 Smith Port Apt. 640, North Nicholasville, AR 75896",126446.11,63
3114,Marcus Wood,"208 Murphy Stream Suite 494, Hannahside, ID 78351",174259.6,25
3115,Joseph Dillon,"549 Jonathan Mountain Apt. 268, North Taylorside, VI 49770",134190.73,55
3116,Michele Powers MD,"30781 Rodgers Crossroad Apt. 255, North Deborahville, GA 97196",150724.24,40
3117,Jason Andrade,"8442 Price Mews, North Jonathanberg, AS 45748",123890.67,42
3118,Sierra Stewart,"4584 Carroll Union Suite 196, West Ashleytown, PR 09245",112579.82,21
3119,Miss Deborah Schwartz,"4449 Jackson Summit, Duaneville, MT 46292",102985.98,53
3120,Steven Gilbert,"076 Paul Oval, Jacquelineview, SD 39495",166377.99,57
3121,Walter Allen,"9970 Morse Key Apt. 124, Katherinefort, NV 72677",141403.11,47
3122,Danny Williams,"801 Victoria Mount Apt. 662, Port Rebecca, SD 30507",86172.61,39
3123,Steven Smith,"65581 David Mews Apt. 354, Port Shaun, PR 01214",76935.22,23
3124,William Arellano,"20025 Bradley Village, Ruizport, AK 59898",135782.42,59
3125,Thomas Hays,"11564 Mario Mall, Port Shawna, OH 60891",143666.67,57
3126,Michael Frank,"64921 Hernandez Squares, Kinghaven, NH 99024",72764.25,61
3127,James Banks,"22168 Steven Court, Port Victoria, MP 92354",103608.28,31
3128,Sherry Cook,"51218 Sydney Square, West Alexis, SD 10718",118064.7,63
3129,Micheal Watkins,"576 Reilly Throughway Suite 253, Hayesville, CT 64137",178602.9,60
3130,Chad Perez,"Unit 7417 Box 5659, DPO AP 23139",38958.22,52
3131,Aaron Donovan,"37166 Perez Forge, Lake Lauren, UT 47109",46963.97,53
3132,Roberta Dean,"11529 Scott Vista, Port Laurashire, IL 95585",46145.03,38
3133,Robert Patterson,"117 Charles Club, New Mirandatown, TX 34895",71547.39,60
3134,Anthony Rivera,"9566 Mckinney Corners, East Amystad, IL 62390",75740.93,37
3135,Catherine Stevens,"290 Matthew Forest, West Joseph, ND 71855",37059.44,28
3136,Alison Mejia,"7765 Lewis Knoll Apt. 891, Rodneyland, GA 86508",122554.12,58
3137,Grace Young,"60847 Angela Drive, East Dawn, KY 89502",142150.25,63
3138,Kenneth Roberts,"485 Osborne Turnpike Suite 451, Gregorystad, NH 18909",99764.71,32
3139,Laurie Scott,"1339 Joseph Place, South Richard, LA 87418",72881.63,65
3140,Tom Anderson,"4525 Mary Mills Apt. 067, Littleborough, AR 81792",69248.4,32
3141,Julia Johnson,"6862 Jennifer Junctions, New Darrell, PA 11932",150908.94,23
3142,Rachel Perkins,"918 Nicole Stream, Alexanderbury, RI 66084",84712.96,26
3143,Mark Morris,"8151 Joseph Dale, Costamouth, MO 83679",175265.12,59
3144,Benjamin Donovan,"72438 Susan Inlet Suite 565, Lake Meghanview, OR 79476",170421.57,30
3145,Dalton Johnson,"338 Morris Haven Suite 012, East Charles, RI 90513",156454.06,47
3146,Maria Shaw,"20593 Angela Pike, North Wendy, UT 20425",146703.33,36
3147,Cathy Joseph,"76697 Lori Viaduct Suite 838, New Franklin, VT 54078",130796.76,61
3148,Antonio Conrad,"3549 Lopez Shores Suite 901, North Jeff, MA 25260",59256.07,57
3149,Christopher Walker,"4669 Steven Meadow, Walterschester, ME 38573",141482.36,43
3150,Mark Adams,"94572 Pamela Key, Lukebury, GA 13716",42877.24,37
3151,Wayne Fitzgerald,"5026 Lindsey Bridge Suite 836, South Erikside, NY 37453",144545.17,28
3152,Laura Yu,"8980 Anthony Roads Suite 285, Stephanieborough, AZ 41659",42615.86,50
3153,Daniel Forbes,"63707 Tyler Green Apt. 005, East Debraport, AS 01111",92818,40
3154,Jessica Austin,"8810 Romero Prairie Apt. 590, Michelleburgh, FM 39286",104058.6,55
3155,Jillian Campbell,"7140 Freeman Ports, Melanieland, MD 92006",68880.89,64
3156,Lisa Greer,"379 Courtney Locks, Emilyport, UT 63112",137313.13,51
3157,Melissa Hall,"9141 Pena Valleys Apt. 842, Suarezfurt, NM 60364",73080.65,54
3158,Jeffrey Allen,"678 Wilcox Ford Suite 164, South Carlos, VT 15381",161190.27,21
3159,Jared Holmes,"41716 Turner Plaza Apt. 563, Jessicaborough, HI 43053",76874.87,49
3160,Bryan Miller,"149 Joseph Center, North Judithton, AS 11205",90390.59,41
3161,Robin Mcdonald,"7961 Mercado Field, East Joanneburgh, KS 42721",174455.59,64
3162,Kimberly Baker,"070 Steven Row, Shaneborough, MT 91454",173601.26,27
3163,Gary White,"26915 Ross Mews Apt. 072, Hernandezbury, UT 15723",168068.26,61
3164,Kelly Kim,"334 Bell Prairie Suite 508, New Patricia, AK 90705",86305.07,48
3165,Jose Osborn,"84402 Holmes Manor, Lake Nicholas, PW 94558",123520.41,62
3166,Lisa Phillips,"9044 Nguyen Key Apt. 792, Shannontown, MP 57031",159461.57,42
3167,Joshua Lloyd,"00297 Robert Orchard, Lake Joseph, MD 83276",74197.29,27
3168,Aaron Hernandez,"28816 Jamie Island, Port Tasha, HI 94465",72024.87,58
3169,Crystal Simpson,"41608 Angela Row Apt. 489, Amberburgh, TN 22007",91717.3,64
3170,Tyler Martinez,"6199 Miller Pass Apt. 863, North John, IN 58971",143618.18,64
3171,Melissa Baldwin,"45544 Anderson Neck, Lake Brettview, NC 80511",120365.02,33
3172,Mandy Ritter,"25973 Jeffery Glen Suite 083, Larsenbury, FL 96736",110393.09,64
3173,Tanner Carney,"830 Freeman Mews, Webbstad, NY 47127",135090.36,32
3174,Jessica Tucker,"3335 Walter Parks Apt. 238, Kimberlyton, MD 57755",80424.13,21
3175,Donna Decker,"278 Eric Springs, South Catherinefurt, FL 37183",132556.27,25
3176,Sherry Salinas,"2756 Molly Stravenue, South Edward, CO 62879",36734.4,27
3177,Melissa Bender,"5567 Brennan Neck Apt. 510, Chavezport, VI 39441",111163.32,64
3178,Larry Jacobs,"716 Burton Path, East Andrewburgh, LA 98969",99661.62,35
3179,Brandy Craig,"334 Rachel Neck, Port Lukemouth, WY 90236",140161.35,37
3180,Robert Jensen,"035 Harris Views, South Jill, CT 20293",62996.53,22
3181,Laura Flynn,"881 Miles Port Suite 322, Port Martha, NC 05612",124812.6,24
3182,Briana Boyd,"91062 Joshua Meadow Suite 863, Port Jeffreyland, PR 51292",171083.29,63
3183,Susan Webster,"76986 Nelson Harbor Apt. 185, North Danielview, TN 22321",164625.21,34
3184,Wesley Morris,"18087 Matthew Hollow, Port Jeffrey, DC 21651",172820.9,61
3185,Karen Cherry,"521 Kirby Extension Suite 231, Lake Josephport, CA 95952",52659.57,28
3186,Tyler Hall,"5972 Alexander Creek Suite 605, Lake Sara, MO 96284",47526.02,59
3187,Terrence Mitchell,"683 Vazquez Place, Harringtonhaven, NM 12801",53836.55,63
3188,Dylan Rowland,"177 Perry Brook, Johntown, PW 71767",145759.38,62
3189,Angela Smith,"318 Jessica Ford Suite 419, Sheltonton, IL 24542",117079.98,32
3190,Anthony Robertson,"227 Wong Well, Josephstad, VA 37672",164920.24,65
3191,Susan Valentine,"924 Robles Viaduct Suite 174, South Saraside, MS 59398",61718.13,39
3192,Laura Green,"37698 James Lane Apt. 825, North Amy, NC 65217",102708.56,25
3193,Lindsay Thompson,"Unit 2126 Box 3581, DPO AA 57429",127623.17,38
3194,Andrew Choi,"519 James Manor, Port Tammy, NY 38267",146557.07,65
3195,John White,"12520 Joseph Ferry Apt. 918, New Kathleen, DE 20618",165991.77,41
3196,Thomas Sanders,"303 Tracy Ranch Suite 099, South Michael, IL 64314",72313.81,25
3197,Steve Nichols,"1967 Angela Via, Carlosberg, AL 67184",75206.68,24
3198,Denise Howell,"519 Williams Lodge, Karenstad, SC 76779",90505.86,42
3199,Melissa Brown,"5287 Martin Way, Thomasmouth, AR 17377",179413.99,37
3200,Gabrielle Wright,"227 Nathan Heights, Sarahtown, IA 89754",173562.83,37
3201,Kenneth Gardner,"7239 Alexander Oval Apt. 907, Patriciachester, ID 71735",60799.78,25
3202,Jeffery Sullivan,"99073 Cortez Extension Apt. 764, East Ricardoport, SC 88035",106299.66,33
3203,Elizabeth Johnson,"565 Elizabeth Islands, Annland, SC 36059",123493.77,32
3204,Rhonda Medina,"22935 Christopher Oval Suite 863, Howellside, WA 06554",128595.06,27
3205,David Stuart,"51759 Christopher Estates Suite 108, Markborough, SD 10515",55861.53,48
3206,Danielle Fleming,"Unit 1265 Box 0889, DPO AP 64246",66666.04,62
3207,George Olsen,"978 Ronald Manor Apt. 965, North Autumnhaven, OH 58878",50406.21,49
3208,Eric Wells,"7854 Murray Neck, Johnsonton, NC 84088",138733.05,27
3209,Nancy Arnold,"8564 Sarah Walk, Mccarthyport, CO 09798",40054.83,25
3210,Erica Cox,"56266 Amber View, Davidshire, FL 03976",117844.96,37
3211,Gabriel Sanders,"460 Cantrell Locks Suite 932, South Matthew, UT 71113",147699.39,22
3212,Joseph Swanson,"9325 Dixon Ports, New Laurie, SC 23288",164994.3,30
3213,Teresa Roman,"47971 Ashley Brooks Apt. 810, North Jamieburgh, WA 55306",129665.47,21
3214,Samuel Owens,"4991 Dudley Divide Suite 765, East Michelleport, WV 21709",170269.59,63
3215,Peter Moore,"3537 Hatfield Estate, Jonesshire, NH 52291",91620.15,30
3216,Susan Bennett,"80107 Darrell Mountain, Kyletown, ND 29474",136508,46
3217,Justin Brooks,"507 Cody Curve Apt. 315, West Carmen, MS 23185",118322.84,53
3218,John Jones,"5141 Ramirez Street, Nealhaven, TX 76220",137602.82,52
3219,Tamara Lopez,"278 Johnson Valleys, Heatherchester, IL 47666",104330.22,46
3220,Henry Estrada,"99149 Anderson Field, Barbarabury, AL 11508",157387.13,25
3221,Jasmine Nelson,"9445 Jordan Drive, North Derrickborough, NY 71971",113318.66,21
3222,April Hayes,"42121 Austin Lodge Suite 975, North Billy, AR 69479",90741.46,65
3223,Jeffrey Evans,"686 Ian River Apt. 544, South Christopherstad, VI 50669",153606.62,51
3224,Mr. Charles Robinson PhD,"0648 Thomas Garden, Katherineborough, OH 83431",52574.53,55
3225,Mary Keller,"2047 Johnson Inlet Apt. 076, South Nancy, FM 22796",170581.12,43
3226,Daniel Moore,"83262 Matthew Manors Apt. 483, Youngberg, MH 30895",83348.76,40
3227,Andrea Huang,"5038 Laura Islands Suite 185, North Jason, NM 14279",93089.15,61
3228,Robin Martinez,"USNV Campos, FPO AE 29050",179567.29,62
3229,Phillip Silva,"0960 Jessica Orchard, Gordonhaven, MO 49461",48146.71,55
3230,Michael Moore,"6857 Diaz Mews Suite 429, South Tristan, AK 11829",158734.6,42
3231,Brianna Ward,"9422 Christopher Lights Apt. 952, New Laura, KY 80334",46666.23,50
3232,Angela Roberts,"577 Dean Crest, West Brent, OR 32663",145265.7,39
3233,Michelle Lewis,"75533 Gonzalez Hills, Mcgrathchester, IL 08679",128929.92,32
3234,Michelle Hamilton,"Unit 5827 Box 6546, DPO AP 77411",115398.94,45
3235,Haley Walsh DDS,"378 Key Cove, Elizabethport, SC 17131",130806.44,40
3236,Kelly Page,"1907 Johnson Locks Apt. 155, Lindaton, NM 39693",135902.93,27
3237,Lori Martinez,"15889 Caleb Cliffs Suite 297, Port Christianburgh, FM 54849",126439.47,43
3238,Maria Kelly,"06051 Richard Trafficway Suite 690, Josephmouth, WV 20446",105543.01,61
3239,Sherri Cobb,"471 Heather Shores, East Tyler, CT 04717",98507.64,33
3240,Melissa Harrington,"9212 Lisa Valley Apt. 489, West Robertview, AS 27285",55291.73,33
3241,Sheri Ramos PhD,"463 Krystal Pine, Gillmouth, VI 02619",38677.87,58
3242,Lacey Simpson,"USNS Bailey, FPO AP 42373",69580.34,45
3243,Edward Harvey,"12547 Susan Ports, Leeville, IA 47408",44133.93,55
3244,Rebecca Randolph,"6471 Holt Roads, Jamesside, UT 15003",128294.11,52
3245,Edward Cook,"USNS Molina, FPO AA 72958",112421.31,49
3246,Peggy Rivas,"458 Murphy Hollow Apt. 222, Cortezfurt, TX 01260",175153.25,22
3247,Julian Brown,"52793 Scott Groves Suite 190, Alexanderport, SD 19341",40371.19,24
3248,Ruben Rosales,"Unit 3063 Box 4437, DPO AE 03042",83969.2,23
3249,Kelly Jackson,"2373 Clark Green Suite 248, Meyerhaven, MP 85789",93798.64,34
3250,Teresa Lee,"50227 Green Locks Apt. 338, Travisville, IN 62997",152030.04,63
3251,Gina Macias,"522 Kristina Vista Apt. 004, Lake Edwardview, DC 06692",110852.35,64
3252,Michael Gardner,"3500 Collin Shore Suite 383, Grayshire, KY 84377",161179,55
3253,Jennifer Morgan,"199 Weaver Wells Suite 134, Lauriemouth, IA 91761",56598.28,58
3254,James Crawford,"428 Christopher Rue Suite 166, Hallport, HI 67629",68782.92,25
3255,Lindsey Davis,"8249 Bryant Throughway, Ericaview, TN 75719",40347.26,30
3256,Tim Frederick,"5476 Davis Falls, Olsonview, PA 02802",105889.73,22
3257,Robert Bailey,"5629 Jeffrey Shores, Robertmouth, CT 44365",103326.85,60
3258,Brittany Bush,"476 Matthew Meadow, Ortizstad, TN 57221",41641.25,65
3259,Donald Herman,"4146 Lindsey Ville, Perkinsborough, NY 77451",129074.03,21
3260,Michael Abbott,"937 Karen Route Apt. 908, North Kathleen, CO 92486",59976.11,24
3261,Matthew Fisher,"8687 David Mount Apt. 811, Williamsonview, MP 15527",166176.04,27
3262,Victoria Long,"701 Perez Ports, Adamstown, MI 99005",101146.77,31
3263,Kenneth Aguilar,"985 Meghan Orchard Suite 261, Davidmouth, ME 04229",156126.06,25
3264,Bradley Jackson,"937 Anita Causeway Apt. 574, North Angela, DE 05355",153581.03,27
3265,Matthew Aguilar,"12854 Santana Locks Apt. 150, North Angelachester, NV 07419",51556.05,59
3266,Michael Anderson,"035 Lambert Village Suite 428, East Melissa, OK 66148",150880.41,35
3267,Joseph Lozano,"648 Jones Extensions, East Johnshire, MS 05079",44150.97,33
3268,Steven Harris,"72352 Nelson Turnpike Apt. 611, Port Stephanie, NC 70455",96800.66,64
3269,Michael Harrison,"PSC 6298, Box 4754, APO AP 65104",93291.25,28
3270,Nancy Brown,"46994 Tracey Turnpike Suite 601, Drakehaven, MA 73101",176498.72,57
3271,Jennifer Petty,"24975 Christie Canyon Apt. 619, East Nicholas, AK 32993",114153.3,41
3272,Tammy Watts,"574 Michelle Villages, Port Phillip, ID 59407",156281.93,34
3273,Alexa Robinson,"658 Stephen Lodge, Lake Dwayneview, MP 54736",145813.04,58
3274,Gabriel Stewart,"363 Jason River Apt. 223, West Tammyburgh, CT 07926",60149.91,25
3275,Kristopher Bonilla,"48793 Sharp Throughway, East Jessemouth, WI 59136",52508.1,30
3276,Laura Huynh,"759 Christopher Rapid Apt. 992, North Carlos, IL 58689",144844.76,31
3277,Dustin Ware,"850 Mccarthy Rapids, North Tinaberg, ND 18129",135962.89,56
3278,William Riley,"268 Christopher Plaza, Lake Andrewborough, IA 74174",58925.89,36
3279,David Hamilton,"614 Justin Spring, Jonesport, FM 48316",169222.95,23
3280,Jennifer Escobar,"110 Lyons Ridge, Dorisberg, AS 76326",54338.78,61
3281,Timothy Brown,"893 Bobby Underpass Apt. 898, North Timothybury, FL 95833",123804.02,31
3282,Martha Macias,"7830 Colleen Trace Suite 410, West Kathleen, KY 33317",37266.4,52
3283,David Carter,"78584 Goodman Cape Apt. 392, North Brian, CA 49546",46704.78,21
3284,Barry Cline,"979 Sarah Garden, Racheltown, TN 98470",61014.86,26
3285,Victoria Turner,"631 Sally Track Apt. 684, Paulaside, NH 61845",137477.48,58
3286,Sandra Mccall,"768 Miles Port, Martineztown, ME 22801",163602.7,47
3287,Katherine Mcguire,"14100 Maurice Ramp, East Brandon, MI 13173",135558.01,51
3288,Jason Martin,"2880 Kyle Mall, Port Michaelchester, OK 03654",135391.96,34
3289,Andrew Turner,"170 Martinez Causeway Suite 730, Hansenmouth, MA 17131",55747.74,38
3290,Christopher Wiggins,"1333 Arnold Center Apt. 103, Goodmantown, AK 19107",110847.6,47
3291,Daniel Daniels,"2741 Kennedy Center, East William, MO 05182",69691.8,32
3292,James Collins,"49189 Mary Views Suite 574, Simsbury, ID 30723",123528.01,23
3293,Robert Robinson,"181 Bates Keys Apt. 506, New Edwin, MP 70674",121459.44,52
3294,Morgan Carlson,"437 John Cliff, Port Veronica, RI 27329",123747.22,26
3295,Jane Heath,"502 Alec Place Apt. 538, Karlashire, FM 91726",125942.79,40
3296,Kirk Jones,"5183 Johns Ranch Apt. 461, North Danny, KS 05826",85438.77,21
3297,Leah Hunter,"77160 Jill Points, Port Daniel, NV 32167",115868.01,33
3298,Lawrence Cunningham,"5339 Shields Islands, North Troy, MD 17707",52038.63,54
3299,Taylor Payne,"240 Antonio Island, South Mary, MA 71242",176634.76,60
3300,Darren Johnson,"740 Watson Rue, Mcgrathhaven, VA 34735",87475.69,55
3301,Suzanne Reed,"264 Daniel Hollow, Port Amanda, NY 39423",108593.41,50
3302,Nathan Case,"7927 Salazar Villages Apt. 920, Miguelland, MP 48582",146698.04,63
3303,Julie Tyler,"304 John Groves, West Rebeccaside, PW 67546",65175.76,24
3304,Melissa Black,"73140 Chelsea Forks, North Amytown, IN 80091",63089.25,30
3305,Brian Evans,"786 Charles Mall Apt. 484, Jimton, MA 28455",134360.34,51
3306,Dean Mullins,"PSC 5508, Box 2382, APO AP 83759",107139.65,31
3307,Anne Long,"195 Tracy Turnpike Apt. 714, Walkermouth, LA 19178",132170.68,23
3308,Jessica Meyer,"03238 Kathy Terrace Apt. 704, Johnberg, NJ 91516",42834,44
3309,Christopher Gomez,"5802 Jennifer Gateway, North Williamhaven, MI 85397",76334.36,48
3310,Joshua Johnson,"3882 Perez Roads, Rebeccaton, OR 75632",71450.36,60
3311,Douglas Riddle,"324 Richard Cliffs, Taraville, IN 28892",151747.28,50
3312,Jeffrey Hogan,"55563 Mccoy Crest, Dannystad, NH 60061",41281.03,24
3313,Wendy Brown,"223 Gutierrez Dale Suite 141, New Katherineburgh, WI 59194",169104.9,32
3314,Matthew Hill,"0763 Thomas Spurs, South Keith, WI 26872",57916.61,22
3315,Travis Simpson,"3070 Cathy Isle Apt. 042, Robinsonbury, CA 07014",105333.9,28
3316,Ian Flores,"Unit 4744 Box 9366, DPO AA 30365",45274.63,36
3317,Charles Ross,"28974 Christine Track Apt. 496, Thomasborough, MN 29203",139603.45,58
3318,Rhonda Rogers,"542 Anderson Loop, Brucehaven, ND 79555",119065.46,47
3319,Stephanie Spears,"36191 Hughes Forges, Port Douglas, UT 97022",63818.95,64
3320,Marie Sloan,"Unit 9414 Box 4772, DPO AE 37210",165264.05,35
3321,Steven Mccann,"791 Taylor Locks Apt. 439, Barrettton, WV 53048",147951.42,41
3322,Andrew Owens,"38917 Fischer Shores, Michellebury, RI 24763",68028.4,36
3323,Jonathan Chavez,"PSC 1626, Box 9877, APO AE 43539",141973.44,33
3324,Autumn Williams,"44685 Benjamin Hill Suite 947, New Jim, SD 52756",89452.2,35
3325,Taylor Curtis,"90879 Ashley Plains Suite 367, Careybury, RI 49674",45661.81,58
3326,Scott Anderson,"75504 Debra Harbor, Lake Jameshaven, IN 66103",105239.12,48
3327,Anne Stevens,"PSC 8207, Box 9077, APO AP 76616",56016.48,60
3328,Molly Herrera,"6166 Williams Extension, East Pamelaside, AK 19473",100973.68,45
3329,Victor Shelton,"1651 Hale Lake Suite 662, Kellyfort, GU 07379",89155.34,50
3330,Daniel Burnett,"84099 Jacob Locks, South Richardview, OK 73614",139374.08,61
3331,Jeremy Macias,"9840 Johnson Via, Kevinberg, AR 99161",86995.58,38
3332,Jessica Charles,"96794 Rodriguez Rapids Apt. 668, South Jesseville, VA 06532",64320.58,29
3333,Bob West,"0022 Angel Gateway Suite 423, East John, MD 24182",39653.72,57
3334,Lance Garcia,"Unit 5621 Box 2025, DPO AA 85266",43649.5,29
3335,Laura Rodriguez,"4525 Davis Trail Suite 569, South Kevin, PA 42912",51110.84,50
3336,Kyle Golden,"7203 Justin Flat Apt. 614, Port Gregory, NY 48499",101493.94,31
3337,Laura Roberts,"9981 Jeffrey Ville, Jonesview, ME 76325",145249.24,35
3338,Brendan Garcia,"8906 Robertson Plain Apt. 391, Lake Leah, WY 63932",163529.3,59
3339,Amanda Lee,"1895 Jessica Glen Apt. 970, New Julie, NH 96440",57734.28,61
3340,Katherine Hall,"1432 Daniel Rue, Cynthiaville, WY 01544",173150.22,31
3341,Pamela Hahn,"86586 Heather Square, East Jordan, NM 69166",118827.61,56
3342,Daryl Trevino,"PSC 1474, Box 6757, APO AE 22648",158975.58,26
3343,Angela Fuller,"73124 Edward Stream Suite 924, Patrickfurt, DE 61115",94695.94,54
3344,Darryl Fields,"56841 Moore Fords, Brianshire, MP 64777",105935.94,34
3345,Deborah Perez,"01508 David Parkways Apt. 092, North Kathy, IL 61403",120779.23,50
3346,Michael French,"72943 Robert Parkway Suite 345, East Ashleyville, RI 58385",75479.78,48
3347,Whitney Herrera,"9316 Deanna Drives Suite 863, Amandamouth, GU 55446",141745.93,36
3348,Heidi Myers,"PSC 1280, Box 6955, APO AE 16881",70935.56,48
3349,Michael Carlson,"1566 Love Spur, Christinaville, IL 35651",119022.72,58
3350,Zachary Calderon,"42385 Jon River, Floresstad, LA 47091",172206.59,57
3351,Jonathan Morris,"806 Kevin Prairie Suite 888, Christyside, VI 40415",165246.51,47
3352,Sarah Foster,"095 Williams Springs Apt. 198, East Robinfort, NH 65875",177126.69,23
3353,Joseph Huang,"02933 Stephanie Union Suite 705, New Trevor, DC 46824",178734.66,53
3354,Eric Thornton,"132 Robinson Gateway Apt. 588, Kayleetown, ME 99841",39874.98,54
3355,Christopher Hill,"115 Curtis Inlet, Alexisport, WV 53930",92176.42,65
3356,Alicia Vazquez,"71377 Hall River, Shelbyport, SC 52111",154087.24,49
3357,Connor Snyder,"24044 Curtis Club, Peterschester, VT 84388",106816.33,26
3358,Christine Douglas,"45501 Carol Glen Apt. 128, Herrerachester, NE 60430",115980.61,21
3359,James Ross,"3320 Mills Court, Romerostad, ID 11693",135508.18,47
3360,Stephanie Keller,"14618 Andrade Centers Apt. 739, West Lauren, NH 71039",172740.41,29
3361,Ann Costa,"50882 Donald Greens Apt. 969, Yorkport, VT 88504",86968.82,36
3362,Roberto Lewis,"49292 John Dam Suite 061, Jenningsport, MO 03134",128907.83,26
3363,Kevin Pruitt,"PSC 4505, Box 6958, APO AE 50617",37309.87,63
3364,Scott Jordan,"3812 Castro Causeway, West Michelle, GA 11428",79201.31,50
3365,Debra Graham,"42414 Heather Mall Suite 626, Port Randallview, MO 39415",159398.71,58
3366,Shawn Johnson,"6053 Mary Ridges Suite 837, Timfurt, WY 95105",38539.95,50
3367,Courtney Kennedy,"2427 Patton Cliffs, Port Amber, NM 84443",102245.29,29
3368,Thomas Glover,"1249 West Port, Donnahaven, CA 76893",161758.86,46
3369,Scott Russell,"5610 Durham Points, Kennedyborough, FL 42918",61817.13,44
3370,Taylor Gordon,"62471 Reed Lock, Lake Melissa, UT 70685",125887.59,61
3371,Stephanie Jones,"1528 Jessica Parkway Suite 477, North Robertshire, MS 18655",35197.73,61
3372,Stacey Hernandez,"70653 Jared Mountains Suite 623, Kennethbury, MN 85667",45251.3,65
3373,Carla Holden,"85952 Montoya Causeway Suite 004, Kristinatown, VA 52819",83271.39,23
3374,Pamela Smith,"592 Clark Route, West Virginiahaven, IA 21875",78005.55,38
3375,James Burns,"8660 Lisa Rest, New Natalie, CO 34226",136217.97,60
3376,Lisa Barr,"781 Esparza Spring, South Linda, WA 09537",113653.09,34
3377,Justin Walker,"9347 Perez Fort Suite 267, Lisafurt, NE 96426",149215.32,26
3378,Amy Saunders,"USCGC Hart, FPO AE 54117",124966.01,42
3379,Linda Reyes,"8766 Kathryn Street Apt. 782, Castanedaport, WA 82860",141685.31,24
3380,Alan Carter,"79727 Alexander View, Webershire, ME 52309",109636.79,64
3381,Rebecca Trujillo,"6589 Lee Plaza Suite 844, Lake Angela, TN 51850",87778.63,24
3382,Denise Bryan,"7381 Schultz Stravenue Suite 997, New Christopher, NE 11493",51090.15,44
3383,Alex Zhang,"6391 Dawson Trail, Kimberlyfort, IL 76239",102476.17,23
3384,Joseph Frazier,"7181 Kelly Forks Suite 096, Lake Audreymouth, WI 83172",88007.82,32
3385,Ashley Lara,"4060 David Radial, South Lisaburgh, NE 81100",128985.04,25
3386,Tyrone Mclean,"332 Nicolas Fords Suite 319, Hoganburgh, ME 25858",116309.94,34
3387,Jonathan Jones,"67897 Robert Crest, Tammyshire, CO 84174",55068.84,42
3388,Micheal Shaffer,"839 Jennings Highway, Port Patrickfurt, AK 64394",69601.74,28
3389,Heather Smith,"2853 Anthony Islands Suite 786, Christineberg, FL 17015",129110.57,58
3390,Vanessa Smith,"977 May Hills Suite 201, East Samanthaberg, AL 94532",161314.05,65
3391,Nicholas Dunn,"70466 May Burgs, Port Tracyfurt, FL 16803",65420.13,35
3392,Jeffrey Rodriguez,"5836 Munoz Plains Apt. 166, Amyville, MP 29946",81467.25,38
3393,Jason Martin,"86102 John Brooks, Angelshire, MS 31463",108017.07,48
3394,Debbie Pierce,"PSC 8814, Box 6082, APO AA 91760",75186.07,25
3395,Alan Yang,"44417 Bennett Vista Suite 196, North Jeffrey, IA 77007",89058,49
3396,Lisa Smith,"PSC 9761, Box 0321, APO AA 45022",105502.9,54
3397,Kathryn Smith,"7051 Christine Vista, Lake Bryan, AK 35967",155286.17,51
3398,Jordan Foster,"PSC 2919, Box 3042, APO AE 11974",137924.67,64
3399,Holly Brown,"11876 Melton Overpass Apt. 241, New Perry, MA 95864",154679.96,39
3400,David Mathis,"95992 Howard Prairie, Lake Nancy, KS 35059",100536.87,44
3401,Patrick Reynolds,"PSC 1592, Box 2209, APO AA 50957",150986.06,65
3402,Diamond Fernandez,"825 Barker Crest, Jeffreyland, WY 15491",152275.4,25
3403,Carolyn Bell,"82080 Wilson Mission Apt. 871, West Jeffrey, NC 94673",62311.27,50
3404,Scott Hernandez,"570 Ryan Port, Bettymouth, NJ 03874",47659.77,46
3405,Cody Dyer PhD,"046 Peggy Village, Lake Samuelland, SD 30373",165202.15,39
3406,Christopher Jordan,"67270 Dustin Highway Apt. 026, North Allen, IL 02239",173947.19,25
3407,Sandra Smith,"3193 Bridges Tunnel, Lauriebury, CO 89278",50857.91,38
3408,Stanley Wheeler,"13972 Velasquez Pines Suite 713, West Donaldbury, NY 61977",51243.56,30
3409,Kathy Johnson,"779 Campbell Stravenue, Walterton, PA 61124",106967.67,34
3410,Isabella Watson,"85413 Michelle Mount, Johnmouth, AS 92071",110499.71,61
3411,Kevin King,"USNS Harris, FPO AA 05933",38290.09,47
3412,Mitchell Delgado,"USNV Rocha, FPO AE 69381",175588.32,55
3413,Brittany Ochoa,"748 Sanchez Junction, Mitchellfurt, UT 01957",170099.61,51
3414,Joan Taylor,"7753 Julie Underpass Suite 835, East Joshua, NC 10946",85271.54,49
3415,Michelle Smith,"PSC 1621, Box 9897, APO AA 37851",141967.84,22
3416,Randy Harris,"516 Gilbert Station, South Brandonview, MH 36958",77269.94,25
3417,Kyle Bennett,"06619 Danny Shoal, Kimberlyport, GA 42456",38195.31,35
3418,Scott Bridges,"PSC 1930, Box 6473, APO AP 76527",156067.39,54
3419,Joseph Gomez,"43595 Joe Fork, Lake Sarahstad, PW 35681",128477.44,47
3420,David Hill,"1697 Diane Parks Suite 720, Jerryshire, NM 16326",118912.17,62
3421,Kimberly Nelson,"696 Butler Knoll, Jessicaburgh, NC 34687",128677.43,41
3422,Dalton Adams,"5440 Long Ranch Suite 253, New Jacob, OR 30937",105491.52,63
3423,Mario Tran,"13983 Samantha Camp Apt. 565, Mercadoburgh, TN 27101",136045.22,56
3424,Mary Russell,"91364 Hannah Ramp Suite 805, New Loriton, LA 84921",99562.16,40
3425,John Gomez II,"741 Walker Expressway Suite 563, South Rickey, PR 87479",117251.49,40
3426,Robert White,"9211 Susan Ports, East Anthonymouth, CA 03158",59901.88,37
3427,Brady Smith,"PSC 8147, Box 9605, APO AA 18928",67883.38,44
3428,Steven Johnson,"8854 Jose Row Suite 458, New Mario, MO 27476",175754.99,24
3429,Sarah Clark,"30471 Contreras Valleys, East Justin, SD 23647",56509.06,39
3430,Patrick Guerra,"Unit 2819 Box 4001, DPO AE 18334",101109.35,31
3431,Brandi Freeman,"741 Hughes Mall, Curtismouth, AZ 65197",124701.38,31
3432,Dean Vaughn,"75143 Yu Wall Suite 546, East Edwin, ND 93431",138212.76,39
3433,Phillip Sullivan,"9091 Oscar Rest Apt. 581, Craigville, ND 49107",61430.67,32
3434,Tamara Brown,"6084 Hart Groves Suite 956, Rosariostad, MN 56654",156703.09,65
3435,Pamela Martin,"52290 Johnson Corners, Anthonychester, GA 78302",166183.12,30
3436,Debra Johnson,"2209 Walker Extensions, North April, DC 39444",58381.93,28
3437,Yesenia Nunez,"7873 Rodriguez Stravenue Apt. 723, Lake Jacquelinebury, MD 65122",40966.96,41
3438,Daniel Moss,"9789 Clark Way Suite 258, Mirandamouth, MD 83784",118306.15,49
3439,Laura Wilson,"60438 Martinez Heights Apt. 088, Angelafurt, VA 04771",72759.04,32
3440,Dennis Wilson,"USNV Rojas, FPO AA 98341",64747.53,23
3441,Melissa Bradley,"75790 Mark Knolls, New Amychester, ID 75580",131505.23,43
3442,Dwayne Nelson,"296 Allen Cape Suite 768, New Angelafurt, OH 31357",56451.91,49
3443,Amy Davis,"0275 Green Overpass Apt. 142, Andrewborough, NE 75976",113280.66,31
3444,Joshua Evans,"04549 Courtney Village, Paulfurt, MN 25085",112378.23,28
3445,Madison Lewis,"3491 Bennett Center Suite 577, Port Jennifer, AZ 34703",168462.93,46
3446,Mark Lee,"Unit 3319 Box 3121, DPO AP 06642",170004.99,30
3447,Autumn Brandt,"3800 Yang Tunnel Apt. 968, Starkchester, VI 51038",172429.41,41
3448,Katrina Hunter,"USNS Hurley, FPO AA 42502",57627.72,55
3449,Joshua Perez,"2490 Megan Grove, West Kevinbury, KY 49863",176462.15,42
3450,Kellie Boyd,"439 Cabrera Walks, Thompsonstad, VA 68297",128850.37,39
3451,Robert Rogers,"496 Michelle Camp Apt. 230, North Daniel, VA 80234",103717.05,39
3452,Matthew Moyer,"73855 Cox Causeway, Codyside, CO 92783",175592.81,57
3453,Julie Rhodes,"2662 Torres Loop, Woodstown, GU 34210",131698.72,57
3454,Melissa Miller,"264 James Islands, Greenhaven, OR 47571",140638.85,49
3455,Deborah Watson,"77910 Parsons Mills, West Robert, MS 29860",84109.24,28
3456,Kathleen Moses,"891 Anthony Village Apt. 024, North Robin, CA 17874",141087.88,23
3457,James Johnson,"USNS Brooks, FPO AP 49057",55216.38,56
3458,Kaitlin Kennedy,"84842 Timothy Street, Port Tom, WI 83247",51947.03,22
3459,William Howell,"8913 Castillo Mews Apt. 684, Lake Ericbury, UT 70114",93236.34,35
3460,Beth Hobbs,"5097 Morgan Forest Apt. 098, Williamshaven, GA 92823",99666.04,26
3461,Christopher Vargas,"0497 Joshua Inlet, Kochport, MS 34696",82323.14,59
3462,Mr. Samuel Bradley,"15221 Michael Throughway, Sharonside, CA 21990",127990.33,58
3463,Robert Chandler,"88232 Sheila Courts Apt. 395, East Marcus, KS 75916",111332.91,38
3464,Donna Cole,"8101 Maria Harbors Suite 073, New Coreyland, KY 24159",63378.77,26
3465,Jessica Kim,"451 Malone Fort Apt. 016, Heidiview, MP 67055",113069.78,49
3466,Jacob Schmidt,"USNV Doyle, FPO AE 55643",133174.19,26
3467,William Orozco,"2864 Charles Forge, Brownville, NJ 12696",176496.73,46
3468,John Randall,"294 Gonzalez Courts, Mccarthymouth, CO 50889",63195.26,41
3469,Dylan Wilcox,"4008 Barber Path, Lake Elizabethview, WI 21407",122459.92,53
3470,William Owens,"990 Garza Underpass, Murphyshire, UT 10955",171793.31,63
3471,Brian Wilkerson,"157 Benson Springs Apt. 671, Ibarrachester, NJ 06939",87354.41,30
3472,Kelly Jordan,"68203 Thomas Path Suite 794, North Mollymouth, PW 38308",138814.75,48
3473,Angela Richardson,"18811 Gregory Trafficway Suite 873, Williamton, OH 42494",88596.35,44
3474,David Woodard,"7169 Roberts Dam Apt. 134, Lake Paul, ID 80852",36767.66,43
3475,Megan Matthews,"95700 Roberto Highway, Cameronberg, GA 96489",85946.48,49
3476,Mark Brown,"930 Amanda Hill Suite 604, New Randyburgh, WA 55878",161773.75,26
3477,Justin Martin,"76210 Gonzalez Stravenue Suite 272, South Randystad, KY 76774",66275.8,49
3478,Helen Ray,"75374 Mcgrath Views, New Katrinahaven, IL 01023",142521.51,47
3479,Kristina Taylor,"0496 Hernandez Hills, South Jennifer, WV 11552",151534.4,39
3480,Taylor Patterson,"USNS Hayes, FPO AP 69055",58749.6,48
3481,Alyssa Adams,"PSC 2028, Box 8823, APO AP 58526",140647.8,47
3482,Sharon Freeman,"0152 Parks Grove Suite 310, New Ashley, AS 19202",55237.31,58
3483,Steven Barajas,"09254 Tyler Underpass Apt. 181, East Kimberlyborough, AK 60391",121700.68,30
3484,Rodney Patton,"4508 Sandra Route, Ginaside, AS 93537",65128.65,51
3485,Jacob Spencer,"8846 Green Drives Apt. 328, Wallerview, GA 44370",178315.45,54
3486,Jason Moyer,"2658 Rocha Lodge Suite 124, Anthonyland, NE 88112",178062.56,25
3487,Brian Mcbride,"116 Stephen Fall, North Breannafurt, RI 85607",170307.18,58
3488,Carla Gross,"2020 Lee Tunnel Suite 109, West Jonathan, HI 77193",144636.54,26
3489,Steven Phillips,"642 Mcgee Station Suite 247, Port Travis, IL 09451",35959.74,61
3490,Kristi Henry,"4620 Scott Heights, Thomasshire, RI 10485",167589.52,47
3491,Meghan Gonzalez,"2114 Steven Point, Port Jerrychester, TN 50362",60359.49,50
3492,Linda Petersen,"83942 Wilson Summit, Lake Joseph, ME 64656",137985.82,29
3493,Michael Evans,"25716 Williams Burgs, Melissashire, MN 21870",63892.35,45
3494,Derek Walsh,"4663 Miller Parkway Apt. 120, Clarkstad, NM 47253",76972.16,52
3495,Lisa Woods,"6756 Gray Manors Suite 667, Tamaraland, IN 40178",41123.77,40
3496,Ashley Stark,"32422 Rodney Squares Suite 532, Jenniferport, UT 83691",156014.85,40
3497,Eric Davis,"9005 Kathy Points, South Michael, WV 38882",106644.57,50
3498,Anthony Larson,"6539 Ray Bypass, West Stephenside, IL 33994",67555.43,21
3499,Joshua Jimenez,"35451 Renee Harbor Apt. 294, Lake Edward, GU 06213",57333.48,40
3500,Kristina Willis,"21559 Andrews Vista, Ashleyburgh, PW 35627",173623.86,61
3501,Michael Rodriguez,"60181 Debbie Trafficway Apt. 328, Lake Johnstad, ID 70925",103518.47,62
3502,Benjamin Mitchell,"Unit 9179 Box 2165, DPO AE 41336",131557.45,39
3503,Victoria Martinez,"8726 David Freeway Suite 021, Jasonview, MI 05950",95487.73,52
3504,Heidi Sims,"13121 Linda Valley Apt. 243, Jeanettefurt, MS 91876",166485.01,62
3505,Ronald Rodriguez,"15394 Smith Lights Apt. 146, Lake Davidmouth, VT 73011",70488.79,28
3506,Justin Scott,"360 Timothy Path, East Melissaborough, MN 31377",145884.16,52
3507,Michael Farley,"PSC 4175, Box 1800, APO AA 87426",179178.28,25
3508,Jacob Thomas,"USNV Dixon, FPO AE 66858",121839.24,44
3509,Paul Stout,"23587 Sandra Avenue Suite 309, South Michelleshire, KS 89989",119254.54,57
3510,Emily Good,"7313 Goodman Spurs Suite 338, Cookfort, AK 15959",98229.93,37
3511,Catherine Mitchell,"393 Martin Mills Apt. 828, Port Michaelchester, MN 97908",126059.43,51
3512,Rhonda Smith,"4770 Ramirez Common Apt. 357, New Melanie, WY 20851",176267.52,28
3513,Paul Spears,"68843 Brittany Fork Suite 062, Gonzalezberg, IN 81790",89114.32,57
3514,Chad Phillips,"PSC 8745, Box 4560, APO AE 87501",37544.04,37
3515,Mark Glass,"9279 Howe Crescent Apt. 964, Tashaport, NC 17534",58612.85,24
3516,Calvin Quinn,"199 Rodriguez Stream, South Kenneth, TX 58883",56189.88,50
3517,Kenneth Wilson,"0147 Angela Flat Apt. 961, Banksstad, NY 72070",162356,29
3518,Matthew Green,"1804 Nguyen Course, New Michelle, PA 74611",86820.89,24
3519,Christopher Fields,"4756 Peter Crossing Apt. 704, Williamsburgh, ID 59896",74537.2,47
3520,Mary Martin,"20358 Kimberly Trail, Downsmouth, CO 82086",127255.83,43
3521,Whitney Fleming,"452 Johnson Lake, Thompsonstad, PA 08810",42063.66,39
3522,Laura Estrada,"2292 Olson Bypass Apt. 598, Michaelmouth, PW 41702",111793.79,25
3523,Brandy Skinner,"91298 West Gateway Suite 370, Francisberg, IL 07206",109510.64,61
3524,Benjamin Miller,"Unit 5576 Box 3295, DPO AP 16151",61570.89,27
3525,Jason Jones,"748 Harris Haven Suite 030, South Phillip, PR 68201",121820.56,31
3526,Michael Anderson,"75840 Perez Track Apt. 886, Amyburgh, HI 66933",113838.29,41
3527,Julie Gross,"6003 Davis Track Suite 882, Johnsonbury, MN 12132",154889.19,64
3528,Kevin Adams,"5009 Williams Grove Suite 071, Lake Luke, AS 38234",150982.19,38
3529,Ashley Nguyen,"40278 Brian Lake Apt. 130, New Michael, DE 10274",134389.34,65
3530,Marcia Morris,"2234 Conner Centers, Johnsonfort, WY 10326",87565.79,55
3531,Shannon Freeman,"USCGC Reyes, FPO AA 02087",119106.76,30
3532,Kristina Brown,"50640 Davis Plains Apt. 284, Port Heidiville, TN 39025",36870.16,54
3533,Amanda Oliver,"3173 Michelle Meadows, West Rachelstad, GA 20828",75805.58,52
3534,Michael Jones,"USS Carter, FPO AP 14130",94739.2,31
3535,Nicholas Knight,"8352 Allen Ford Suite 885, Johnsonchester, PW 80558",49850.59,30
3536,Pedro Dixon,"93195 Bradley Radial Suite 591, Lake John, WA 33648",107990.52,33
3537,Sabrina Petty,"307 Murphy Walks Suite 490, Port Karen, AR 63456",150290.48,56
3538,Kara Johns,"0286 Mary Club Apt. 769, North Williamside, VT 79208",123947.11,54
3539,Melissa Campos,"10470 Ramirez Turnpike, Jonathanbury, WI 88809",157680.11,56
3540,Jared Anderson,"Unit 1951 Box 1094, DPO AA 95717",136828.41,28
3541,Rachel Morales,"PSC 8216, Box 5514, APO AA 23127",95515.21,25
3542,Sharon Horn,"641 Allen Mills Apt. 228, Markchester, WY 76451",51902.02,29
3543,Melinda Miller,"4881 Jennifer Park, East Steven, VI 93756",168894.41,51
3544,Leslie Pollard,"7731 Albert Extension, Hannahborough, WY 60085",85490.44,65
3545,Mrs. Susan Robinson,"51494 Elizabeth Park Suite 672, New Stephen, RI 68885",87572.44,49
3546,Angela Warren,"076 Mario Trafficway, Patriciaside, TN 83543",164010.33,59
3547,Julie Townsend,"77696 Espinoza Curve Suite 496, Johnsonfort, WY 01494",110852.56,42
3548,Mark Lewis,"38057 Theresa Crescent Suite 629, Powersfurt, NC 83159",59970.04,40
3549,Catherine Perez,"426 Rodgers Highway, Philliptown, SC 86267",39170.13,28
3550,Tina Powell,"993 Chad Club Apt. 304, Davidfort, PA 43143",67241.89,65
3551,Elizabeth Vazquez PhD,"044 Jackson Burg Suite 416, North Roger, TN 94374",55642.1,35
3552,Jasmine Molina,"00337 Jonathan Villages Suite 421, Lake Renee, NE 88717",79577.11,34
3553,James Craig,"9028 Courtney Center Apt. 724, North Thomas, IA 02837",53881.65,26
3554,Kristina Schwartz,"69667 Joshua Island, Beltranland, WA 43065",96596.74,28
3555,Amanda Watson,"146 Jones Parks Apt. 127, Lake Carriemouth, FL 53687",46271.62,51
3556,Bryan Barnes,"372 Whitney Trail Suite 485, Stevenbury, IN 18074",144813.43,23
3557,Kristen Haynes,"8130 Kevin Garden, Johnsstad, SD 51744",63470.89,23
3558,Mary Sanchez,"58187 Martin Haven, West Sandrafurt, CO 04134",149993,53
3559,Amanda Novak,"PSC 1958, Box 1618, APO AP 27069",121010.54,51
3560,Laura Weaver,"1450 Angela Points Suite 850, Port Steven, WV 93987",52243.72,37
3561,Matthew Thompson,"618 David Circles, Lisaburgh, CA 20890",41275.82,40
3562,Matthew Weber,"730 Felicia Camp, Lake Erik, AS 66774",131800.03,27
3563,Lindsey Brandt,"77564 Andrew Ramp Suite 520, Martinezmouth, PA 36215",148443.77,59
3564,Cheryl Cruz,"30984 Ward Station, Port Nicholas, LA 81982",64783.17,33
3565,Rhonda Jackson,"1363 Michael Island, Gatesbury, IL 96776",61793.36,43
3566,Matthew Smith,"11372 Heather Ways, Harrisonton, NY 24147",39242.57,30
3567,Belinda Lewis,"211 Dale Prairie, New Andreaton, NY 63686",157649.92,38
3568,Cindy Robinson,"89198 Short Brooks, North Michele, GU 67368",172574.78,43
3569,Justin Sandoval,"143 Kathy Row, Whiteside, IA 48900",86069.47,53
3570,Kristina Cox,"9680 Russell Park Apt. 244, Greenburgh, ID 86495",148216.31,60
3571,Kenneth Bowen,"8409 Gina Mountains Apt. 290, Solomonview, FL 20548",70064.27,57
3572,Margaret Spencer,"7689 Mallory Field, West Paulafurt, MI 67281",44908.87,58
3573,Michael Le,"48454 Allen Motorway, Lake Karla, PW 55104",145670.38,54
3574,David Fleming,"75966 Stephanie Highway, Donnafurt, MN 68583",66464.72,33
3575,Taylor Brown,"1070 Wilson Glens Apt. 223, Patriciashire, MT 02008",174818.25,31
3576,Gregory Cook,"509 Roberts Mews, Port Jessicaside, NY 38213",165740.74,55
3577,Michele Shelton,"174 Gonzales Island, Powellberg, NE 85879",35627.69,27
3578,Jeffrey Wolfe,"973 Jeffrey Knoll, South Taylorchester, NV 33372",169013.65,53
3579,Edward Smith,"55501 Jamie Via Suite 317, Lake Tommy, LA 82079",158438.04,51
3580,Melissa Davis,"Unit 5340 Box 2610, DPO AE 43975",88137.14,58
3581,Sarah Coffey,"31078 Harrison Passage, Robertton, MN 38561",61843.24,64
3582,Paul Miller,"272 Perez Hollow Apt. 188, West Annettemouth, VA 34072",173873.42,32
3583,Thomas Underwood,"1513 Brittany Pine, Lake Amanda, WV 18877",156037.61,45
3584,Michael Nelson,"3571 Walsh Trace Apt. 547, Port Steven, MA 60905",96493.32,53
3585,Roy Werner,"7931 Scott Crossroad Apt. 367, Lake Dustinville, MA 46977",67995.36,28
3586,Robert Moore,"977 Joseph Cove, Marilynmouth, PW 71347",145404.37,41
3587,Jennifer Robinson,"59063 Pamela Mount, Floresmouth, KS 94830",52924.23,28
3588,Donna Cameron MD,"997 Stevens Station, North Erikafurt, VT 55254",110360.5,52
3589,Valerie Mcdaniel,"8360 Perkins Ranch, Lake Melissafort, WA 89639",145529.68,39
3590,Theresa Fuller,"983 Abigail Bridge Apt. 362, Adamborough, CO 80395",115784.16,23
3591,Michael Baldwin,"7445 Vazquez Fields Apt. 250, Kevinfurt, NH 97047",46925.95,52
3592,Kelly Guerrero,"9547 White Burgs, New Virginia, WA 20058",51779.78,39
3593,Robert Walker,"2438 Kristina Gardens, Clineburgh, TN 36224",101257.14,40
3594,Kimberly Delacruz,"657 Allison Junction Apt. 751, East Alexander, DC 11756",134621.75,49
3595,Emily Hudson,"6022 Joseph Run, East Garyland, IA 96061",67751.65,47
3596,Julie Walter,"409 Ramirez Drive Apt. 855, Benjaminshire, ID 23472",77135.45,48
3597,Sharon Smith,"244 Jeffrey Road, Bridgestown, NY 49128",62373.82,25
3598,Robert Brown,"4064 Nicholas Coves, New Derekburgh, LA 15271",164739.42,51
3599,Michael Martin,"10232 Natalie Estate Apt. 399, Lake Amber, FM 66991",171166.89,44
3600,Diane Lopez,"21491 Charles Center, New Mackenzieshire, MA 29817",60998.11,64
3601,Tracey Smith,"281 Randolph Way Apt. 519, Gwendolynville, RI 75345",106289.01,27
3602,Larry Medina,"01911 Hill Fords Apt. 670, Lake Kellytown, ME 88878",92473.61,54
3603,Robin Boyd,"5620 Christina Field Apt. 736, Dustinshire, IL 80441",130489.5,26
3604,James Little,"565 Watts Mountain, Port Ronaldland, MH 19158",52286.59,46
3605,Robert Zamora,"013 Michael Ports Suite 253, Lake Julie, ME 83092",93090.52,58
3606,Renee Ellis,"688 Maynard Ville Suite 192, Lake Emilyberg, GU 91546",176747.77,31
3607,Michael Roberts,"1668 Flores Circle, West Lauraberg, GA 45387",44383.01,33
3608,Deborah Wilson,"45982 Dunn Haven Suite 056, Cheyennemouth, TX 13095",84101.59,59
3609,Brianna Martinez,"3345 James Hills, North Cheryl, DC 55223",157384.28,46
3610,Kathy Pearson,"208 Watts Cape, Ricardomouth, RI 69129",52800.51,48
3611,Colin Scott,"5951 Burgess Square Apt. 950, Vanessaport, WV 93263",140154.07,38
3612,Mallory Turner DVM,"Unit 9209 Box 5455, DPO AA 79483",145898.47,58
3613,Paul Clark,"949 Mckee Curve Apt. 832, Elizabethmouth, VI 39286",121079.25,62
3614,Travis Meadows,"304 Colon Junctions Apt. 947, Mckinneyland, FM 57421",171767.63,43
3615,Juan Jackson,"59251 Daniel Ways, Patrickbury, CT 11448",103994.81,59
3616,Steven Wood,"PSC 5636, Box 3004, APO AP 25844",172770.13,52
3617,Kevin Brennan,"0755 Bradley Vista Apt. 467, West Christine, FL 90958",109155.1,30
3618,Mindy Flowers,"7741 Martinez Viaduct, Knappstad, MT 90608",146359.94,27
3619,Ethan Ford,"36558 Wilson Crescent Apt. 069, Stevensfurt, PA 30054",52717.56,52
3620,Tracy Campbell,"34436 Wesley Island Apt. 562, South Carmen, LA 58694",107104.7,61
3621,Dylan Porter,"0107 Woods Trail, West Jasonmouth, AZ 27358",171648.44,22
3622,Joshua Vazquez,"Unit 6549 Box 8061, DPO AP 41362",49442.49,24
3623,Julian Castaneda,"6460 Melissa Wells Apt. 242, Sullivanberg, NM 13410",155395.31,52
3624,Tracy Thomas,"5667 Zoe Centers Suite 072, Beckerburgh, WY 87830",133325.58,32
3625,James Griffin,"6657 Robert Burgs Apt. 261, Port James, VI 76802",90481.78,64
3626,Robin Morgan,"491 Jordan Plain Apt. 614, North Bethmouth, PW 85082",82408.6,40
3627,Robert Stuart,"0331 Long Mall, Smithborough, GU 33065",125185.18,27
3628,Sandy Williams,"838 Brown Port, Norrisport, RI 72264",145224.86,63
3629,Helen Figueroa,"08975 Lewis Square, West Brianport, WI 35619",143983.41,52
3630,James Foster,"06354 Lee Manor, Lake Lisatown, LA 67994",149946.06,33
3631,Kayla Hardin,"9875 Casey Vista Apt. 249, New Steve, GU 28747",77566.63,52
3632,Linda Thomas,"4445 Matthew Street, Meadowsborough, SD 08651",106086.3,37
3633,Leslie Burke,"5782 Richardson Route, Colemanchester, IL 06661",113653.53,55
3634,Charles Rangel,"963 Teresa Gardens Apt. 385, Piercebury, MO 75357",114259.9,23
3635,Felicia Williams,"50343 Wanda Meadow, New Gregory, VA 42670",178653.18,28
3636,Caleb Allen,"7120 Freeman Ridges, Port Casey, SC 70598",90626.33,41
3637,James Lopez,"870 Tonya Land, Collinsmouth, FM 31075",158666.77,49
3638,Megan Williams,"0096 Andrea Mews, Torresbury, SD 42823",101650.15,23
3639,Ms. Courtney Cox,"61563 Paul Lodge Apt. 013, East Chad, ID 03323",60646.03,63
3640,James Moore,"08169 James Burgs Apt. 420, Thomasmouth, VA 69608",159752.3,40
3641,Denise Carter,"USNV Cervantes, FPO AE 82877",163281.53,31
3642,Jeffrey Ball,"14367 Rice Fort, Port Julia, KS 51188",106264.54,29
3643,Timothy Olson,"USCGC Schmidt, FPO AP 27729",80306.65,45
3644,Alexander Freeman,"774 Sweeney Grove, New Elizabeth, AK 69289",105680.96,28
3645,Carol Chambers,"554 Angela Land Suite 421, New Josephside, AZ 46158",117484.01,52
3646,Melissa Gibson,"898 Adam Crest Suite 080, Richardsonbury, OK 30560",130711.4,64
3647,Monica Tran,"6004 Timothy Ramp Apt. 965, Jillhaven, FM 82895",113211.9,51
3648,Tammy Welch,"053 Hall Mills, Lake Paulhaven, AZ 34275",104007.1,31
3649,Paula Chung,"4452 Nathan Ferry, Bettyport, ND 01373",108469.33,46
3650,Deanna Armstrong,"05876 Aguirre Stream, Leahland, OH 37148",73191.69,58
3651,Janet Quinn,"787 Hanna Trail, North Markchester, ID 17501",175776.26,60
3652,Christopher Hill,"57865 Matthew Plaza, Barnesmouth, MH 28477",133090.73,39
3653,Richard Robinson,"24586 Michael Harbor, Carrhaven, PR 39614",81470,22
3654,Melissa Garcia,"968 Hannah Orchard, Davidside, OR 83252",120617.2,29
3655,Charles Robinson,"602 Jeremiah Rest Apt. 473, South Kristin, HI 17395",156355.45,43
3656,Michael Campos,"PSC 8116, Box 2596, APO AP 81023",152385.25,58
3657,Sarah Griffin,"14777 Patrick Crescent Suite 938, New Lauraberg, SD 96931",38900.48,61
3658,Kayla Foster,"919 Angelica Spur, Kendraview, AZ 17619",84482.2,27
3659,Micheal Williams,"8897 Walters Forest, Debbieton, PR 67226",97081.49,43
3660,Patricia Dunn,"9549 William Loaf, Santiagochester, NV 41897",94729.79,24
3661,Joseph Ortiz,"3924 Traci Underpass Apt. 373, Port Glen, MO 86848",130879.8,36
3662,Anthony Davis,"8902 Abigail Dam Suite 359, New Stephanieland, MD 62958",69020.2,40
3663,Katie Montoya MD,"612 Kristine Island, Lake Nicole, NV 04087",120917.09,65
3664,Kenneth Bennett,"Unit 6521 Box 2256, DPO AE 33586",44497.53,40
3665,Joel Marsh,"066 Green Mall, Pattonton, ID 58222",51598.34,31
3666,Jessica Jones,"575 Rebekah Pines Apt. 578, Gwendolynmouth, CO 13978",37858.24,41
3667,Randy Kirby,"691 Jennifer Mountains Apt. 887, Sabrinahaven, WV 12090",40419.76,63
3668,Kevin Wilson,"39378 Brown Rue Suite 195, Millerfurt, MP 23677",160188.44,57
3669,Alexandra Williams,"194 Ryan Isle Suite 859, Port Brianmouth, PW 01042",109640.17,47
3670,Taylor Gamble,"3910 Kristy Mount Suite 237, South Tricia, NE 18571",73659.74,65
3671,Ashley Dillon,"26056 Whitney Crossroad, Hughesburgh, MH 31147",103106.49,22
3672,Anthony Davis,"Unit 4214 Box 8763, DPO AE 19799",177935.89,45
3673,Kathryn Key,"Unit 1180 Box 3196, DPO AP 68752",117701.26,41
3674,Cheryl Lawrence,"263 Kerr Street Suite 788, West Mark, RI 16828",118018.1,52
3675,Kathleen Rodriguez,"2328 Dawn Fork, Lake Holly, NH 42396",49508.22,64
3676,Ricardo Macias,"4405 Tucker Knoll Apt. 241, South Valerie, RI 05817",64856.71,52
3677,Amanda Atkinson,"914 Alexander Mountains Apt. 787, Simpsonstad, WA 27203",107901.44,63
3678,Suzanne Smith,"5794 Tyler Land Apt. 737, East Raven, PR 90706",84233.22,60
3679,Haley Hayes,"712 Nicholas Ramp Suite 143, Harperton, AR 76495",78430.53,48
3680,Charles Reed,"40297 William Ports Suite 389, Johnsonchester, TN 34576",64255,61
3681,Daniel Hensley,"8263 James Crossroad Suite 610, Jennifershire, SC 79111",157863.44,25
3682,Ashley Velez,"9405 Laura Spurs Suite 159, Cassiechester, WV 08456",156855.17,55
3683,Gary Schultz,"Unit 7061 Box 0500, DPO AP 13484",66041.62,37
3684,Mr. Timothy Fuller,"177 Smith Ridges, Thomasmouth, MN 86587",41892.05,57
3685,Richard Ball,"1643 Hannah Radial Apt. 883, Richardmouth, AL 05813",93293.97,35
3686,Darlene Garcia,"287 Burns Court Suite 230, Petersonstad, MP 62545",125562.98,26
3687,Jennifer Santos,"30093 Frank Lodge Suite 620, Curtisfort, HI 81253",139067.49,58
3688,Cynthia Deleon,"102 Candice Flats Apt. 264, Port Natalie, OH 07649",48736.37,42
3689,Gregory Fuller,"8177 Bonnie Rue Apt. 578, South Jim, MT 70128",74637.92,57
3690,Daniel Nguyen,"60011 Pamela Gardens Apt. 738, Port Charlesberg, GA 11944",151171.92,51
3691,Mario Francis,"2101 Scott Route Suite 520, Janeton, OR 76080",96930.35,43
3692,Lawrence Cummings,"511 Mary Walk, Andrewport, CT 22198",150369.5,62
3693,Molly Cooper,"87508 Randall Unions, East Ashleeshire, NM 32781",154442.15,53
3694,Jessica Lawrence,"1910 Wood Hollow, West Patrickside, NY 16346",151598.37,48
3695,Emily Ortiz,"348 Matthew Ranch Apt. 275, South Julie, ME 62498",131201.22,41
3696,Lisa Brown,"347 Smith Trail, South Andreastad, VA 55775",64011.16,46
3697,Matthew Conrad,"585 Craig Landing, Shannonland, NJ 03567",71433.39,53
3698,Jerry Kennedy,"Unit 6271 Box 0610, DPO AA 23116",100718.15,56
3699,Amanda Smith,"86828 Marc Village Suite 800, Galvanside, MS 15762",61187.12,22
3700,Jessica Smith,"47550 Evans Pine Apt. 444, Port Brittany, KY 54334",126037.37,54
3701,Carol Ross,"519 Jennifer Forks, East Joshua, UT 81202",160092.92,57
3702,Tiffany Flores,"927 Ruiz Springs, Davisstad, ND 81431",107384.53,63
3703,Samantha Jenkins,"PSC 6001, Box 3113, APO AP 82502",174506.98,50
3704,Jeremy Owen MD,"892 Brian Centers Suite 725, Brandonton, PA 84547",73850.71,61
3705,Jason Lopez,"6605 Robert Port Apt. 255, Port William, WI 98874",112244.3,60
3706,Christina Little,"041 Glenn Grove Apt. 617, Lutzborough, NM 75223",158652.32,48
3707,Pam Johnson,"30192 Martinez Vista Suite 470, Allisonmouth, AZ 22858",170522.21,61
3708,David Cole,"PSC 4471, Box 5650, APO AE 62553",43682.84,33
3709,Vincent Zimmerman,"8838 Ryan Drive Apt. 120, Lake Tina, MH 14595",87819.83,30
3710,Renee Sullivan,"6795 Edwards Mountain, Lake Katherinechester, FM 79113",69854.22,64
3711,Joan Richardson,"736 Hurley Passage Suite 949, Port Pamela, IL 16156",146001.86,48
3712,Ashley Smith,"PSC 8178, Box 3135, APO AA 09798",94487.74,25
3713,Amy Barker,"1765 Alicia Pass Apt. 760, Jonesmouth, CA 17835",126919.49,47
3714,Gloria Brown,"391 Frye Estate Suite 408, West Sarah, KY 40724",73705.54,39
3715,Antonio Tanner,"910 Chavez Overpass Suite 663, Tracytown, MP 26017",128676.18,37
3716,Katie Ryan,"00738 Murphy Highway, South Aaron, DE 17827",134593.96,36
3717,Robin Richards,"224 Russell Ridge Apt. 487, Schneiderfurt, AZ 13170",93850.56,28
3718,Alex Weber,"PSC 2453, Box 1157, APO AE 71933",56744.53,22
3719,Patricia Rogers,"06846 Skinner Mews Suite 658, Antonioburgh, SC 94071",70610.06,40
3720,Lauren Newman,"9736 Cox Park Apt. 212, Cathymouth, NE 84378",102303.16,56
3721,Angela Bell,"31913 Fox Garden, East Kristinhaven, GA 76097",178737.5,48
3722,John Thompson,"13503 Richard Path Suite 949, South Ann, NE 62842",128803.7,23
3723,Mr. Cody Bernard,"554 Fernandez Mountains, South Gloria, AZ 34650",64288.62,38
3724,Nicholas Yoder,"71699 Nelson Ferry Apt. 963, West Trevor, MH 01956",54782.44,37
3725,Kevin Barrett,"471 Brandon Mill Apt. 168, New Bradleyside, HI 35885",149502.13,38
3726,Luke Burke,"753 Shelby Port Apt. 918, Haynesmouth, PA 75691",130507.25,32
3727,Jonathan Turner,"246 Fleming Trail Apt. 188, Port Jesseview, MO 59723",128422.6,23
3728,Albert Rodriguez,"473 Anthony Spurs, Sancheztown, TX 58071",174749.1,52
3729,Justin Johnson,"63405 Price Ridge Suite 901, Reedburgh, GU 41049",148423.89,24
3730,William Jones,"9357 Keith Drive, Mcmahontown, CA 96501",159639.68,26
3731,Cory Johns,"839 Brooke Drives, New Emily, VA 11030",80516.19,40
3732,Tina Ramirez,"74326 Amanda Stream, Jasonbury, TN 64248",160739.91,47
3733,Tyler Welch,"2944 Justin Orchard Apt. 226, Sarahberg, NY 32932",165032.12,63
3734,Colleen Francis,"32227 Bennett Parks Suite 834, Emilyland, GU 60319",130327.44,26
3735,Marcus Trujillo,"819 Keith Way, West Daniel, PR 22856",92549.78,29
3736,Veronica Kelly,"28832 Kathleen Forges Suite 498, Port Anthonyburgh, RI 30713",69225.97,57
3737,Jeffrey Richardson,"4944 Quinn Divide Suite 372, Hartburgh, WY 30796",141499.66,28
3738,Robert Patel,"7378 Davis Ranch Apt. 116, Jasonberg, VI 55565",110683.85,58
3739,Todd Neal,"7057 Lori Neck Apt. 591, East Kristina, IN 30949",172702.8,54
3740,Christopher Chen,"13584 Kathleen Centers Apt. 411, South James, TN 18703",71512.17,26
3741,Matthew Rios,"3822 Hampton Canyon, Ryanside, UT 98224",69521.14,28
3742,Jennifer Smith,"8863 Edwards Meadow Apt. 929, Audreyland, CO 02860",147112.68,41
3743,Timothy Torres,"0932 Wood Crossroad, Obrienhaven, WA 52446",82746.46,58
3744,Michael Martinez,"06533 Joel Spurs, Mcintyreland, GU 13311",141899.27,36
3745,Jamie Parker,"51644 Robles Rapids, East Christy, WI 49634",170647.51,34
3746,Linda Hoffman,"80047 James Estates, Williamstown, GU 69738",55920.3,32
3747,Shannon Torres,"USNS Durham, FPO AE 26874",66045.75,38
3748,Debra Stevens,"3888 Craig Estates, West Morganview, GA 66414",98723.93,37
3749,Sabrina Allen,"10972 Jennifer Extension Apt. 210, West Katherinetown, PW 54892",160120.49,24
3750,Sarah Greene,"704 Holly Prairie Suite 766, North Teresa, AR 79594",106101.99,44
3751,Felicia Jones,"23653 Thomas Green Suite 250, Acevedoberg, ID 30409",136444.57,28
3752,Vanessa Ellis,"Unit 0944 Box 4831, DPO AA 87787",80891.04,48
3753,Dr. Sherri Lewis,"1687 Walker Burgs, Gonzalezburgh, FL 86692",103853.85,36
3754,Jacob Green,"170 Lynn Turnpike, North Douglasmouth, GU 58389",174680.72,30
3755,Beth Hays,"586 Jason Way, Lake David, GU 38736",87634.71,44
3756,Bonnie Butler,"4230 James Loaf, Karimouth, MT 02147",154097.98,22
3757,Jennifer Chen,"4342 Anthony Inlet, New Amanda, NY 74285",128582.65,59
3758,Melissa Bradley,"9646 Arroyo Branch, Port Maria, TN 96351",40047.37,63
3759,Dorothy Hansen,"6612 Vasquez Unions, Morseside, MD 91042",150846.49,24
3760,Jamie Turner,"5902 Thomas Motorway, Robertview, VT 71905",135148.96,63
3761,Miguel Lara,"4782 Brandon Fields, Alvaradohaven, IA 47955",69753,56
3762,Sharon Arellano,"72420 Barnes Lakes, West Eric, SD 65054",90780.08,61
3763,Veronica Pacheco,"7798 Paige Valley, East Jenniferton, ID 05548",173980.12,44
3764,Curtis Knapp,"012 Mary Fields, East Wayne, ME 08670",165957.78,64
3765,Lisa Wood,"71810 Gonzalez Ranch Suite 448, South Paulfurt, KY 93042",52697.8,36
3766,Brenda Salazar,"651 Bailey Curve, Floresview, PW 62949",159358.84,45
3767,Karen Nelson,"1523 Gonzales Unions, Salinastown, AL 74883",36140.59,46
3768,Denise Reed,"7633 Jacob Islands, Sonyaborough, SD 28572",169488.57,37
3769,Victor Moore,"20707 Terry Locks Suite 803, South Marymouth, NE 02629",78628.78,36
3770,Larry Adams,"05593 Brandy Harbors Apt. 449, Lake Debraland, MN 81447",78126.32,31
3771,Richard Gonzales,"2255 Griffin Hollow, New Rhondastad, SC 06198",167804.17,61
3772,Tiffany Johnson,"3409 Jenna Light, South Arielville, IA 26409",80991.73,62
3773,Curtis Morris,"3326 Ramirez Via, Kristenville, MO 40082",93911.88,23
3774,Denise Lozano,"868 Mark Ridge, West Robertport, SD 98972",74735.3,26
3775,John Wilcox,"9060 Donald Mill, South Anthonyhaven, VA 22216",154363.68,52
3776,Deborah Pierce,"47067 Franklin Via Suite 000, Port Daniel, OK 98135",103308.24,47
3777,Jeremy Ingram,"704 Bates Corner Suite 561, West Samuel, DC 44048",169342.1,42
3778,Kevin Brown,"2802 Meadows Turnpike, Haroldberg, GU 69427",139020.97,27
3779,Mary Porter,"513 Horne Cliffs Suite 804, Jessicabury, PW 44624",154538.13,65
3780,Tonya Cardenas,"2917 Joseph Coves, North Tara, RI 05832",72840.66,25
3781,Hannah Shaw,"93626 Christopher Forges Suite 946, South Williamhaven, GA 82274",86019.17,59
3782,Steven Anderson,"USNS Stephens, FPO AA 21959",140738.58,56
3783,Thomas Robinson,"USNV Donovan, FPO AE 10897",141978.9,50
3784,Shane Collins,"049 Christian Wall Apt. 060, Margaretshire, MA 41127",135805.46,24
3785,Michael Conway,"99387 Harris Alley, Carterland, KS 69641",127999.06,32
3786,Roy White,"201 Brown Tunnel, Walshside, ID 19869",126372.67,62
3787,Brittany Nelson,"80168 Sharon Mountain Apt. 281, Wareton, NH 64827",54733.37,46
3788,Jonathan Greer,"6505 Ward Land, West Theresa, AK 07077",64010.92,40
3789,Jessica Preston,"2775 Emma Walk, Jonathonborough, TX 12769",80489.66,26
3790,Lori Patterson,"814 Denise Crescent Suite 929, North Sarah, FM 39175",51070.09,36
3791,Denise Thomas,"PSC 4689, Box 7616, APO AA 16840",109873.05,62
3792,Jacob Johnson,"207 Scott Square, Moralesstad, TN 62543",145658.59,59
3793,Lisa Galloway,"034 Denise Plains, Burnettland, NH 50931",134434.24,41
3794,Vanessa Blankenship,"727 Melvin Radial, South Sherristad, RI 91471",100466.04,29
3795,Christopher Wilson,"99912 Tonya Via, Alexandrachester, CT 29075",72798.58,64
3796,Anne Lee,"7109 Gabriel Spur, Jennifershire, IN 67529",120987.96,41
3797,Ian Barr,"3546 Christine Lights Apt. 300, Port Scott, MO 26276",150931.66,33
3798,Sergio Mcpherson,"151 Shelia Turnpike, Simpsonside, IN 28579",47237.85,44
3799,Kelsey Jenkins,"4557 Stafford Cliff Apt. 026, Friedmanmouth, ME 24443",61373.94,45
3800,Jeremy Jones,"55291 Reed Tunnel, Bradleyview, NV 33466",171989.79,57
3801,Michael Le,"8492 Pham Lake Suite 528, Port Lisa, VI 20030",67550.63,22
3802,Robert Taylor,"29439 Garcia Summit, Tonyaville, AR 19970",168851.29,62
3803,Megan Duncan,"900 Williams Mills, Petersenview, RI 83604",123740.46,35
3804,Latoya Mcintosh,"511 Brittany Meadow Suite 024, North Karenshire, VI 80326",166492.49,50
3805,Edwin Bryant,"6297 Reese Loaf Suite 930, Thomasfort, MP 73191",63748.6,65
3806,Matthew Haynes,"USCGC Munoz, FPO AE 94103",158515.48,24
3807,Jennifer Palmer,"2873 Diaz Mills Suite 358, Leeland, CO 28693",93150.06,48
3808,Nicholas White,"5644 David Estates Apt. 561, South Vincent, IN 31377",122056.95,30
3809,Misty Dean,"0846 Proctor Bypass Suite 248, Port Jenniferhaven, NJ 82297",47913.88,44
3810,Karen Harrington,"481 Fitzpatrick Estate, Hayesville, CA 47548",59667.82,57
3811,Carla Morris,"1320 Brown Ways, Randallburgh, MP 22883",52015.83,54
3812,Christopher Hunter,"911 Jason Mountains Apt. 661, Ellisville, OR 58124",98098.02,50
3813,Tonya Buchanan,"2667 Katherine Circles, Nortonburgh, MT 87536",154952.33,52
3814,Lauren Williams,"27121 Martinez River, Prestontown, PA 53336",52184.29,34
3815,Judy Rodriguez,"9928 Thomas Oval, Mossmouth, NY 37167",62628.9,38
3816,Eric Bailey,"Unit 1206 Box 1268, DPO AA 33130",76754.49,52
3817,Brian Adams,"1589 Katherine Park Apt. 259, East Jennifer, OK 90262",90400.66,48
3818,Leslie Clay,"8642 Leslie Common, Lake Linda, CA 01401",159168.97,59
3819,Andrea Taylor,"5653 Tiffany Meadow Suite 326, Wandaburgh, NE 87069",66257.16,39
3820,Jerry Lewis,"52794 Justin Mount, Lake Judyfurt, FL 95642",140372.67,33
3821,Mr. John Reeves,"56413 Jeanette Locks Suite 602, Thomasport, MA 15923",95657.99,47
3822,Nicholas Pitts,"48068 Brian Meadow, Michellestad, TX 00667",149907.21,22
3823,Margaret Monroe,"2375 Matthew Street, Jasonburgh, VA 55468",77077.98,37
3824,Christopher Castro,"PSC 2406, Box 8375, APO AP 98694",69145.42,49
3825,Dr. Kelly Abbott,"07105 Torres Streets, South Shannonport, CT 49357",166562.59,44
3826,Kathleen Flores,"874 Leslie Walk, Vanessatown, NH 44015",119520.95,62
3827,Jason Torres MD,"48196 Martin Harbor, Port Justinborough, MO 48452",101433.8,21
3828,Frank Garza,"02226 Stout Manors Suite 992, Bennettport, IN 36942",102987.83,41
3829,Monica Davis,"8089 Ward Stream, Garciachester, RI 20427",176287.88,46
3830,Tracy Sexton,"687 Mendoza Course, East Jennifer, NJ 56686",134593.61,45
3831,Mr. Derek Mcintosh,"413 Jonathan Plains Apt. 862, West Jessica, MD 83648",137725.71,59
3832,Mr. John Willis,"PSC 9121, Box 2595, APO AE 44414",72152.71,27
3833,Chad Holden,"6206 Myers Tunnel Apt. 902, Lauraland, CA 10612",115765,24
3834,Mallory Johnson,"1554 Steven Spurs, Lambertland, SD 36278",83265.07,36
3835,Anthony Lowery,"4688 Linda Wall Apt. 495, South Anthony, VT 14824",103285.2,43
3836,Natalie Benjamin,"1372 Daniel Expressway Apt. 144, Bautistachester, NE 66587",179527.22,63
3837,Lee Richardson,"PSC 5997, Box 5265, APO AA 05485",175245.43,59
3838,Hannah Taylor,"29081 Ronald Station Suite 293, Jessicachester, CO 26028",137887.06,23
3839,Frederick Garcia,"PSC 0374, Box 9212, APO AE 81706",35777.34,53
3840,Lucas Hunt,"775 Frost Lake, Kristimouth, MS 18622",124850.39,40
3841,Chelsea Sutton DDS,"914 Bryant Underpass Suite 909, Davidside, MP 04294",176740.96,63
3842,Linda Mejia,"32662 Quinn Centers Apt. 153, New Taylorton, IA 30241",88780.68,56
3843,Travis Hill,"9688 Dennis Manors Suite 108, New Donnaland, AL 62084",40963.12,32
3844,Stephanie Mendez,"48551 Richard Mission, East Jonathanport, WY 75658",72742.29,53
3845,Robert Jones,"570 Khan Forks, Lake Laura, MP 78173",106461.78,42
3846,Dana Freeman,"3685 Anne Wall, New Raymond, IL 49761",162295.03,29
3847,Marissa Sexton,"52564 Debra Knoll, South Stacyport, IL 93029",47998.96,54
3848,Tyler Reed,"651 Dixon Lights Apt. 725, Farmerbury, PW 82371",97774.8,37
3849,Antonio Aguirre,"1177 Michael Squares, South Sheila, IA 15265",51942.1,23
3850,Rebecca Bautista,"2192 Reese Freeway, Smithshire, NM 05670",176884.91,52
3851,Sean Harvey,"03986 Lee Ranch, Craigbury, AL 88509",161393.54,38
3852,Shawna Gray,"77096 Cowan Dale Suite 638, Carlostown, ID 14851",143434.39,48
3853,Ricardo Lutz,"381 Rivera Harbor, East Devinview, CT 45407",76024.2,37
3854,David Moore,"71920 Turner Common, West Emilyfurt, GA 80219",123875.08,37
3855,Michelle Romero,"845 Abigail Throughway, Port Ashley, DE 82772",109961.04,48
3856,Robert Hodge,"989 Jessica Plains, Williamsfort, FL 10483",164437.41,41
3857,Melissa Patel,"4000 King Gateway Apt. 222, Evansburgh, IN 20887",141846.04,52
3858,Edward Parker,"38934 Coleman Harbors Suite 232, Jamesfort, NJ 85122",145732.93,30
3859,Christopher Davidson,"4843 Martinez Knolls, Jessicafurt, DC 51591",115572.83,63
3860,Grant Gordon,"8859 Jessica Vista Apt. 347, Suttonview, KY 98143",127314.57,49
3861,Hannah Glenn,"911 Jeffrey Center, East Jill, PW 11246",42717.22,30
3862,Ashley Conley,"2519 Clark Springs Apt. 029, East Tonya, FL 57788",42912.24,32
3863,Robert Delgado,"4988 Jones Branch, Jonathanport, AZ 36411",40200.03,37
3864,Shelia Stokes,"666 Stone Shoal, West Melindabury, MS 20903",58715.47,50
3865,Shawn Townsend,"USNS Cruz, FPO AA 75606",98282.33,52
3866,Keith Collins,"PSC 9205, Box 4888, APO AA 07240",40914.8,43
3867,Daniel Richardson,"90772 Obrien Lakes Apt. 320, Butlermouth, MH 17977",178378.69,56
3868,Andrew Smith,"84075 David Neck, Lake Larry, MD 78190",105353.93,52
3869,Sonia Simpson,"734 Yesenia Fort Suite 767, Odonnellborough, VI 63517",51311.18,30
3870,Sabrina Ramos,"80367 Jenna Ports Suite 650, East Jamesmouth, NJ 69483",52929.86,26
3871,Christopher Bowman,"83406 Nicholas Road Suite 364, Charlesside, PR 62586",64541.39,39
3872,Jessica Schultz,"88368 Amber View Apt. 932, South Carmenport, LA 95474",61194.97,31
3873,Sharon Alvarez,"53912 Morris Islands Apt. 030, Nielsenfort, VI 54190",143740.81,38
3874,Christopher Mccarty,"21583 Clark Flat, New Madison, NC 96792",116670.87,63
3875,Julie Nelson,"USCGC Johnson, FPO AP 90274",119923.22,58
3876,Kelly Allen,"5060 Klein Mountain, New Lindahaven, AL 88911",179710.66,21
3877,Megan May,"91429 West Flats, South Johnnyside, VA 51495",111272.23,57
3878,Kimberly Bennett,"78127 Atkinson Glens, South Rogermouth, NY 80530",61182.48,25
3879,Bianca Snow,"0491 Moses Crest, Robertberg, IA 31550",70692.83,52
3880,Kim Nolan,"2900 Shaun Viaduct Suite 709, Davidstad, CO 26138",133151.73,42
3881,Edward Richardson,"USS Walters, FPO AE 46469",38764.51,64
3882,Caroline Smith,"083 Margaret Drives Suite 303, South Williambury, SC 65641",177293.5,28
3883,Martin Buchanan,"612 Lucas Overpass Apt. 233, Lake Roberttown, GU 26607",92154.62,58
3884,Micheal Burke,"3114 Michele Stream Apt. 530, Port Justinburgh, NH 54604",169726.52,27
3885,Steven Gardner,"23454 Doris Trace, Lake Donna, WA 63083",156361.7,30
3886,Kelly Frost,"427 Cox Meadows, Samueltown, NJ 56091",39186.8,50
3887,Michael Macias,"21421 Nicholas Crest Apt. 410, Mullenmouth, MA 66479",155451.39,63
3888,Alexander Armstrong,"4516 Vanessa Inlet, Cookmouth, AL 82369",104578.99,61
3889,Patrick Barnett,"32367 Franco Ranch, Jamesport, FL 46910",173504.22,59
3890,Andrea Brown,"812 Nathaniel Trace Suite 248, Port Aaron, WV 66707",130410.91,42
3891,Damon Malone,"1121 Paul Causeway, South Hannahton, VT 18436",175616.72,62
3892,Paula Price,"977 James Ports Apt. 163, Lake Mary, ND 31355",125242.9,49
3893,Jeremy Johnston,"7177 Luis Lodge Suite 896, Joeberg, VT 34814",82112.74,57
3894,Laurie Hall,"8996 Brenda Flat, South James, ID 07320",53751.43,24
3895,Jessica Smith,"0152 Shannon Fords, North Carloshaven, GU 81045",151225.9,39
3896,Cynthia Harris,"1525 Saunders Views Apt. 903, Port Paulmouth, WI 23608",81859.77,24
3897,Ashley Ryan,"840 Allen Walks Suite 319, Port Erinstad, SC 59220",142851,56
3898,Desiree Montgomery,"USCGC Zimmerman, FPO AA 90257",173025.53,45
3899,Linda Brown,"Unit 4227 Box 0955, DPO AA 60171",48419.9,37
3900,Rhonda Moore,"536 Angela Meadows, Jeffreybury, MP 71904",60811.57,46
3901,Brian Harrison,"94411 Walker Alley, East Jacquelineton, AS 58776",47932.3,34
3902,James White,"Unit 6272 Box 4470, DPO AP 76717",58626.4,46
3903,Tiffany Ruiz,"62392 Anderson Springs Suite 557, Sarahchester, FM 87610",76315.7,62
3904,Ashley Massey,"6555 Brandon Shores, Andrewview, ID 82703",57349.53,40
3905,Christina Ellis,"75933 Harvey Via Apt. 423, Johnberg, IA 90715",106172.54,48
3906,Kevin Davis,"3781 Amy Pike, New Jason, TX 92788",141703.95,40
3907,Monica Hammond,"1284 Lisa Trace Suite 058, Loganview, VI 80890",166041.47,59
3908,Sherri Bradley,"23351 Williams Mall Apt. 334, Anthonystad, PR 98569",54036.57,63
3909,Paige Curry,"33787 Elizabeth Forks, Julieton, MD 72519",48936.17,44
3910,Mark Lamb,"USNV Carroll, FPO AP 09390",109334.72,52
3911,Joseph Smith,"USNV Jones, FPO AA 54310",99589.15,45
3912,Jamie Anderson DVM,"06364 Johnson Valley, Brownberg, NC 82570",104083.75,57
3913,Devin Barnett,"PSC 9192, Box 9447, APO AA 28613",122049.41,26
3914,Matthew Burns,"047 Daniel Ville, East Veronicachester, VI 01933",144691.14,44
3915,Leslie Willis,"970 Gibson Vista Suite 310, Lake Glenland, IN 55834",124010.83,48
3916,Sean Knox,"90322 Charles Forges Suite 918, Hamiltontown, FM 62401",126449.51,26
3917,Robert Miller,"2416 Harmon Shore Suite 536, Lake Benjaminstad, ID 96155",40863.52,42
3918,Alexandra Walker,"230 Kayla Mountains Apt. 456, Charlesbury, OR 87834",176124.41,64
3919,John Contreras,"533 Anderson Stream Apt. 780, South Corey, HI 18725",67513.38,64
3920,John Trevino,"3861 Rodriguez Points, East Katherineside, MP 25336",138477.15,52
3921,Brian Vasquez,"45035 Case Plain Apt. 542, Port Darrenborough, FM 85910",111455.41,62
3922,Gina Montgomery,"4005 Silva Oval Suite 315, East Todd, RI 11551",111078.28,39
3923,Michael Torres,"5302 Anthony Plain, Gibbsburgh, ID 21010",102891.78,26
3924,Chad Johnson,"7042 Mason Island, North Jamesfort, DC 39259",166545.12,51
3925,Justin Young,"587 Thomas Port, East Patrick, ME 36773",78557.02,29
3926,Elizabeth Garcia,"209 Graham Junctions, Lake Michael, DE 84901",134225.52,40
3927,Tracey Harrison,"08927 Jensen Glen Apt. 294, South Josephfurt, NY 82368",157023,54
3928,Jermaine Brown,"7503 Wendy Roads Apt. 573, Pattersontown, TN 80329",97021.11,57
3929,Kristin Wilson,"081 Daniel Skyway, Scottmouth, RI 44050",41920.6,25
3930,Tristan Woodard,"37219 Anthony Wall Apt. 808, Angelashire, WI 53942",168008.79,53
3931,Michael Barnes,"84322 Michael Lock Apt. 439, Fisherhaven, FL 82870",50606.66,48
3932,Rodney Hunter,"4329 Rubio Valley Suite 553, West Anthony, PW 45650",94887.81,50
3933,Dawn Lopez,"4432 Carroll Spurs, East Patriciaberg, HI 16680",130824.01,57
3934,Cynthia Garner,"322 Pope Springs, Lake Jo, AK 08089",152859.59,43
3935,Brenda Henderson,"410 Juarez Shoals, Wellsmouth, MA 25159",71954.73,26
3936,Dana Long,"3642 Scott Isle Suite 228, Port Jenniferbury, MO 79409",146453.78,22
3937,Vincent Phillips,"086 Bonnie Corner, New Natashaville, PW 62700",51520.65,63
3938,Gary Anderson,"370 John Creek Apt. 233, Mejiaside, MS 38042",102117.45,32
3939,Andrea Ibarra,"038 Erica Cliffs Apt. 649, Port Johnmouth, NV 10381",157221.92,23
3940,Joseph Burns,"90101 Choi Groves, West Katherineview, LA 68136",47077.13,40
3941,Mr. Daniel Peters,"74749 Laura Trail Suite 923, New Mitchell, IA 63875",80522.22,50
3942,Charles Johnson,"2072 Melendez Viaduct Apt. 185, Glenville, NC 57569",144816.37,49
3943,Daniel Howard,"874 Dennis Ford Suite 909, Port Jonathan, MS 99452",125452.51,37
3944,Patricia Ortiz,"4830 Rodriguez Brook Suite 458, Smithbury, SC 59938",84493.49,32
3945,Shawn Arnold DVM,"8073 Morgan Spurs Suite 107, South Williamchester, MI 42929",65604.91,26
3946,Carolyn Turner,"46420 Alexander Mission, Howardfort, OK 56940",143319.25,59
3947,Nicole Bailey,"3447 Davenport Light, East Randy, UT 75064",72601.06,64
3948,Michael Griffin,"PSC 6120, Box 4597, APO AA 54246",50417.95,55
3949,Dr. Wayne King,"69251 Christopher Shore Suite 652, South Elizabeth, DE 83105",37597.71,46
3950,Charles Maldonado,"7793 Angela Prairie Suite 027, Woodwardburgh, TX 51002",51918.35,31
3951,Michael Rodriguez,"PSC 3503, Box 9785, APO AE 39792",130091.14,50
3952,Cassandra Kirby,"7736 Thompson Freeway, Frederickport, NH 54981",135311.9,63
3953,Geoffrey Schmidt,"84008 Charles Circle Suite 212, Andrewfort, NE 95333",175041.55,59
3954,Joseph Miles,"4533 Stephen Ford Apt. 074, Rossborough, CO 05743",140257.15,40
3955,Jimmy Brewer,"1441 Timothy Track Suite 798, East Stephenberg, AR 81011",124682.41,60
3956,Melinda Rivera,"PSC 1209, Box 8755, APO AA 98416",87305.67,64
3957,Seth Brown,"870 Virginia Turnpike Apt. 870, West Cory, FM 16282",174655.53,64
3958,Joshua Jones,"15352 Villegas Brooks, Port Jessicachester, MH 05409",92274.6,40
3959,Jennifer Hartman,"USNV Miller, FPO AA 18888",47707.09,29
3960,Emily Rodriguez,"4690 Simpson Expressway Apt. 218, New Marcus, MT 92813",37012.01,28
3961,Stephanie Gonzalez,"6241 Miller Track, Youngside, SD 76841",153315.39,65
3962,Julie James,"8796 Miles Mountain Suite 688, Lake Sherrimouth, WA 90686",175725.45,22
3963,Wanda Kim,"48786 Kidd Well Apt. 105, Lake Christopherport, AS 18683",65338.27,62
3964,Regina Leblanc,"20583 Lane Islands, Ingramhaven, AK 91683",56047.36,36
3965,Hannah Bennett,"82760 Mckinney Motorway Apt. 625, New Christopherfort, VA 86210",98189.33,61
3966,Shelby Bonilla,"560 Wong Ridge, Lake Henry, DC 96885",159437.46,55
3967,John Livingston,"401 Lewis Cliff Apt. 202, Jacksonville, MO 32230",62682.6,40
3968,Katherine Caldwell,"927 Jeffrey Harbors, New Jenniferside, MO 32536",146609.57,30
3969,Jeffrey Lopez,"2429 Levine Lane Apt. 907, Davidfurt, NE 27196",103728.42,22
3970,Timothy Hanson,"23706 Claudia Tunnel, North Justin, NH 88227",51886.53,30
3971,Scott Price,"81894 Bright Harbors, Bellland, UT 89840",142123.27,49
3972,Brooke Mejia,"50671 Donald Way Apt. 709, East Danielport, MO 41435",174760.7,51
3973,Darren Smith,"95833 Lisa Manors, Benjamintown, DE 23364",37846.03,49
3974,Mrs. Elizabeth Hartman DDS,"9030 Paul Tunnel Apt. 346, South Courtneytown, MS 45954",119857.81,33
3975,Charles Chambers,"2672 Kevin Camp Suite 887, Hernandezmouth, PW 84445",77750.55,46
3976,Jason Dunn,"3421 Jessica Pass, North Ray, PW 79812",42383.72,21
3977,Stacey Wyatt,"953 Anderson Roads Apt. 566, South Jeffreystad, AS 23026",49886.21,48
3978,Evan Price,"3036 Albert Brook, Courtneytown, GU 96612",177025.61,52
3979,Aaron Johnson,"PSC 9500, Box 9872, APO AA 36081",141876.36,59
3980,Briana Garcia,"PSC 5205, Box 9354, APO AE 48896",141006.39,39
3981,Monique Young,"7425 Claudia Prairie, Christinafort, WV 41049",40367.5,46
3982,Gabriel Andrews,"3160 Jack Points Suite 897, Danielfort, DC 56933",105484.64,58
3983,Melissa Kelly,"082 Connor Fields, Lake Tammystad, FL 05697",140069.06,64
3984,Cameron Best,"2698 Amy Plains, West Joel, MS 65399",166235.61,52
3985,Laurie Blevins,"061 Jones Crest Apt. 178, South Debbiefurt, NE 53268",68626.34,24
3986,Karen Avila,"84446 Christopher Port, Kevinstad, WA 60577",111604.78,48
3987,Melanie Morrow,"9441 Randolph Lights, West Matthewland, TX 87658",118578.49,56
3988,Susan Weaver,"21816 Morton Hollow, West Phillipville, AL 08149",44209.03,62
3989,Bethany Brown,"USNV Jones, FPO AA 97992",95484.93,51
3990,Amy Combs,"8445 Jennifer Dale, South Kimberly, DC 82036",51956.41,60
3991,Christopher Nichols,"6497 Emily Pine, Port Eric, WY 79282",171149.85,43
3992,Eric Arnold,"75993 Jonathan Turnpike, Port Teresa, OH 70379",100007.18,48
3993,John Sanders,"6892 Kyle Union Suite 680, Taylorfort, TN 75284",38017,39
3994,Ryan Jones,"3676 Dalton Spur Suite 062, Lorishire, KY 35440",140300.32,51
3995,Trevor French,"7699 Edwards Cove Suite 893, Lake Jeffrey, WV 27963",84857.87,35
3996,Ruth Reynolds,"4715 Simpson Views, New Jonathanview, MA 82123",108607.21,58
3997,Michael Long,"4184 Maria Divide Suite 405, West Derek, PA 29472",166815.17,42
3998,Brandy Ford,"05721 Ramirez Via Apt. 261, Williamsonmouth, AS 34275",168651.66,63
3999,Courtney Erickson,"79180 Edwards Greens, Williamschester, MP 99560",102927.76,39
4000,Kari Young,"620 Doyle Rue, East Samantha, PR 34450",139834.28,45
4001,Kenneth Russell,"1288 Sara Views, Sancheztown, VA 74987",174171.49,64
4002,Joshua Velez,"77488 Susan Mall Apt. 043, Port April, DC 61017",129612.53,44
4003,Mr. Jesse Marshall,"789 Lopez Plains, Mooreberg, NH 46289",150416.04,31
4004,Angela Johnson,"580 Lewis Meadow, Scottstad, RI 83506",125167.14,39
4005,Ricky Callahan,"407 Hector Roads, Michaelside, NY 88847",135151.14,26
4006,Briana Kirby,"08228 Ariana Centers Apt. 349, Ellisbury, IL 50831",131723.19,29
4007,Joshua Howard,"4908 Freeman Way Apt. 382, Lake Hannah, VI 92846",60127.21,31
4008,Lisa Lamb,"475 Pamela Knolls Suite 638, New Gabriel, NV 01655",122833.61,27
4009,Tara Wilkerson DDS,"3084 Beth Parkways Suite 077, Lake Donaldchester, ND 12203",150054.96,52
4010,Michelle Green,"3201 Cervantes Lane, East Charlesshire, PR 12423",79029.52,34
4011,Margaret Herrera,"731 Blair Villages Suite 926, Erinville, ND 43903",115740.42,22
4012,Tina Brown,"315 Craig Squares, New Sharonland, FL 41195",87024.08,37
4013,Brittany Cisneros,"359 Bowers Bridge Apt. 657, South Nicole, NC 06759",86771.36,31
4014,Michael Tran,"24540 Perez Alley Suite 568, Port Manueltown, MP 79322",60333.65,53
4015,Paula Sutton,"96229 Jeremy Springs Suite 671, Josephland, TN 58188",39635.65,25
4016,Jesse Sanchez,"674 Shelby Courts Suite 766, Jamesshire, MS 03578",83971.54,28
4017,Brandon Hill,"USS Pierce, FPO AA 88464",124546.62,28
4018,Ian Moore,"2247 Amanda Field Apt. 437, North Rachelmouth, SD 69059",116487.31,52
4019,Anthony Morales,"750 Holt Ports, Rogersberg, GA 10205",72384.21,42
4020,Adam Ortiz,"189 Alexander Road Apt. 636, Davidchester, FM 32142",148808.44,23
4021,Jessica Payne,"5965 Martin Drive, Claytonville, TN 95502",146663.76,56
4022,Stephanie Craig,"2380 Phillip Track Suite 094, Joneschester, NH 89404",73786.23,30
4023,Dr. Jason Cannon,"6049 Edward Shore, South Paula, WI 19525",158744.18,53
4024,Allen Mclaughlin,"801 Kathryn Oval Apt. 096, Odonnellside, VA 55809",122621.98,27
4025,Gregory Hanson,"7039 Timothy River Apt. 438, New Stephanie, TX 42345",137428.71,49
4026,Grace Robinson,"60146 Hull Keys, North Susanside, TX 74027",150853.1,28
4027,Stephanie White,"24891 Nicholas Inlet, South Joseph, MN 59358",176325.66,60
4028,Jessica Murillo,"81927 Archer Turnpike Suite 827, Woodport, MH 59713",123400.1,27
4029,Sarah Marshall,"92467 Salazar Orchard, Harrisfort, DE 90813",154423.48,23
4030,Curtis Wilson,"65081 Williams Unions Suite 613, Frankberg, OH 13986",108559.33,31
4031,Stephen Rivera,"5427 Joshua Route Suite 539, Mccoyshire, UT 97915",126339.29,34
4032,Andrew Campbell,"Unit 2923 Box 7925, DPO AP 75565",167092.94,31
4033,Megan James,"66011 Reed Pine Suite 511, Theresatown, IA 42964",140610.65,49
4034,Juan Solis,"066 Michael Vista, Castilloburgh, SC 14257",145484.88,52
4035,Jeffrey Williams,"006 Jennifer Rapids, South Alyssa, WI 32458",141220.02,27
4036,Michael Wilson,"872 Barbara Valleys Suite 309, South Markchester, ND 06004",57372.88,44
4037,Roger White,"0093 Romero Wells Apt. 702, North Donnastad, MD 87061",83518.09,29
4038,Matthew Rodriguez,"52994 Jeffrey Knoll, Elizabethborough, SD 26300",52832.6,33
4039,Christopher Ayala,"43025 John Brook, South Cristina, IA 18206",98670.73,47
4040,John Henderson,"744 Mccullough Ways Apt. 098, North Marymouth, PW 84414",146536.8,21
4041,Alexis Chandler,"7845 Vanessa Flat Suite 335, Huntbury, NH 05664",70570.83,51
4042,Meghan Romero,"USS Gonzalez, FPO AP 52763",84491.41,53
4043,Christine Lewis,"60503 Susan Landing Apt. 163, Hawkinsport, VI 46884",59832.96,38
4044,Joanne Friedman,"3034 Lindsay Tunnel, East Scottbury, HI 17327",89003.27,47
4045,Luis Anderson,"870 Jack Hollow, North Brianafort, MA 11156",87293.29,63
4046,Andrea Maxwell,"99656 Nash Point Suite 645, Port Marieland, IL 05443",70590.44,54
4047,Steven Thomas,"21384 Jeff Course Apt. 300, West Jessicaburgh, RI 43866",96149.72,35
4048,Colton Goodwin,"587 Anthony Burg, Kellyton, AK 91585",55009.18,48
4049,Howard Wheeler,"62314 Alison Haven Suite 373, West Jeremystad, RI 55517",94944.37,47
4050,John Young,"3252 Sandoval Rest Suite 674, East Stacyville, KY 19672",165219.46,54
4051,Crystal Porter,"43140 Jimmy Pines Suite 842, Johnborough, VA 61050",150218.07,44
4052,Timothy Scott,"USNS Nichols, FPO AA 02059",171842.34,49
4053,Melissa Patel,"3802 Hernandez Drive Apt. 041, Adamsside, FM 92249",56109.72,21
4054,Brandon Strong,"8703 Sarah Path Suite 039, Jessicaside, WY 72680",139055.73,54
4055,Diana Clarke,"402 Robert Plains Apt. 681, West Courtney, IL 90251",171828.21,26
4056,Janet Thomas,"2655 Martinez Shores Suite 723, Donnaland, NJ 17815",84054.03,46
4057,Trevor Dunn,"0599 Glass Harbors, Garciabury, MD 30194",177382.01,31
4058,Jason Mason,"USCGC Gross, FPO AE 55844",97940.48,46
4059,Katherine Smith,"0287 Andrew Mission, North Anthonyport, NY 07447",145082.9,63
4060,Brianna Lee,"USCGC Hart, FPO AP 67334",168765.23,30
4061,Amy Daniels,"USS Mitchell, FPO AA 71418",165864.11,24
4062,Emily Parks,"12422 Esparza Circle Suite 913, Port Jessica, NJ 93811",176771.28,63
4063,Raymond Edwards,"667 Jason Shoals, Webbchester, VA 60023",161992.93,39
4064,Jacob Roberts,"78785 Lawrence Mills Apt. 189, Dominguezport, VT 68487",95799.27,64
4065,Kerri Wallace,"PSC 3378, Box 7472, APO AP 54471",136614.61,40
4066,Jessica Lewis,"61593 Parker Orchard, Andersonburgh, TX 71094",139624.9,41
4067,Ronald Johnson,"962 Davis Gardens Apt. 459, Lake Davidland, LA 87055",166838.47,21
4068,Debra Miller,"4514 Kevin Plains, West Bruce, NC 95779",154915.52,54
4069,Michael Yoder,"1034 Michael Hollow, Lake Veronica, ID 37552",123508.15,30
4070,Brittany Wright,"0607 Holland Run, West Carolinefort, MO 38703",136542.78,49
4071,James Austin,"24223 Jones Mount, Matthewsberg, WV 90883",128362.51,55
4072,Tina Garcia,"45960 Cody Terrace Suite 172, New Emilyport, PW 02620",125532.15,60
4073,Reginald Day,"52119 Martinez Pike, Griffithstad, MH 86020",129545.38,65
4074,Melissa Davis,"864 Reid Junction Apt. 456, Smithchester, GA 68372",85061.34,62
4075,James Cardenas,"9281 Oconnell Valleys Apt. 363, Kaylaborough, DE 30966",93653.33,33
4076,Bruce Neal,"064 Collins Pines Apt. 990, Melindafort, PA 94028",162741.33,26
4077,David Simon,"916 Teresa Isle Apt. 297, Gonzaleschester, KS 37539",40360.67,42
4078,Linda Malone,"7614 Patrick Streets Apt. 600, Justinside, MT 28665",91549.06,29
4079,John Johnson,"74444 John Track Apt. 582, Port Donna, MA 19457",110468.11,55
4080,Joe Sanchez,"77998 Justin Trace Apt. 810, South Jasontown, MD 78644",76169.54,26
4081,Robin Bell,"40486 Rodriguez Shoals Suite 907, Port Jeremiah, FL 14492",109192.38,40
4082,Christopher Williams,"892 Gina Point Suite 098, Stevenborough, RI 68777",110593.7,61
4083,Colleen Cruz,"Unit 6906 Box 1096, DPO AE 29457",58203.96,22
4084,Kelly Moore,"382 John Forest, Stewartfort, DC 61460",164096.3,55
4085,Felicia Anderson,"188 Hernandez Lodge, Wardmouth, NM 53738",120913.02,36
4086,Dr. Stephen Payne,"30848 Carrie Curve Apt. 066, East Christina, NE 67101",155673.2,40
4087,Whitney Gomez,"7061 Hardin Branch, East Alexandriaport, SD 07838",140343.84,53
4088,Shaun Fernandez,"50058 Nathan Field, Gracemouth, SD 73212",51014.08,24
4089,Clinton Murphy,"784 Nicole Way, Priceville, WI 68882",157029.6,37
4090,Christina Maxwell,"695 Deanna Lakes, West Emily, MT 78255",125913.48,43
4091,Michael Williams,"9904 Casey Garden, Jessicaside, OK 67300",52952.89,62
4092,Patrick Luna,"4574 Larry Falls, Brittanyland, GA 20946",171494.74,49
4093,Olivia Cook,"821 Ryan Plain, Transtad, DC 13428",78204.36,21
4094,Amanda Bryant,"32570 Mitchell Walk, Port Jordanberg, FL 37100",100706.34,36
4095,Rebecca Smith,"885 Santana Fords Apt. 974, Lake Tracey, AL 71746",151781.2,58
4096,Andrew Bird,"914 Megan Island Apt. 959, Richardville, NH 21686",117011.6,61
4097,Kaitlin Wright,"3630 Michael Run, South Sally, ID 61859",131500.48,59
4098,Joshua Roach,"8789 Michael Ports Apt. 844, New Andrewburgh, MA 42641",68906.5,40
4099,Joyce Hernandez,"30220 Shawn Village, Lake Michael, AZ 48402",76257.65,57
4100,Christina Becker,"64785 Lori Mall, New Patriciabury, ID 65970",132502.9,45
4101,Joshua Gomez,"PSC 1021, Box 4654, APO AP 14320",110351.66,36
4102,Pamela Harris,"Unit 2061 Box 5250, DPO AE 79101",50257.9,54
4103,Jessica Guzman,"504 Bowman Bypass Apt. 622, Lisaton, CA 59696",119443.51,44
4104,Felicia Jones,"239 Riley Brook, Daniellefort, AK 61327",100874.89,30
4105,Nicole Smith,"9652 Harris Vista Apt. 112, Brittanyburgh, DC 11716",138187.86,47
4106,Linda Cole,"44451 Franklin Loop Apt. 370, West Anthony, ND 88209",46882.34,24
4107,John Morris,"74393 Mercedes Courts, Gomezmouth, OR 37337",96608.58,29
4108,Allison Taylor,"79586 Shane Knoll Apt. 933, Port Stephanie, FL 07081",104056.7,49
4109,Patricia Lopez,"84528 Jamie Ports Suite 857, Michellebury, FL 49942",46320.54,64
4110,William Clark,"620 Bauer Cape, West Laura, MD 09128",111307.06,58
4111,Shawn Campos,"94264 Gallagher Brook Suite 034, Nicholasland, MI 47597",116050.43,46
4112,John Scott,"USS Ross, FPO AE 77069",161442.14,58
4113,Olivia Kelly,"90454 Ryan Hollow Suite 829, West Brian, RI 66271",107329.96,48
4114,Rebecca Powell,"PSC 1870, Box 0749, APO AP 80088",179494.21,65
4115,Alexis Davis,"15567 Dalton Island, North Tracey, MT 26111",170000.16,52
4116,Robert Moore,"5076 Parker Pines Apt. 559, New Amanda, NH 64874",141098.96,47
4117,Terri Becker,"58074 Eric Estates Apt. 373, Smithville, ME 42712",154452.72,30
4118,David Sanchez,"2041 Chapman Stravenue, Jeffreyport, ID 02456",108338.95,52
4119,Andrea Dixon,"035 Debra Ranch, Lake Jaredbury, CT 32891",138116.83,29
4120,Stacey Stevenson,"PSC 5720, Box 7311, APO AA 88625",175364.61,53
4121,Jennifer Atkins,"86582 Young Burg, Lake Nicholasland, NY 07923",160174.39,28
4122,William Powers,"63405 Avila Knolls Suite 156, East Jacob, GU 76309",135698.25,50
4123,Robert Stafford,"191 Harrison Burgs, New Meganhaven, HI 64395",103636.56,31
4124,Tyrone Wilson,"8587 Kim Drives Apt. 774, Lancestad, MP 49993",171890.09,44
4125,Dustin Meza,"9824 Jason Plain Apt. 801, New Glenda, MI 66301",168646.12,28
4126,Donald West,"4071 Jefferson Ports, East Danielview, NE 95507",122232.03,47
4127,Jonathan Brown,"4543 Cynthia Ports Apt. 382, Floresberg, WV 77415",50998.74,44
4128,Cody Aguilar,"70095 Chad Views, Lake Lindseyberg, FL 58183",117905.89,23
4129,Wanda Garcia,"1187 Spears Estate, North Ann, NY 28792",110802.74,28
4130,Theresa Avila,"7034 Cindy Walk Apt. 814, Kylefurt, FL 84187",88862.77,44
4131,Tina Adams,"731 Hardy Well, Dennisfort, NE 38596",78972.71,52
4132,Tim King,"519 Richard Oval Suite 869, South Jacqueline, LA 21570",39056.78,30
4133,Amber Schneider,"1028 Daniel Coves, South Arthurtown, LA 93739",55610.27,58
4134,Kimberly Barrett,"4805 David Spur, Chandlerberg, AZ 65981",96154.76,40
4135,Krystal Webb,"USS Butler, FPO AE 16836",163913.29,34
4136,Kent Robertson,"7196 Hamilton Ways, Carlfurt, MS 07159",61546.18,52
4137,Joshua Russo,"Unit 8844 Box 4245, DPO AE 36226",35302.43,56
4138,Nicole Dixon,"86845 George Isle Apt. 766, Shepardbury, CT 45467",85554.1,23
4139,Eugene Nelson,"11268 Angela Path, Andrewfurt, IL 39589",95548.4,57
4140,Tyler Lowe,"1045 Wagner Villages Apt. 634, Port Kevin, IL 47629",79906.77,49
4141,Kerry Meyer,"2513 White Walk, West Amanda, VI 53321",165541.66,45
4142,Clinton Brown,"874 Robert Key Suite 712, Port Jessicaberg, NJ 49544",103907.99,59
4143,Corey Barrera,"61193 Spencer Key, New Heather, AS 62051",54257.39,29
4144,Veronica Maxwell,"52358 Maldonado Ranch, Youngside, IL 87796",108190.76,50
4145,Elizabeth Brown,"9815 Morris Cove, Port Charlene, WV 92000",145443.42,63
4146,Michael Kennedy,"042 Sparks Islands, Philliphaven, OR 76674",100115.84,41
4147,David Lloyd,"8538 Garza Underpass Suite 084, Marshallberg, NJ 81049",47950.67,60
4148,Brittany Johnson,"1400 Bauer Glens Apt. 879, South Joelville, NY 69313",131352.84,47
4149,Paul Hernandez,"64201 Jill Causeway, Port Gloria, SD 79703",91149.09,46
4150,Mark Case,"121 Ray Inlet, Sanchezbury, OH 14563",84154.69,23
4151,Natasha Donaldson,"76901 Mcdonald Lane Apt. 533, Brownville, PA 83572",173921.53,49
4152,Darren Wang,"514 Ricky Meadows Apt. 969, West Larrymouth, HI 10283",141707.36,62
4153,Rachel Jackson,"8404 Perry Centers, Port Jill, NV 32865",47836.83,31
4154,Douglas Williams,"407 Black Trace Suite 449, West Laura, OK 30755",137545.25,57
4155,Joseph Gordon,"8002 Stephanie Shores Suite 646, Jamesfort, MH 87692",126365.84,40
4156,Stephen Morgan,"2334 Patricia Drives Apt. 437, East Stevenburgh, MO 80877",116351.43,28
4157,Kayla Woods,"9139 James Tunnel, East David, MO 52502",128367.56,26
4158,Anita Chung,"117 Kendra Drive Suite 125, Torresville, VI 46286",62901.88,60
4159,Cassie Hamilton,"98180 Bell Extensions Apt. 609, New Lauren, VI 52251",113565.98,24
4160,Michael Kelley,"0617 White Ford, North Stephen, CA 15329",173807.46,54
4161,Justin Jordan,"Unit 9681 Box 0320, DPO AE 21894",62462.4,51
4162,Brett Walker,"9543 Douglas Roads, Freemantown, UT 01059",107882.63,22
4163,Donna Joyce,"1195 Robbins Ville, South Patricia, FM 54529",52441.06,55
4164,Vicki Baker,"00572 Annette Ford, South Theresa, DE 67052",61062.79,22
4165,Daniel Martinez,"99681 Schroeder Inlet Apt. 442, East Maurice, MH 20891",74869.57,34
4166,Emily Williams,"7468 Waller Curve, Millerstad, MI 97062",70566.57,58
4167,John Clark,"780 Hunter Wells Suite 178, Ferrellfort, RI 85634",99413.27,55
4168,Lisa Shannon,"499 Patrick Ferry, East Brettmouth, GA 16404",122993.95,46
4169,Joshua Gentry,"8138 John Forest Suite 349, East Laura, UT 88796",120389.49,52
4170,Brandy Ramirez,"41762 Monroe Cove, East Debraland, MT 36464",159986.28,22
4171,Nancy Johnson,"Unit 7621 Box 1880, DPO AA 80860",84293.7,32
4172,David Melendez,"8219 Gene Lane, Port Susan, LA 08853",95165.78,54
4173,Nicole Jones,"PSC 6415, Box 0995, APO AA 97751",81020.45,37
4174,Erin Rose,"3153 Carolyn Ville, West Brendaberg, MH 96876",48198.64,27
4175,Brittney Moore,"47262 Hood Cove Apt. 916, Patriciaburgh, NV 88841",113557.99,39
4176,Vanessa Vincent,"USS Stephens, FPO AP 18224",55884.97,37
4177,Sherry Hall,"25406 Barrera Summit, Caldwellmouth, NE 48449",146404.18,30
4178,Katherine Washington,"29123 Nguyen Isle Suite 441, Brendatown, AK 09984",79485.16,47
4179,Isabel Smith,"PSC 2403, Box 0922, APO AP 66982",133398.24,24
4180,Eric Hughes,"USNV Reyes, FPO AE 03561",124098.94,41
4181,Sarah Santos,"049 Smith Lock Suite 446, Carlmouth, CT 64121",61311.39,24
4182,Brittany Hall,"834 Rhonda Grove, Martinton, NJ 41145",78213.53,27
4183,Robin Meyers,"037 Adams Center, North Adammouth, NE 70028",81406.01,47
4184,Laura Webb DDS,"9644 Terri Drives Apt. 696, Lake Vincent, OK 64285",164486.6,37
4185,Jordan Li,"596 Melissa Mountains Apt. 231, Davidfurt, AZ 47707",89449.41,28
4186,Judith Mitchell,"8100 Julie Inlet Suite 751, West Traci, NM 31313",42522.33,36
4187,Kelly Weaver,"020 Gary Path, Yorkton, NV 68976",144059.39,58
4188,Shannon Klein,"25091 Cortez Lake, Perezburgh, FL 24650",69291.21,53
4189,Chad Henson,"2698 Gary Ridges Apt. 242, West Andrea, SD 81886",144096.55,45
4190,Sandra Ball,"6727 Mendoza Brooks Apt. 394, Timothymouth, CO 35714",172656.77,38
4191,David Newman,"213 Williams Pike, Port Eric, KS 01960",43791.64,50
4192,Rebekah Hester,"743 Miller Pines Apt. 576, Theresastad, MH 08475",115202.56,25
4193,Jorge Dougherty,"PSC 9821, Box 9415, APO AE 62800",105204.87,47
4194,Walter Hunt,"540 Olivia Fields, West Jeffrey, MD 43755",126863.49,22
4195,Misty Gonzalez,"560 Cynthia Station, Melissatown, PA 23237",74028.16,58
4196,Sarah Bradley,"0710 Mccarthy Brooks Apt. 130, East Francis, TN 21410",132889.13,36
4197,Michael Walker,"3656 Krystal Loaf Suite 412, Port Randallhaven, GA 33386",145631.85,62
4198,Terry Gillespie,"724 Robinson Meadow, New Rebeccafurt, UT 07606",148856.06,40
4199,Lauren Carpenter,"50710 Robert Views Suite 359, Jessicaland, WI 48371",117395.62,49
4200,Christina Farrell,"353 Hernandez Harbor, Albertland, MD 22834",47166.71,61
4201,Melanie Ali,"8615 Barrett Underpass Apt. 246, Wattsburgh, NC 77738",107562.69,30
4202,Randall Williamson,"012 Bennett Stravenue Apt. 005, Seanview, MH 22622",89129.26,31
4203,Lisa Parker,"183 Matthew Corner, South Randall, VA 78363",148393.43,55
4204,Matthew White,"13690 Patterson Extension Apt. 963, South Michaelton, DE 93812",173128.83,56
4205,Ronald Phillips,"1760 Wilson Parks, Castilloborough, NC 50137",100502.59,21
4206,Dennis Nicholson,"86647 Lopez Square, Johnland, WY 19987",152833.34,60
4207,Larry Wilson,"3187 Debbie Rue Suite 098, East Cameron, MT 18686",76941.17,31
4208,Susan Cline,"0840 Phillips Flat, West Pamela, MT 18858",35078.73,51
4209,Sarah Thomas,"744 Donald Creek, East Derek, NJ 55941",74628.93,37
4210,Shannon Willis,"165 Paul Forest, Kristyland, DC 80894",156725.72,45
4211,Jessica Park,"8309 Myers Burgs, Shawnaborough, MP 41921",179890.07,61
4212,John Mullen,"377 Allen Keys Suite 095, Port James, GA 85038",65849.35,53
4213,Mark Wright,"Unit 5069 Box 8443, DPO AE 96358",75790.14,31
4214,Alicia Nguyen,"278 Maria Lock, Kingport, OH 48335",142181.53,57
4215,Tracy Cochran PhD,"926 Espinoza Creek Apt. 701, New Jenniferchester, AR 52329",45140.61,26
4216,Tracey Lloyd DVM,"554 Ortiz Junction, West Joshualand, MP 36977",92319.21,28
4217,Daniel Burch,"0941 Dana Point Apt. 258, West Jenniferland, SC 01704",155422.23,56
4218,Megan Ray,"428 Robert Island Apt. 810, Gravesmouth, MI 13746",179829.08,48
4219,Rachael Ross,"5658 Kelly Mall Apt. 584, Bridgetberg, FL 06785",65573.28,53
4220,Bryan Miller,"8496 Ellis Park, Figueroashire, HI 06745",173825.49,41
4221,Robert Morales,"5794 Dale Spur Apt. 667, North Ricardostad, ID 44447",163170.08,42
4222,William Nicholson,"Unit 8629 Box 1879, DPO AE 86824",127099.63,49
4223,Melinda Owens,"727 Hanna Forge, Port Michellemouth, NC 97602",74586.91,63
4224,Scott Ruiz,"Unit 8947 Box 7854, DPO AP 83679",177538.18,42
4225,Kevin Stout,"1123 Evans Lodge, Lake Lisa, MD 06923",65540.46,59
4226,James Norris,"4740 Wood Brook, South Leslie, DE 96989",82626.3,65
4227,Frank Burns,"712 Timothy Summit Apt. 873, Tracyhaven, MI 57366",54390.23,21
4228,Marcus Bailey,"547 Tyler Mill, Natashaville, NE 69465",123274.08,21
4229,Douglas Ramirez,"51600 Jonathan Ford Suite 835, North Brandonfort, AZ 95139",165709.52,64
4230,Jeffrey Sanchez,"3007 Juan Lake Apt. 742, East Amandabury, ID 08254",60162.72,56
4231,Elizabeth Clarke,"087 Townsend Motorway, Danielburgh, VA 55257",164813.89,52
4232,Timothy Booker,"5861 Anderson Burgs Suite 248, Shawtown, MP 21581",145557.46,55
4233,Briana Cantrell,"5220 Lopez Plain Suite 803, East Stephanieville, MI 61587",46766.57,62
4234,Jenna Liu,"467 Jake Bridge Suite 418, Gracemouth, CA 99385",129433.64,55
4235,Jonathan Gonzalez,"46354 Ross Plain Suite 885, Kellimouth, MT 23857",39487.39,63
4236,Wayne Petersen,"673 Smith Springs Apt. 197, Popefort, GU 34546",99550.63,28
4237,Ricky Turner,"PSC 7225, Box 5145, APO AP 67126",86184.24,45
4238,Caleb White,"101 George Gardens, North Elizabethville, PA 76855",154982.69,43
4239,Nathan Bradley,"0390 Rhodes Mission, Houstonland, MH 70378",91078.9,65
4240,Julia Shepherd,"45058 Elizabeth Extension, Johnnyfurt, TN 77766",177650.35,28
4241,Ronald Clark,"2257 Watkins Stream Apt. 042, West Manuelhaven, GA 26310",102090.42,33
4242,Brandon Higgins,"682 Ray Extensions, West Robert, CA 78782",99463.76,35
4243,Cheryl Garcia,"2978 John Junction Apt. 184, Morganfurt, PA 06047",142755.94,38
4244,Joseph Rogers,"1688 Daniel Village Suite 710, Fritzfurt, MN 34622",133680.38,43
4245,Jack Johnson,"4140 Chavez Ville Suite 210, Kylemouth, WA 11752",62769.19,60
4246,Brett Hall,"992 Cheryl Circle Apt. 778, Pamelahaven, WI 42902",125659.3,35
4247,Tonya George,"921 Hamilton Village, Yatesbury, ND 31412",68967.4,52
4248,Vincent Fox,"1615 Carl Loop Apt. 503, Tinatown, SD 65883",175257.99,23
4249,Jennifer Crane,"76703 Chung Mountain Apt. 082, Hintonfort, ME 88622",75709.67,59
4250,Douglas Hernandez,"74762 Anna Villages Apt. 835, North Charles, NY 33890",65317.52,33
4251,Amy Jones,"5117 Johnny Walks Apt. 342, Floresfurt, NV 26899",177718.21,61
4252,Ashley Rodriguez,"6027 Erin Mall Apt. 540, Richardland, AL 30558",92432.5,38
4253,Christina Hansen,"45393 Cynthia Inlet, East Christopher, MN 76855",117519.82,52
4254,Angela Fitzgerald,"67895 Maria Ways, Lawsonside, AR 51637",59719.18,33
4255,Lisa Reyes,"172 Garcia Cliff Apt. 582, Brendanport, AS 28400",130676.57,57
4256,Clinton Hensley,"82882 Jordan Inlet, Williamsmouth, PW 37511",132465.45,59
4257,Christine Davis,"432 Carter Forge Apt. 207, Port Angeltown, MP 72365",116945.33,25
4258,Melissa Harper,"816 Martin Track, South Brenda, MN 13589",120283.86,25
4259,Amanda Robinson,"43567 Jones Heights Apt. 946, South Joshuamouth, MT 26110",53477.48,57
4260,Kristi Johnson,"513 Adam Field, Austinchester, AS 13156",159044.45,54
4261,Matthew Matthews,"36181 Gonzales Mountain Suite 642, South Alyssa, NY 41964",140690.34,38
4262,Thomas Mccarthy,"5523 Kimberly Village Apt. 501, East Gary, AL 07121",62818.47,64
4263,Nicole Thornton,"1582 Christopher Expressway, Port Veronicaland, CT 06226",38352.04,65
4264,Stacy Smith,"66593 Foster Court Suite 008, West Emmaberg, MH 84723",133271.5,60
4265,Robin Long,"74470 King Skyway, Gilbertport, PA 81604",71673.56,56
4266,Larry Gardner,"160 Shane Port, Christopherchester, MD 89513",163049.78,21
4267,Allison Stafford,"63541 Wallace Roads Suite 304, Leemouth, WI 45695",170994.1,62
4268,Kayla Moon,"632 Sherman Fords, West Alan, ND 86446",132599.47,62
4269,Ann Wilson,"PSC 4816, Box 2698, APO AA 23244",42520.11,41
4270,Allison Patterson,"999 Dustin Row Apt. 974, Brooksfurt, IL 83196",97719.48,47
4271,Jacqueline George,"619 Irwin Loop Apt. 389, North Davidton, ND 65961",74735.16,64
4272,Amanda Lynn,"5003 Chelsey Place, Stephenside, GA 42030",110152.81,52
4273,Sharon Lopez,"2077 Conley Loaf Apt. 256, South Maria, CO 12274",87413.42,23
4274,Mary Hughes,"73285 Kirby Park Suite 974, Julietown, NC 47791",163151.35,35
4275,Rodney Warren,"2606 Mendoza Pass, Port Jasmin, PW 79332",41809.87,47
4276,Julie Mills,"97868 Jose Pine Suite 892, Lindahaven, MO 58167",112199.49,41
4277,Melissa Martinez,"57176 Richard Light Suite 289, West Todd, WY 46118",35748.1,33
4278,George Jones,"983 Joseph Centers Suite 321, North Monica, MN 90482",83532.34,57
4279,Gabriel Dixon,"PSC 5483, Box 3880, APO AA 65963",152112.57,35
4280,Brian Mitchell,"697 Estrada Lane, Garciamouth, SD 48272",176823.86,48
4281,Beth Foley,"586 Susan Gateway Apt. 474, Loriton, AR 39440",173877.47,36
4282,Austin Bruce,"603 Tammie Tunnel, Johnfurt, IN 36745",63547.14,42
4283,Angela Cortez,"340 Spencer Rapids Apt. 841, South Allen, NC 62187",80066.85,61
4284,Sean Lee,"1182 Welch Meadows, Port Paulburgh, VT 95807",125667.73,22
4285,Manuel Hurst,"0574 Aaron Bypass Apt. 800, North Allisonberg, MT 01019",104595.13,22
4286,Cathy Mckay,"8870 Brandi Union, Frankberg, MT 96942",120916.96,61
4287,Jennifer Padilla,"0407 Brock Row Suite 922, East Bryanbury, RI 84774",170583.82,37
4288,Rachel Johnson,"359 Edwin Manor Apt. 837, North Kristenmouth, MP 63469",70837.27,51
4289,Bradley Henderson,"45984 Castillo Common, Davidsonshire, UT 29785",69562.09,42
4290,Nicholas Snyder,"681 Caldwell Lakes, Donnaland, SC 39221",155715.04,42
4291,Jesse Smith,"3375 Dakota Extension, Lyonsbury, DE 68870",110352.88,36
4292,Lisa Murphy,"16199 Carson Hills Apt. 535, Port Michael, NV 02300",171814.4,59
4293,Brittney Collier,"440 Jessica Prairie Suite 892, Port Darius, MA 40688",124837.15,27
4294,Lauren Hatfield,"08397 Taylor View Suite 188, East Ann, SC 77827",125675.57,58
4295,Eric Willis,"63986 Vargas Land, Jonathanfort, AL 59148",53099.82,24
4296,Francis Ward,"34091 Johnson Parkway, Rebeccafort, PR 40512",167923.58,45
4297,Victoria Thomas,"275 Bennett Wells, South Barbaraland, AZ 47162",80425.52,65
4298,David Parker,"933 Newton Forge, Michaelfort, GA 29882",44429.09,29
4299,David Brooks,"981 Lori Green Suite 758, Walkerside, FM 54063",43990.32,49
4300,Kelly Richardson,"1152 Ford Club Suite 100, Port Jameston, IA 45190",42944.38,60
4301,Shannon Wells,"Unit 7286 Box 3249, DPO AA 72678",125796.86,25
4302,Richard Wagner DVM,"029 Cortez Squares, Deannaside, HI 66572",49765,24
4303,Paul Soto,"0189 Jason Point, Deleonberg, DE 64002",116092.42,39
4304,Melissa Sanchez,"8844 Willis Ridge Apt. 173, East David, MT 23533",158239.75,46
4305,Michael Johnson,"Unit 7435 Box 8569, DPO AE 17208",48895.39,47
4306,Katherine Stark,"2050 Justin Via, West Blakeborough, VT 92278",68801.24,59
4307,Anthony Foley,"0926 Matthew Spur, South Carlos, MN 11463",149183.85,60
4308,David Mills,"287 Brian Cliff, South Karen, CO 28821",36537.95,45
4309,Laura Jackson,"874 Murphy Walks, East Tanner, SD 90530",102310.32,48
4310,Traci Monroe,"0764 Wong Crossroad Apt. 707, Garciastad, TX 75564",162591.03,60
4311,Michelle Odonnell,"18605 Anderson Club Apt. 262, Kimberlyview, NY 78617",49685.3,62
4312,Diana Morales,"550 Hayes Shoals Apt. 943, Davidview, NY 18957",170949.8,22
4313,Mary Potts,"54947 Valencia Branch, Rodneystad, IL 34040",100841.13,42
4314,Glenda Pena,"Unit 8803 Box 2602, DPO AP 63406",120232.94,27
4315,Meredith Huber,"7968 Caldwell Flat, Port Melvin, AZ 13582",49890,59
4316,Lisa Foster,"976 Victoria Estates, Colemanstad, IA 48303",138428.41,58
4317,Mary Jones DVM,"9172 Joseph Locks Apt. 385, Davidstad, CT 04323",149465.38,33
4318,Sherri Sanchez,"3088 Jordan Shore Apt. 812, Wiseberg, PR 65079",166133.65,29
4319,Jessica Williams,"6631 Anthony Pass, Amymouth, NH 92569",127417.74,37
4320,Sierra Callahan,"124 Dalton Heights, Sullivanshire, MO 36722",86531.73,51
4321,Jessica Clayton,"45297 Stephen Flats, West Jacobville, WI 09650",140070.34,49
4322,Scott Rich,"06173 Park Shores, Martinezfort, NJ 58393",61958.89,29
4323,Brian Reyes,"2595 Susan Lake, Shawnfort, DC 70506",150568.71,24
4324,Megan Shaw,"2595 Rodriguez Stravenue, Port Tyler, MD 02784",53513.71,58
4325,Juan Martinez,"0364 Gomez Squares, Sanderston, MN 18854",98197.98,62
4326,Carrie Vega,"3547 Peters Spur Apt. 152, Rothtown, NM 39399",144384.18,40
4327,Kylie Oliver,"784 George Station, Yodermouth, OK 84681",119631.56,55
4328,Eric Gomez,"31248 Kathryn View, South Joseph, MH 89634",147446.87,30
4329,Justin Ward,"5827 Stephen Ferry Apt. 416, New Heather, GA 35382",103080.95,59
4330,Shane Fitzpatrick,"60670 Benitez Crossroad, Anthonyberg, OH 28681",84720.55,44
4331,Cindy Mcintosh,"3385 Angela Rapid, Port Logan, AK 19143",175689.3,54
4332,Jennifer Crawford,"7157 Hall Crossing, Murphyfurt, IN 80305",120033.79,64
4333,Randy Rios,"84396 Ernest Prairie Apt. 369, New Matthewville, NJ 72309",55967.06,36
4334,Christine Williams,"4415 Kelley Spur Suite 482, Stewartside, WA 27870",108530.64,56
4335,Melinda Shea,"902 Mark Overpass, Port Dana, FL 01335",159511.82,48
4336,Christine Jenkins,"228 Lawrence Mountains Apt. 110, North Molly, NC 15154",84853.33,33
4337,Arthur Wright,"Unit 8857 Box 0158, DPO AP 79762",127880.44,33
4338,Jennifer Rodriguez MD,"302 Lam Manor Apt. 327, New Julie, OK 99917",148863.25,42
4339,James Johnston,"4128 Jennifer Springs, Lake Scottfurt, NM 28472",62456.56,51
4340,Gina Vega,"473 Cody Curve, Barbaratown, PR 59016",135743.33,50
4341,Jordan Schmidt,"356 Thomas Mountains, Port Deannatown, CT 35969",121965.53,42
4342,Courtney Hill,"USCGC Thompson, FPO AE 07010",158541.26,57
4343,Rita Medina,"151 Randall Shore, Andersontown, MT 70807",174644.41,60
4344,Karen Ortiz,"52359 Toni Circle Apt. 901, Baldwinfurt, MN 14330",78446.58,42
4345,Joel Vasquez,"Unit 2343 Box 6664, DPO AA 81992",58530.6,50
4346,Rachel Carter,"033 Smith Lights Apt. 152, Popefurt, MI 05441",162035.29,23
4347,Jenna Wright,"856 Maria Terrace Suite 322, New Jordanmouth, UT 64072",106909.95,21
4348,Cynthia Schmitt,"971 John Forges, South Davidbury, GU 58811",127621.22,65
4349,Mary Owens,"Unit 6198 Box 7801, DPO AP 61541",68389.73,60
4350,Andrea Gilmore,"1055 Freeman Springs, West David, NV 36385",65905.08,51
4351,Timothy Santos,"71713 Anthony Locks Suite 867, West Mariachester, KY 70273",141515,42
4352,Crystal Brooks,"Unit 5908 Box 8700, DPO AE 48824",152054.34,45
4353,Joseph Noble,"25334 Jones Ways Apt. 022, North Jeffreyberg, CA 54401",64770.87,32
4354,Stephen Arias,"0997 Sarah Gardens, East Annette, PW 29577",154782.23,21
4355,Amy Randall,"85212 Smith Loaf, East Joseph, NJ 40260",87608.49,25
4356,Jennifer Smith,"7690 Brittany Way, South Richard, VT 80039",86893.57,56
4357,Samantha Hoover,"PSC 0820, Box 2692, APO AA 72729",51702.45,39
4358,Michael Henry,"98374 Perez Grove Apt. 126, Karenton, PW 70796",98859.18,61
4359,Eduardo Thomas,"312 Stone Trace Apt. 790, Mccoymouth, WI 40384",119924.53,44
4360,David Powers,"32366 Robert Village Suite 230, New Elizabethborough, TX 98512",41366.2,22
4361,Michael Green,"45242 Michael Loop, Harrishaven, RI 02117",63872.82,39
4362,Patricia Ramsey,"639 Roberts Canyon Apt. 220, Lake Molly, WI 60245",60251.26,37
4363,Kristin Barnes,"0570 Timothy Roads, Port Erinbury, NC 24542",139231.32,42
4364,Mrs. Alejandra Johnson,"08009 Lori Extension, Port Susantown, ID 71785",157892.46,36
4365,Kendra Hunt,"78926 Mitchell Centers Apt. 624, New Michael, TX 48549",60888.51,22
4366,Daniel Olson,"4220 Dunn Flats, Lake Abigail, NJ 08710",60531.23,37
4367,Taylor Herman,"632 Anthony Highway Suite 604, Whiteview, NY 35486",167044.1,22
4368,Steven Monroe,"431 Sylvia Mews, New Scotttown, WA 56961",155559.63,29
4369,Andrew Ball,"93508 Nathan Ville Apt. 335, Campbellstad, DE 72585",89943.8,28
4370,Vanessa Martinez,"88151 Alexander Well Apt. 990, Jeffreyshire, PW 86085",84065.58,34
4371,Lauren Garcia,"2876 Wong Courts Apt. 628, South Darin, VT 26555",79235.49,36
4372,Brenda Young,"173 Cunningham Drive, Natalieview, VA 96919",88597.89,44
4373,Nicholas Adams,"218 Scott Branch, Parsonsberg, NE 73073",130831.76,54
4374,Anna Williams,"PSC 4476, Box 0779, APO AP 77028",176679.77,60
4375,Kristine Cohen,"4333 Wilkins Trail Apt. 588, West Ashleyfurt, UT 21688",162841.25,25
4376,Henry Ramsey,"15395 Calvin Stream, North Jason, PR 17507",52181.53,29
4377,Nathaniel Cook,"74319 Sarah Roads Suite 219, Ayalabury, CT 39631",150260.23,33
4378,Christopher Santos,"660 Ashley Stream Suite 611, Smithville, GU 02912",112220.43,65
4379,Mr. Terrence Gomez,"50855 Christopher Wall Apt. 306, West Kennethland, AR 42346",89267.02,59
4380,John Davila,"31194 Regina Square Suite 100, South Lori, NE 01691",97283.32,61
4381,Christian Warner,"9456 Phillip Roads, Stephanieshire, OK 14597",70459.7,23
4382,Paul Adams,"090 Nicholas Route Apt. 536, Joshuabury, WV 09156",145646.94,58
4383,Daniel Odom,"45208 James Alley, Hunthaven, TX 72317",62419.81,55
4384,Savannah Jones,"86768 Pruitt Greens Suite 121, South Kathyfurt, FL 19395",77656.5,30
4385,Kathryn Mccann,"032 Adrian Stravenue Apt. 902, West Kylestad, PA 41313",82513.69,24
4386,Katie Hampton,"21059 Russo Corner, Lake Jose, KY 20404",126271.58,38
4387,Christina Smith,"3229 Shannon Expressway Apt. 209, Mariaport, AL 81882",161563.47,53
4388,Dave Bennett,"148 Jason Lock Suite 569, North Jessica, VA 83582",175415.72,52
4389,Danielle Craig,"7613 White Curve Apt. 344, Port Andrew, KS 62721",65339.45,26
4390,Christopher Anderson,"39541 Hudson Creek Suite 111, New Jonathan, MD 54427",148776.46,63
4391,Tracey Foster,"68625 Mary Mountain, Thomasfurt, TN 79301",124158.53,31
4392,Isaiah Burke,"831 Jay Grove Suite 694, North Robyn, LA 78459",108749,62
4393,Kathryn Delgado,"681 Taylor Parkway Apt. 122, Keithshire, MI 12081",143914.76,44
4394,Lisa Kirk,"2052 Lori Camp Suite 571, New Victor, VT 27691",107295.23,50
4395,Matthew Roberts,"36049 Simpson Stravenue, North Joshua, MA 34911",60954.79,44
4396,Sabrina Herrera,"5769 Gavin Meadow, West Michelle, UT 39443",111193.97,51
4397,Taylor Good,"76999 Weber Knoll, North Jose, WY 29632",138769.23,52
4398,Angelica Oneal,"3959 Timothy Alley, New Seanport, AR 61771",103694.93,58
4399,Cynthia Gould,"90933 Abigail Square, Lake Brandi, TX 42827",93137.18,58
4400,Sharon Vazquez,"6391 Bobby Crest Apt. 732, New Brittanystad, DE 36149",129211.9,34
4401,Amy Burns,"71775 Diaz Tunnel Apt. 756, Dunnport, WI 64730",66831.31,33
4402,Michael Pruitt Jr.,"388 Johnston Spring, Randolphshire, FM 12352",100551.61,36
4403,Cody Wilson,"466 Rodriguez Via Suite 797, New Beverly, MO 78609",92405.5,40
4404,Brandon Estrada,"540 Michael Highway, Jesseport, DC 14770",96628.31,45
4405,Thomas Allen,"651 Johnson Locks Suite 029, South Williamside, SC 29045",117848.71,44
4406,James Martinez,"947 Ariel Villages Suite 515, North Brianna, WV 26081",71906.74,26
4407,Charles Gentry,"726 Sharon Orchard, Davisview, DC 07086",54477.9,26
4408,Bill Long,"2799 Duncan Ridges, Micheleton, WY 99366",77781.96,54
4409,Jose Fuentes,"6293 Cole Centers, Richardsonton, AK 22113",85978.37,58
4410,Cassidy Peterson,"34935 Lewis Crest Suite 607, Longbury, FM 55408",40965.72,53
4411,Pamela Martinez,"98463 Vasquez Mountain, Danielport, WV 56758",125063.24,48
4412,Lori Robinson,"012 Vickie Prairie, West Jamesshire, KS 19580",100416.92,48
4413,Stephanie Green,"9720 Cruz Dale Apt. 719, Lake Robert, OH 02920",94298.15,52
4414,William Valdez,"0833 Roy Union Suite 338, New Timothy, TX 81303",80967.96,45
4415,Lisa Miller,"Unit 7235 Box 2881, DPO AA 13054",38584.14,49
4416,Kyle Obrien,"002 Megan Prairie, Foleytown, KY 29475",68899.61,62
4417,Eddie Glover,"3888 Gregory Ridge, Sheltonville, AZ 49042",46003.82,26
4418,Derek Mendez,"80981 Kim Spur, Lake Kimberlyshire, OH 86320",77705.08,53
4419,Lindsey Rodriguez,"7143 Compton Coves, West Lisaport, AK 90406",109354.69,62
4420,Patricia Harris,"USCGC Franco, FPO AE 08451",46333.06,38
4421,Julia Murphy,"77186 Herrera Flat Apt. 177, Thompsonton, RI 88710",169357.86,27
4422,Marcus Zamora,"PSC 4537, Box 9569, APO AA 72587",52195.24,44
4423,Robert Watts,"041 Williamson Landing, North Joel, MA 07198",40550.8,33
4424,Daniel Cruz,"550 Angela Harbors, Stricklandland, AL 55516",83394.89,64
4425,Samantha Oliver,"3672 Heather Centers, Lake Anthonyport, MI 76174",82739.99,40
4426,Matthew Wright,"3081 Gonzalez Heights, North Andrewmouth, AK 18132",143055.65,64
4427,Pamela Bean,"772 Miller Rapids Suite 843, Rodriguezburgh, NM 25422",157589.99,33
4428,Kristina Lloyd,"48228 Meredith Pass Suite 762, South George, OK 11304",137318.18,29
4429,Brian Wright,"48552 Hatfield Passage, Crosbyton, NC 70734",179768.74,55
4430,Michael Clark,"98982 Laura Inlet Apt. 372, New Colin, NV 11454",167295.47,21
4431,Drew Rodriguez,"800 Boyd Club Apt. 602, Port Melissaland, GA 19479",146661.03,39
4432,Nicole Kelly,"Unit 4723 Box 8748, DPO AA 66869",154234.78,46
4433,Melissa Perez,"225 Anna Forge, Donnamouth, VT 86963",172143.18,58
4434,Anna Harrison,"1570 Anderson Crossing, Port Josephtown, MA 81918",144881.88,21
4435,Kylie Sullivan,"7614 Gonzalez Bridge Suite 013, Frederickville, MP 79556",103440.58,53
4436,Michael Gillespie,"5235 Mullins Rapids Suite 295, Aaronstad, FL 37245",178444.82,30
4437,Aaron Tucker,"0992 Christina Spur Apt. 466, New Shannon, MN 94814",160492.59,35
4438,Kristen Gomez,"2634 Burnett Views Suite 002, Lake Kristen, PA 95627",67904.31,34
4439,Teresa Larson,"286 Miller Parkways Apt. 859, West Blakeberg, AR 75119",103793.55,54
4440,Whitney Robinson,"30130 Laura Gardens, South Stacey, IA 78845",120115.53,56
4441,Jennifer Evans,"673 Moss Crossing Suite 391, East Paula, CO 79110",144855.09,50
4442,Corey Gaines,"56904 Robert Squares Suite 446, Kevinland, VT 10471",84395.64,26
4443,Jeremy Gilbert,"03261 Davis Point Suite 104, Lake Mariahview, NE 34793",80395.85,33
4444,Veronica Lara,"84014 Rojas Ridges, Duncanmouth, SC 65214",97174.98,65
4445,Colleen Hunter,"63189 Rebecca Mills Suite 006, North Matthew, RI 86286",95564.74,49
4446,Thomas Finley,"PSC 6748, Box 1798, APO AP 74934",100245.93,56
4447,Michael Young,"375 Kimberly Squares, Lake Coryberg, CO 60713",39365.09,29
4448,Kevin Mitchell,"81341 Jack Ranch Apt. 616, Port Jennifermouth, IL 54996",118738.73,29
4449,Amy Porter DDS,"0258 Melanie Mountains Apt. 773, South Amber, MD 93963",79307.93,21
4450,Maria Ferguson,"2894 Robert Shore, Salinasland, NY 47099",107471.03,63
4451,Matthew Perry,"790 Mccullough Hills Apt. 166, North Rhondaborough, LA 03225",155973.34,42
4452,Veronica Stewart,"9969 Hudson Mission, Blackshire, GU 01832",67696.14,48
4453,John Thompson,"0413 Lawrence Station, Nelsonton, LA 74636",134435.61,46
4454,Samantha Williams,"03111 Kelly Terrace Suite 018, North Sarah, TN 62404",145612.03,65
4455,Lisa Smith,"6094 Samantha Burg Apt. 302, East Ashley, SC 33235",112952.58,41
4456,Denise Wright,"84472 Arnold Curve, New Petermouth, SC 92633",120108.49,57
4457,Dr. Thomas Morris,"USCGC Williams, FPO AA 57310",148876.88,29
4458,Michael Hamilton,"43468 Jose Islands, Brittanymouth, CT 90429",57285.23,42
4459,John Mills,"326 Fields Lodge Apt. 630, South Maryhaven, SC 20804",117387.68,59
4460,Ann Williams,"8332 Weber Squares, Hollowaybury, MH 34808",167494.07,57
4461,Bernard Bruce,"5151 Zachary Track, East Robert, RI 26304",160706.99,45
4462,Gerald Kelley,"52048 Pamela Drive Suite 791, Port William, MN 12440",64609.67,46
4463,James Mitchell,"718 Caitlin Common Suite 807, Barnesstad, KS 47363",44237.84,45
4464,Nancy Galloway,"USCGC Garcia, FPO AP 58317",62309.11,27
4465,William Baird,"20163 Griffin Rapids, East Richardmouth, HI 90183",82682,49
4466,Leslie Underwood,"12289 Clark Islands Suite 143, North Danielleshire, KS 23918",127655.48,40
4467,Shane Mcintyre,"1531 Shelley Greens, North Amber, LA 42506",48520.02,27
4468,Andrew Johnson,"7547 Harper Mountain, East Michaelmouth, CA 84689",132858.4,32
4469,Tracy Good,"2847 Douglas Creek, South George, ME 11763",39648.58,65
4470,Kimberly Tucker,"30655 Wise Cliff, West Matthew, VT 18703",122487.77,22
4471,Terry Buck,"PSC 7961, Box 7700, APO AE 23065",62070.36,25
4472,Kristen Maxwell,"172 Payne Station Apt. 311, Piercestad, ME 04918",167145.07,45
4473,Michael Day,"605 Parker Fords, New Alex, NY 72526",76153.55,35
4474,Theresa Pratt,"275 Kathy Meadows Apt. 622, Port Katrina, MA 02095",77210.3,54
4475,Jordan Flores,"58484 Vicki Ports, Christopherview, LA 36695",45147.02,24
4476,Michelle Moore,"45797 Seth Trafficway Apt. 392, North Dawnton, NY 84967",88454.58,21
4477,Caitlin Garza,"4385 Flowers Rest, East Sandraland, TN 56839",59914.73,47
4478,William Arroyo,"7337 Jones Motorway Apt. 778, Chandlermouth, SD 96912",91710.26,28
4479,Katherine Hernandez,"705 Olivia Square Apt. 192, Alexstad, NY 87229",53724.96,47
4480,Colleen Marquez,"70245 Banks Underpass Apt. 674, Bradleybury, LA 40312",104346.42,25
4481,Peter Haney,"13027 Jacob Tunnel Apt. 448, Alberttown, AL 36336",91403.97,34
4482,Elijah Hill,"79281 Hernandez Fall, Kerriborough, KS 61798",53840.18,34
4483,Michael Baker,"PSC 4437, Box 6282, APO AA 89450",79914.79,63
4484,Larry Salinas,"759 Diaz Ranch, Hamiltonshire, KS 14441",103843.1,59
4485,Taylor Smith,"06235 Phillip Forest Apt. 824, Maryfurt, TX 38171",118388.25,40
4486,Sarah Ross,"6020 Simmons Divide Suite 513, New Rickyberg, NH 96513",120186.33,53
4487,Michael Huff,"418 Barker Expressway Suite 549, Jeffreyton, MN 62272",138931.95,50
4488,Heather Montgomery,"4915 Gilbert Estate Suite 185, Pacehaven, CO 10302",74938.94,21
4489,Ethan Smith,"PSC 8914, Box 9087, APO AA 79823",178707.34,49
4490,Roberta Marshall,"48690 Michelle Drives, Fuenteshaven, FL 21589",44275.66,46
4491,Alan Flynn,"2749 Spence Hill, Morrisburgh, NY 08848",122703.05,36
4492,Billy Sullivan,"937 Brittany Island Apt. 043, North Richardport, DC 54797",111249.19,57
4493,Nicole Snyder,"298 Myers Path Suite 857, Estesstad, AK 86775",162489.71,50
4494,Rachel Harrison,"3929 Amanda Trail Apt. 940, Juanview, MT 95661",102090.84,23
4495,Christopher Frost,"8058 Brent Lights, Lake Lori, MH 42213",141907.15,39
4496,Chad Johnson,"11738 Mendez Drives Suite 436, Amberton, NV 03401",128713.37,50
4497,Tony Turner,"5044 Nathan Stravenue, North Madisonchester, DC 04732",85283.37,40
4498,Maria Hernandez,"41258 Barker Highway, Smithburgh, MD 06317",91708.1,32
4499,Tiffany Johnson,"2617 Zachary Square Apt. 702, Hahnberg, MN 74428",95182.65,32
4500,Jeremiah Vasquez,"0271 Kimberly Turnpike, North Brandonview, OR 46356",165494.87,48
4501,Thomas Williams,"1889 Joshua Island, Cruzport, OK 39690",101385.08,63
4502,Matthew Sellers,"911 Pearson Spurs Apt. 646, Longborough, HI 57578",61599.43,57
4503,Melvin Fitzgerald,"787 Daniels Views, West Mitchell, SC 40206",48852.45,65
4504,Emma Long,"57548 Rivera Hills Apt. 541, Hatfieldborough, WI 26624",172124.67,36
4505,Derek Wilson,"2380 Eric Causeway Suite 544, East Toddport, PW 12744",163403.56,31
4506,Pamela Wright,"589 Anthony Summit, Lynchtown, SD 34689",74697.56,61
4507,Janice Short,"367 Forbes Inlet, Davidside, MD 90159",112971.94,63
4508,Lisa Edwards,"120 Jeremy Extension, Fitzgeraldfurt, NY 44841",167862.97,65
4509,Keith Sullivan,"177 Alex Parkway, Port Brianshire, IL 79747",140347.97,34
4510,David Gray,"7021 Cunningham Unions, Port Tannerborough, KY 00640",166766.79,47
4511,Joel Caldwell,"10985 Brian Meadows, Port Williamborough, NY 83721",178896.51,56
4512,Marc Sanchez,"PSC 9411, Box 8727, APO AA 23304",52578.44,44
4513,Lisa Hall MD,"63115 Holland Union, Courtneyport, MH 78400",46097.38,27
4514,Morgan Ellis,"7634 Kara Meadows Apt. 531, Adamsburgh, UT 28017",108137.25,41
4515,Kenneth Choi,"7412 Smith Shore Apt. 779, Port Matthewberg, MD 29213",94463.93,31
4516,Karen Johnson,"2178 Barber Plains Suite 826, Albertborough, CO 97835",71651.16,53
4517,Daniel Harrell,"6253 Henry Plaza, East Kimberly, OR 43515",41472.1,22
4518,Charles Peterson,"39315 Suzanne Knolls, New Jessicamouth, AZ 86344",45613.35,65
4519,Dr. John Martinez,"89188 Smith Path, Brandonton, IN 69628",132965.2,50
4520,Lorraine Garcia,"03609 Johnson Forks, Hillfurt, VI 09881",90267.56,46
4521,Jennifer Morrow MD,"9344 Jacobs Rest, Lake Bethton, GA 28829",159087.11,46
4522,Phillip Ramos,"4600 Rollins Common, Brendaborough, MA 81662",40477.33,37
4523,Mary Brown,"049 Moreno Bypass, Marcuston, CT 39468",51628.99,29
4524,Diana Smith,"670 Wilkerson Dam, North Thomasbury, MD 26389",82431,50
4525,Michael Carter,"5375 Patel Rest, East Cynthiaburgh, MS 41143",105290.09,25
4526,Keith Adams,"89465 King Mill Apt. 989, Lake Alexis, NE 16086",46969.55,63
4527,Tiffany Cantu,"2811 Davenport Brooks, Martinezside, OK 17121",70132.57,49
4528,Brianna Wolf,"PSC 1146, Box 7530, APO AE 41735",55337.09,38
4529,Amy Kelly,"3027 Chavez River, Lake Williamview, WI 36481",157026.57,31
4530,Vincent Thomas,"2009 Adams Camp, Davidmouth, PA 91119",156581.9,59
4531,James Taylor,"313 Michael Views, North Nicole, SC 61500",49574.69,39
4532,Steven Barber,"1629 Mcdonald Turnpike Apt. 916, Lake Kathrynchester, OR 29381",53001.95,46
4533,Diana Clayton,"4878 Brian Vista Suite 207, Thomasview, WY 82924",59425.74,63
4534,Janice Patel,"53037 Lee Creek Suite 481, Ellisbury, CT 19609",145720.41,64
4535,Joshua Stevens,"3475 Deanna Neck Suite 164, Smallmouth, WA 49816",74621.58,49
4536,Victor House,"1579 Wilson Green Apt. 823, Devinside, GA 08333",86922.61,34
4537,Kelsey Henderson,"53422 Jeffrey Row, Lake Angela, ND 65171",138589.78,64
4538,Mary Jimenez,"99394 Kelly Landing Apt. 443, Lake Zachary, WI 13552",112183.33,49
4539,Megan Montgomery,"9017 Michael Haven Suite 950, Johnfurt, DC 31803",136027.64,61
4540,Adam Cabrera,"74068 Hudson Glen Suite 521, Michelleberg, LA 70988",152669.21,62
4541,Jane Long,"USCGC Campbell, FPO AP 67335",131068.29,63
4542,Kristy Harrison,"700 Sanders Mall, Lake Michelestad, TX 21974",165066.43,45
4543,Thomas Navarro,"7130 Martin Locks, Jennashire, CA 81736",135100.27,49
4544,Molly Petersen,"6935 Ferrell Rest, Lake Dianaburgh, WY 93835",42600.21,21
4545,Bryan Oconnor,"5816 Winters Pike, East Carolyn, OR 60230",42056.38,45
4546,William Austin,"3277 Jason Cliff Apt. 288, Petersonberg, MD 61878",146231.56,36
4547,Robert Ochoa,"4379 Morse Tunnel, Grossberg, MA 40347",89323.48,36
4548,Todd Davis,"8495 Melissa Lane, Port Kyle, OR 39023",63997.93,22
4549,Emily Austin,"PSC 5375, Box 4990, APO AA 79818",96144,21
4550,Michele Farmer,"10898 Olsen Expressway, Duncantown, MI 81432",83881.91,33
4551,Joanna Gonzalez,"6695 Debra Flats, Loveborough, OR 35605",133594.13,25
4552,Daniel Rodriguez DVM,"9707 Davis Port Suite 674, North Stacyside, MO 64131",66982.34,27
4553,Brandon Mcguire,"PSC 3198, Box 5047, APO AP 73980",150554,63
4554,George Cruz,"240 Angela Skyway, Dennisberg, NV 84206",59343.02,31
4555,Sonya Johnson,"870 Riggs Ports, Lake Richardtown, NJ 92487",41381.81,53
4556,Alan Hernandez,"879 Oneal Divide Apt. 500, Port Kaylaview, TN 29039",50614.16,41
4557,Kyle Garner,"4542 Jason Wall Suite 069, Jamesport, NV 18049",81788.54,61
4558,Jessica Watts,"2995 Miller Unions, Simshaven, NC 47479",62484.39,34
4559,Kimberly Dawson,"4909 Miller Falls, Pamelafort, DC 39569",170477.47,46
4560,Daniel Blake,"94308 Wright Summit Suite 664, Valenciaton, MA 41080",171143.87,28
4561,Anne Crane,"06957 Thomas Fork, Lake Wesleyberg, TN 86241",68699.18,27
4562,Kiara Moore,"0695 Nancy Station Apt. 717, Port Davidhaven, DC 19242",86703.57,32
4563,David Costa,"1328 Andrew Track, New Matthewport, AL 68910",37174.21,62
4564,Tina King,"46705 Barron Flats, Santiagoville, LA 08388",80854.83,45
4565,Catherine Munoz,"094 Bush Lock, Port Jessicaton, FL 69470",65851.35,35
4566,Rebecca Hart,"77211 Crystal Rue Apt. 851, Edwardsbury, AZ 81921",44572.36,38
4567,Carol Riddle,"182 Katie Cliffs Apt. 925, South Melindashire, OH 85030",129242.02,44
4568,Cassandra Mclean,"6863 Kyle Point Suite 041, West Davidchester, OR 44817",41371.15,34
4569,Leonard Mack,"246 Sandoval Shoals, South Wendyside, PA 82304",94609.04,59
4570,Anthony Marshall,"222 David Avenue, North Michelle, MI 20187",107438.52,27
4571,Michael Fox,"193 Nicole Estates Suite 717, Greenehaven, MI 06093",138317.01,57
4572,Brian Chaney,"03607 Maria Prairie, Johnsonborough, NV 69886",59861.57,27
4573,Paula Brooks,"763 Kaitlyn Crest Apt. 192, East Gregory, IN 77194",121980.74,61
4574,Johnathan Wade,"50671 Guerra Shoals, Clarkside, UT 43293",135965.73,64
4575,Joseph Brown,"48290 Ward Lake Suite 326, Gonzalezstad, MT 20427",169060.24,65
4576,Nicole Ramos,"0914 Moore Run, Terriside, MH 28188",54275.06,32
4577,Michael Patterson,"091 James Park Suite 262, New Stephen, AR 39266",127126.25,65
4578,Robert Bush,"Unit 2824 Box 8580, DPO AE 94433",81105.21,63
4579,Jared Perkins,"725 Katherine Plain, Kimland, NH 22759",104908.9,42
4580,Tracy Morris,"955 Carly Vista, Michaelview, MI 22551",37559.08,58
4581,Shawn Yang,"1110 Reed Stravenue Suite 942, Lake John, KY 14171",100092.18,53
4582,Eric Gutierrez,"PSC 8989, Box 3651, APO AP 46272",127885.83,35
4583,Mitchell Howard,"56619 Lee Stream, Mortonview, CA 63227",107995.91,21
4584,Nicole Sandoval,"0779 Perkins Extensions Apt. 032, Pamelafurt, MS 25986",68727.86,60
4585,Mr. Jason Cunningham,"126 Lyons Creek, Robinsonberg, IL 27384",145046.45,28
4586,John Lewis,"Unit 2715 Box 1332, DPO AA 77284",79783.05,48
4587,Joshua Dorsey,"76274 Brandon Streets Suite 002, New Danielberg, TX 39844",144800.63,60
4588,Angela Schneider,"Unit 7968 Box 8248, DPO AP 32073",46511.5,29
4589,Mark West,"874 Nicholas Valleys Apt. 314, Brooksport, TX 68308",89305.93,39
4590,Kelly Norton,"7383 Bowers Road Suite 718, West Juan, RI 69911",64291.71,45
4591,Shawn Ford,"655 Myers Vista, Vanessaburgh, ID 26921",64635.87,23
4592,Lauren Taylor,"06831 Brooke Pine, Austinview, GU 11735",69519.28,59
4593,Gary Johnson,"1515 Michelle Underpass Suite 217, North Williamhaven, CA 25950",178339.95,49
4594,Lisa Yoder,"82798 Brown Rue, South Jim, WV 48598",142192.07,42
4595,Tracey Mills,"085 Joseph Island, Rebeccatown, PW 25199",54468.72,41
4596,Jessica Young,"59985 Dorsey Ville, Charlesburgh, VA 46259",128322.3,23
4597,Kathleen May,"282 Trevino Ville Apt. 420, Daviston, CO 98437",110526.56,47
4598,Jennifer Walker,"757 Schneider Heights, Lake Gerald, PR 76074",128966.73,39
4599,Chelsea Wade,"32893 Kerri Canyon Suite 988, South Anneview, AZ 53885",143829.88,35
4600,Sherry Taylor,"PSC 3661, Box 5928, APO AE 24244",157805.55,42
4601,Jeffrey Boyd,"716 Shawn Island Suite 413, North Xavier, MN 89129",84695.62,34
4602,Matthew Johnson,"991 Melissa Glen Suite 342, Barbaraview, CA 44709",113200.2,63
4603,Becky English,"3907 Lisa Mount Suite 656, Port Mackenzieshire, CA 12711",178314.56,64
4604,Victoria Phillips,"0127 Susan Inlet, New Susanfort, MI 04391",135960.32,35
4605,Justin Nunez,"4549 Gutierrez Mountain, Scottmouth, TN 61308",123169.16,45
4606,Vicki Jackson,"3372 Stewart Meadows Apt. 720, West Leonardfurt, WI 48885",110613.43,32
4607,Victor Brown,"3350 Daniel Estates, South Dennishaven, PW 78934",99142.33,21
4608,Beverly Horton,"2823 Scott Valley, New Erin, PW 58037",44369.45,52
4609,William Farley,"3007 Jeffrey Drive, Melissaview, KY 34284",45147.81,33
4610,Theodore Garcia,"8870 Morgan Underpass Apt. 057, Port Mark, FL 75771",42555.49,30
4611,Dawn Gilbert,"32153 April Ways, Port Kristen, IA 20434",171049.81,29
4612,Angela Perry,"64560 Stephen Mill Apt. 113, Tomton, ME 07626",48305.11,58
4613,Robert Freeman,"03829 Henson Fork, Curtisland, MI 95371",114582.83,34
4614,Julia Stein,"88577 Diana Mall, Port Jamesborough, GU 49872",69264.97,26
4615,Alyssa Lee,"7023 Natasha Trafficway, Bradyhaven, CT 02650",96804.77,50
4616,Gary Dillon,"96522 Laura Ports, Edwardsview, NJ 11458",80162.13,33
4617,Darryl Miller,"686 Wendy Falls, Melaniechester, WY 96047",70514.12,32
4618,Daniel Stone,"USNV Palmer, FPO AP 50282",122848.43,40
4619,Mr. Benjamin Johnson MD,"20762 Horn Forest, South Cassandrachester, FM 20238",76376.17,49
4620,Kristine Dominguez,"PSC 9158, Box 2091, APO AE 01968",175320.24,33
4621,Tracy Reynolds,"827 Jeffrey Motorway, Osborneborough, CA 92713",74419.81,51
4622,Joseph Jensen,"4858 Meyer Plains Suite 325, Phillipsport, IN 29657",46602.32,44
4623,Julie Oneill,"USNS King, FPO AE 99914",92745.45,31
4624,Kevin Baird,"96862 Colin Freeway, Diazchester, LA 66110",103253.46,48
4625,Nicole Johnson,"238 Hernandez Trail Apt. 826, Emilyshire, AK 08452",108267.42,48
4626,Patrick Hurst,"21924 Powell Fords, North Gene, NV 30359",145247.05,51
4627,Rebecca Peterson,"4033 Kimberly Fort, New Jared, PA 88828",37872.61,45
4628,Pamela Ortiz,"05156 Ashley Lakes Apt. 303, Mariaberg, VA 06089",96972.61,26
4629,Andrea Delacruz,"42289 Miles Court, Port Keith, DC 48969",145034.46,40
4630,Tracey Morgan,"846 Bauer Trafficway Suite 569, East Rachelfurt, PR 46516",121301.59,30
4631,David Walsh,"7975 Phillips Gardens, South James, FL 77036",115163.56,32
4632,Tina Brown,"61121 Ball Groves, South Audrey, WV 46377",72307.3,50
4633,Timothy Campbell,"41749 Christina Mill Apt. 769, South Gloriaville, TN 55330",79347.86,39
4634,Anthony Sharp,"75177 Hicks Inlet Apt. 510, South Matthewhaven, ND 63821",89396.3,59
4635,Angela Duncan,"7753 Patrick Shore Suite 970, Garnershire, RI 78606",104722.43,42
4636,Heather Rogers,"89262 Chavez Garden, Acevedofurt, OH 89335",54815.17,51
4637,Carla Everett,"455 Watson Cliffs, Port Jessicamouth, MD 76786",63378.78,33
4638,Daniel Armstrong,"PSC 2157, Box 0956, APO AA 50566",35606.18,53
4639,Michele Kelly,"08554 Robinson Loop, Tammyshire, IN 63041",140903.45,44
4640,Philip Dalton,"688 William Skyway Suite 916, Martinezstad, NV 92535",106260.79,47
4641,Natasha Conley,"063 Matthew Spur Apt. 862, Glovermouth, AS 64702",171341.32,44
4642,Teresa Brown,"PSC 6766, Box 1772, APO AE 82970",90685.43,40
4643,Carol Vaughn,"020 Stephanie Underpass, Leslieland, GU 57214",127952.06,58
4644,Thomas Abbott,"037 Natalie Hollow, Martinberg, GU 40279",45328.98,23
4645,Harold Snow,"8082 Sarah Burgs, Marshallburgh, TX 66380",178908.51,28
4646,Curtis Barrera,"USNV Reyes, FPO AE 19503",90799.77,57
4647,Tony Barnett,"9701 Stephanie Avenue Apt. 479, Beverlyton, MI 11925",58542.55,48
4648,Kelly Holmes DDS,"120 Stephanie Estates Suite 811, Danielhaven, OK 45061",173779.05,43
4649,Zachary Bell,"32851 Brooks Port, Bakerberg, NC 51791",108893.21,52
4650,John Newman,"36828 Moreno Tunnel, New Jasmineshire, NH 03766",127072.06,44
4651,Mr. John Knox MD,"USS Oconnor, FPO AA 46652",135986.03,62
4652,Kimberly Hall,"6984 David Expressway Suite 098, Patricktown, SD 33410",90873.31,48
4653,Jason Carlson,"1185 Mark Glen, East Charles, MP 52143",141671.31,36
4654,Dawn Watts,"46108 Flores Port Suite 078, Donovanside, AS 11668",104270.21,44
4655,Andrew Castillo,"8248 Thomas Isle, South Brettland, VI 84843",126488.14,64
4656,Amber Bonilla,"95730 Christine Highway Suite 524, West Amber, MH 86550",39097.13,63
4657,Stephen Wood,"Unit 4533 Box 4956, DPO AP 20455",128573.36,37
4658,Alexandria Perez,"USNV Greene, FPO AP 57275",122788.17,64
4659,Rebecca Fisher,"PSC 4808, Box 5228, APO AE 39991",56368.27,36
4660,Eileen Leon,"2982 Carlson Isle, Christopherview, VT 04696",122311.65,63
4661,Nicholas Andrade,"06794 Terry Village, New Chelseyberg, AZ 87508",157019.81,21
4662,Mrs. Ashley Graham,"PSC 2820, Box 5564, APO AE 78338",51925.94,26
4663,Mary Pearson,"97049 Glenn Bridge Suite 612, New Emilyshire, OR 63489",128437.62,45
4664,Suzanne Cox,"8835 Nelson Crossroad, Coreyberg, UT 16363",92661.7,58
4665,Alicia Archer,"509 Timothy Cove Suite 305, Seanfurt, IL 36867",176251.11,26
4666,Fernando Kirk,"USS Pacheco, FPO AE 95110",110187.87,33
4667,Dr. Christina Pennington MD,"USCGC Wong, FPO AP 24262",162020.89,31
4668,Kyle Garcia,"402 Young Via, Kaylaside, ND 60735",155313.69,37
4669,Rachel Peterson,"06291 Greene Meadows, Huangside, ID 19115",135316.34,53
4670,Kimberly Spencer MD,"400 Melinda Cape, Shaneport, AZ 02093",175314.1,63
4671,Matthew Davis,"26124 Lee Mission, Meganstad, MT 66854",163564.38,58
4672,Laura Donovan,"7072 Hamilton Isle, Richardsshire, NE 69589",79656.94,47
4673,Bonnie Brown,"67282 Paul Pike Apt. 523, New Christopher, PA 68211",144107.03,26
4674,Mrs. Susan Pearson,"USCGC Deleon, FPO AE 18573",50844.74,57
4675,Dawn Sloan,"231 Christian Spring, Liuville, DC 32010",147620.21,43
4676,Mark Baldwin,"1749 Dominguez Village, Weaverchester, NM 14221",153063.06,38
4677,Dominique Khan,"951 Wilson Overpass, West Kelsey, MD 32519",143565.86,46
4678,Joyce Thomas,"33614 Keith Island, Conwayside, WA 50685",136356.3,21
4679,Matthew Davis Jr.,"03341 Smith Walks Suite 290, Johnsonmouth, PR 05491",178118.7,52
4680,Donald Woods,"3540 Jimenez Burgs, Lake Juliabury, MT 33073",35228.89,25
4681,David Perez,"571 Aguilar Throughway Suite 991, Brendaberg, MA 08041",147192.83,47
4682,Bobby Morales,"71471 Amy Loaf, Lake Alexis, OK 07034",111119.49,62
4683,Russell Dominguez,"21298 Duffy Mall, Charlesbury, MD 13897",76809.34,48
4684,Angela Acosta,"1192 Harris Ranch Apt. 090, Strongstad, NC 85256",59741.97,44
4685,Justin Garrison,"3481 Raymond Knolls Suite 961, Gregoryside, TX 77906",62028.01,29
4686,Deborah Gill,"20308 Gina Forge, Montoyaborough, SD 50542",63712.98,32
4687,John Brooks,"2095 Frank Run Suite 044, Hannafurt, NV 04906",107878.99,28
4688,Jason Thomas,"491 Haney Knolls Suite 914, Danielhaven, MP 50217",100345.81,34
4689,Christopher Cameron,"985 Jason Path Apt. 892, Josephshire, WA 08245",61917.52,24
4690,Ronald Cantu,"21843 Jason Avenue Suite 487, Melindastad, ID 35505",143737.78,33
4691,Selena Smith,"490 Jill Landing Suite 359, Simsside, AS 08268",72606.03,47
4692,James Wallace,"325 Nicholas Union Suite 427, North Isabelmouth, WA 21058",98905.92,60
4693,Sheila Olsen,"798 Yolanda Mews Suite 552, Zacharystad, IN 04698",50833.34,61
4694,Jeffrey Phelps,"04000 Lewis Keys Suite 737, New Laura, MT 66627",59088.29,39
4695,Katherine Jones,"844 Larry Land, Lake Jesse, AK 22733",47427.52,28
4696,Sarah Morrison,"5787 Sheila Ramp Suite 463, Grantstad, IN 46513",75130.52,42
4697,Richard Simmons,"USCGC Barry, FPO AA 20690",39301.66,36
4698,Gary Harper MD,"17696 Valencia Roads, Fletcherville, MD 54169",104295.08,64
4699,Christina Smith,"257 Mcdonald Lights Suite 800, East Shaneville, IA 61466",145277.37,21
4700,Jason Rivera,"5857 Natalie Curve, West Stephanie, AR 24278",43853.19,21
4701,Angela Guzman,"PSC 0643, Box 6977, APO AP 76262",131471.73,23
4702,Ryan Keller,"050 Curtis Trace, South Michelle, MS 76363",49042.07,54
4703,Mary Orr,"677 Kristin Pine, Fostershire, WV 36797",149809.05,45
4704,David Arnold,"392 Yu Plains, Lake Thomasshire, AS 47078",122432.81,38
4705,Kaitlyn Palmer,"PSC 9030, Box 0451, APO AE 77355",170158.62,51
4706,Jessica Gilbert,"716 John Camp Apt. 811, Lake Seanstad, MI 22755",144752.19,59
4707,Kayla Richardson,"105 Emily Square Apt. 498, Sheppardmouth, ND 85778",97270.78,44
4708,Morgan Rodriguez,"Unit 6797 Box 8086, DPO AP 39481",133869.7,42
4709,Calvin Horton,"2334 Valencia Cliffs Suite 891, Woodston, PR 89487",179919.54,36
4710,Amy Washington,"89474 Miller Port, New Alyssa, NY 33437",171443.7,63
4711,Tracey Gutierrez,"6987 Crystal Place, Kathyland, VI 29860",92778.35,60
4712,John Frazier,"81590 Hood Lodge Apt. 291, Heatherfurt, IL 79671",43300.02,43
4713,Dr. Gina Shelton,"891 Kathleen Parkway Apt. 791, Port Ruthmouth, PA 87673",161596.23,27
4714,Briana Baker,"3067 Jones Overpass, East Joehaven, OH 80656",35447.28,65
4715,Daniel Gentry,"688 Hunt Rest Suite 243, Martinezborough, NE 97767",93262.21,29
4716,George Harris,"71089 Lee View Suite 613, New Matthewport, NM 10606",38723.66,28
4717,Sarah Bell,"2187 Nicholas Flat Suite 578, Williamshire, OK 92807",161005.77,38
4718,Donna Lewis,"46929 Baxter Village, South Kimberly, MH 09851",172903.98,36
4719,William Duarte,"PSC 1038, Box 3331, APO AE 21066",88422.33,60
4720,Joann Lawson,"2769 Middleton Spur Apt. 428, East Tracy, MO 29201",134496.81,51
4721,Joshua Wright,"7123 Schmidt Plaza Suite 338, Port Jennifer, WA 93285",109662.53,63
4722,Deborah Wade,"3954 Robert Court, Annafort, MP 91738",62250.57,61
4723,Jose Malone,"Unit 2968 Box 2924, DPO AP 46109",173844.34,41
4724,Laurie Harrison,"563 Melissa Square Suite 258, Deborahhaven, DC 08893",37411.39,44
4725,Mary Brown,"0490 Young Forks, North Elizabeth, FL 88374",161648,41
4726,Yolanda Perry DVM,"48936 Johnston Highway Suite 570, Lake Kimberlymouth, GA 62332",133299.77,35
4727,Heather Terrell,"5736 Martinez Rapid Apt. 864, North Angelicaland, AK 11128",122980.64,46
4728,Lauren Gilmore,"79636 Lawson Dale, West Codyborough, HI 96688",142184.67,26
4729,Carla Thompson,"2029 Krista Isle Apt. 833, New Jessica, MD 88988",85508.42,51
4730,Yolanda Huerta,"9630 Shawna Village Suite 988, Smithton, AL 03025",178096.36,65
4731,James Black,"415 Stephen Knolls, Lake Sarah, AS 95930",166254.4,45
4732,Natalie Stewart,"165 Anna Rapid, South Marystad, CT 46439",77610.13,33
4733,Zachary Johnson,"0129 Bowman Mountain Suite 424, Kevinfort, MT 65114",138231.59,54
4734,Chris Copeland,"221 Gina Key Apt. 761, New Jill, VI 63137",162053.93,53
4735,Maurice Parsons,"PSC 6612, Box 1123, APO AA 78977",39603.13,52
4736,Rodney Davis,"29835 Baker Hills, Davidberg, MP 38470",150539.01,40
4737,David Green,"51158 Thomas Branch, West Crystal, UT 97749",155691.35,56
4738,Carmen Wood,"4633 Christopher Club, Timothyland, VI 09771",178146.84,50
4739,Charles Strong PhD,"901 Stephen Mews, East Travis, NY 49528",59367.66,49
4740,Joel Jackson,"67430 Tammy Throughway, North Marissa, MO 31323",173482.43,51
4741,Jeffrey Bullock,"328 Phillips Loop Suite 126, Wrightmouth, OR 54487",131083.11,36
4742,Colleen Copeland,"31777 Ryan Hill, East Leslie, AS 34565",70286.62,31
4743,Brandon Day,"9587 Patrick Parkways Suite 609, Curtisside, VA 46893",144221.62,63
4744,Allison Wood,"USCGC Clark, FPO AA 95559",136486.81,27
4745,Cory Tran,"179 Herrera Avenue, Catherinestad, MT 87860",98059.54,22
4746,Daniel Simmons,"802 Waters Landing, Mckayland, NJ 78044",58234.12,41
4747,Jared Hernandez,"6747 Denise Ford, Coxfurt, FM 89033",165884.04,38
4748,Lisa Williams,"6241 Wiggins Run Suite 497, Alyssastad, WY 72504",66954.53,37
4749,James French,"182 Mary Plains, West Aprilstad, AZ 55990",131560.24,63
4750,Justin Riley,"406 Jessica View Apt. 479, Lake Donald, RI 65520",52849.23,29
4751,Christine Smith,"9229 Jessica Terrace, Lake Pamelastad, WY 98976",168796.75,61
4752,Danny Mendoza,"55037 Regina Club Suite 247, Russellmouth, VT 77814",140185.09,26
4753,Seth York,"7445 Brian Roads Suite 984, Michaelview, MA 54869",150353.37,42
4754,Christopher Jones,"018 Scott Stravenue Suite 716, South Alexisberg, PA 62339",161431.39,57
4755,Kathryn Taylor,"455 Hamilton Summit, Jacksonland, KS 19182",146118.92,59
4756,Joseph Mcfarland,"7230 Jones Dam Suite 944, Baileystad, CO 61443",44376.72,42
4757,Kaitlyn Wright,"238 Matthew Junctions, Ryanborough, NJ 93053",89666.5,45
4758,Jonathan Moore,"594 Timothy Gardens, Ashleyville, VI 70241",129818.35,56
4759,William Hunter,"947 Fuller Road Apt. 738, Andersonside, ND 53774",175105.96,48
4760,Michael Chapman,"337 Ortega Route Apt. 614, East Madeline, PA 98208",152224.88,35
4761,Claudia Foley,"0919 Sims Crescent, Port Frank, MD 97796",72568.62,39
4762,Jesse Sanchez,"92649 Angela Ports, North Shawn, WI 37934",47713.65,26
4763,Heather Schneider,"Unit 6739 Box 2112, DPO AE 75601",84334.49,58
4764,Joseph Lopez,"10292 Rodriguez Dam, Lake Christine, AL 76550",170895.54,28
4765,Deborah Goodman,"0461 Sarah Crossroad Suite 714, North Richardborough, AS 80785",118061.66,29
4766,Melissa Reeves,"6146 Traci Motorway Suite 696, New Christopher, AK 80539",158732.89,45
4767,Mandy Larson,"PSC 8397, Box 3952, APO AA 29023",118652.94,21
4768,Karen Davis,"0474 Taylor Well Suite 383, Sparksbury, OR 00797",80065.84,58
4769,Michelle Mclean,"5910 Garcia Ford, Kirstenview, PA 57673",112662.44,45
4770,Michele Ramirez,"USS Kennedy, FPO AP 79578",177078.18,41
4771,Paula Velasquez,"551 Shawn Isle Suite 570, South Erika, PA 24577",146835.73,64
4772,Leslie Nixon,"28989 Gwendolyn Extensions Apt. 310, Lauraville, NV 46172",170419.15,29
4773,Cassandra Donaldson,"788 Castro Shoal, New David, OH 77452",110363.95,59
4774,Jesse Tyler,"508 Larry Gateway, Karenside, AR 72294",120662.52,27
4775,Helen Woods,"92829 Charles Loaf, West Jenna, ND 03332",92320.3,55
4776,Patricia Davis,"865 James Camp, Reidfurt, MO 85874",158592.49,41
4777,Glenn Crawford,"238 Kristopher Brooks Apt. 666, Port Jennifer, DC 48606",55981.61,39
4778,Sharon Smith,"USNS Clark, FPO AA 93665",156396.41,52
4779,Mark Baker DVM,"USNV Lester, FPO AP 46819",133597.23,30
4780,Christian King,"PSC 9867, Box 9422, APO AE 47874",122212.48,30
4781,Haley Cunningham,"5130 Emily Forks Apt. 972, Lake Rebeccaton, WI 24354",143323.69,65
4782,Jessica Romero,"3550 Santos Meadow Suite 540, Chapmanbury, WI 86592",39979.86,41
4783,Tiffany Johnson,"32723 Gentry Loop, Lake Mark, OH 28311",79789.26,65
4784,Barry Landry,"5655 Brett Courts Apt. 320, Tracyborough, NH 14359",52902.28,57
4785,Samantha Poole,"1277 Benitez Road, North Coreyview, SD 51639",104351,34
4786,Charles Cantrell,"92726 Guerrero Mount, Kristinstad, HI 80442",106778.7,45
4787,Paul White,"02293 Andrea Plains, Karenland, CO 53293",43527.83,42
4788,Jose Stone,"64942 Tammy Divide, Randallland, NY 90935",57141.82,34
4789,Frederick Collins,"17268 Stephanie Turnpike Apt. 556, Zhangland, OR 17958",157970.14,35
4790,Angela Green,"71544 Melissa Lane Apt. 890, Milesborough, CA 41609",136559.07,24
4791,David Larson,"USNS Cohen, FPO AP 64688",168857.89,32
4792,Jennifer Burke,"20585 Kathryn Overpass, Kyliehaven, MN 68039",159232.93,46
4793,Joseph Sherman,"33693 Mary Creek Suite 720, New Meganland, DC 48294",78369.76,63
4794,Jonathan Nichols,"7338 Robert Isle Apt. 567, West Juliestad, ID 39108",167294.57,31
4795,David Ross,"1534 Rogers Turnpike Suite 044, South Christopher, AZ 87002",178704.17,56
4796,Christina Knight,"1865 Ellis Plaza, Meganport, TN 68657",91881.41,48
4797,Monica Ewing,"390 Rich Forge Apt. 159, Gonzalezchester, AK 38885",133295.31,43
4798,Micheal Rubio,"USS Shea, FPO AA 11621",144868.56,46
4799,Elizabeth Hill,"315 Nicole Parkway, Smithton, MN 23273",45414.37,39
4800,Chelsea Ortega,"756 Camacho Stravenue Suite 363, East Linda, VT 03362",75942.79,33
4801,Michael Roberts,"173 David Locks Suite 711, Christianfort, IL 39252",136660.76,56
4802,Melissa Odom,"65979 Perez Trail Apt. 017, Lake Rebeccaland, FM 34109",92097.01,29
4803,Anthony Walton,"726 Julie Wall, Lake Kevin, WY 26259",81895.69,58
4804,Tara Bauer,"36739 Pham Mews, Franklinmouth, OH 59446",160549.04,24
4805,Alicia Eaton,"88322 Christy Walks Suite 028, East Chase, KY 33011",158222.41,40
4806,Gregory Benson,"102 Crystal Keys, East Lukebury, OH 09716",101342.21,31
4807,Michael Anthony,"559 Heather Square Suite 545, Patriciaburgh, WI 09337",118687.82,49
4808,Melinda Montoya,"544 Young Plains Suite 183, New Martin, AS 05072",135913.55,39
4809,Alexander Patel,"984 Thompson Walks, Perryside, VT 70786",165096.62,34
4810,Dennis Montoya,"PSC 4341, Box 8424, APO AE 42998",66629.79,33
4811,Rebecca Hunt,"539 Khan Flat Apt. 859, West Christina, IA 37087",141621.24,21
4812,Thomas Freeman,"3063 Cox Station Suite 190, South Jimmyport, GA 93728",87522.74,57
4813,John Jacobs,"57622 Mason Harbors Apt. 824, Sherrystad, IN 94203",49782.44,30
4814,Patricia Jackson,"92996 Moore Avenue, Tapiafort, VA 87431",89600.59,48
4815,Andrea Mills,"227 Michael Divide Suite 591, Riveraport, ID 34887",133519.56,31
4816,Stephanie Ford,"89391 Kathryn Walk Apt. 811, North Annton, AS 11846",169267.87,27
4817,Timothy Hunt,"206 Matthew Dam Suite 344, West Melissaside, OK 04426",86559.66,51
4818,Brandon Flowers,"4472 Thomas Shoal, Johnland, DE 62419",61046.77,24
4819,Justin Wang,"98287 Kelsey Glens Suite 959, New Anne, OH 62973",52015.29,53
4820,Todd Lloyd,"716 Park Wells Suite 411, Juliefort, MO 22392",129264.18,58
4821,Mary Berry,"916 Timothy Common Apt. 276, Port Alexis, AS 07093",97904.11,30
4822,Richard Soto,"045 Jacob Corner, East Jonathanborough, VA 64328",125911.02,46
4823,Tony Washington,"6542 Olivia Place Suite 664, Susanton, NV 05246",70525.15,28
4824,Brian Palmer Jr.,"02090 Randy Heights, Jasonland, RI 30021",69924.04,52
4825,Joseph Hunt,"8588 Heather Pike, Lake Jamesberg, AS 33728",78889.99,59
4826,Michael Gonzales,"PSC 2177, Box 0253, APO AP 92254",173410.53,62
4827,Jeffery Preston,"PSC 9779, Box 1099, APO AE 87223",143054.03,65
4828,Terri Rosales,"582 Brown Squares Suite 914, Michaelshire, WY 22695",178718.77,63
4829,Omar Butler,"95236 John Throughway, Stewartport, HI 34242",130485.23,50
4830,Louis Miller,"685 Cohen Valleys, East Danny, KY 49439",160409.89,62
4831,Lindsey Robinson,"770 Caroline Ville, Adambury, MD 13274",90404.63,61
4832,Marcus Moon,"4830 Amber Circle Suite 551, New David, CA 69676",129713.34,44
4833,John Sullivan,"9078 Kevin Fields, Ponceville, PW 53253",36682.35,28
4834,Jeffery Paul,"8366 Emily Centers, Hahnborough, WA 68381",46982.36,52
4835,Samantha Barber,"Unit 1174 Box 9538, DPO AA 53436",128004.35,53
4836,Joseph Bonilla,"4331 Lawrence Overpass Suite 608, North Shawnbury, TX 62101",67615.58,58
4837,Christopher Martinez,"PSC 1981, Box 0250, APO AA 70688",118082.38,57
4838,Chelsea Lewis,"Unit 3502 Box 0672, DPO AE 88334",104527.26,65
4839,Bonnie Chavez,"676 Miller Port Apt. 864, Meyerhaven, TX 84956",143077.1,58
4840,Dr. William Hunter,"5760 Joshua Court Apt. 469, East Michaelfurt, WI 70597",61259.01,51
4841,Jeffery Dougherty,"909 Darius Forges Apt. 287, East Eugene, AR 56370",179993.36,65
4842,Mariah Barrett,"6703 David Loop, Lake Johnberg, DE 37176",97880.19,57
4843,Morgan Farrell,"Unit 2843 Box 8632, DPO AE 22401",53159.28,41
4844,Tracy Spence,"5780 Webb Port, Calebfurt, KY 17247",44207.25,55
4845,Kelly Bradley,"68667 Daniel Path, Vazquezside, CT 93036",61809.03,65
4846,Steven Kirby,"7119 Anderson Turnpike, Baileyborough, AK 51932",37863.23,56
4847,Sharon Wise,"4755 Black Dam Suite 427, Oneillville, FM 74223",153532.11,54
4848,Marilyn Miller,"0018 Gardner Knolls Suite 480, West Richard, WA 56123",105841.67,54
4849,Gregory Mitchell,"42225 Victoria Lock Apt. 817, North John, IN 07263",156385.87,55
4850,Patricia Johnson,"183 Morrison Curve Suite 897, Lake Johnfort, IL 74090",138493.62,62
4851,Katherine Hernandez,"43240 Johnson Tunnel, Barbaraville, IA 70286",52992.95,34
4852,Stephen Benton,"79724 Rachel Glens, East Elizabeth, MT 42054",175023.75,28
4853,Joseph Wilson,"11334 Shannon Circles, Sherichester, TX 52539",61196.31,59
4854,Thomas Edwards,"755 Stephanie Shore Suite 978, Welchshire, OR 57618",135806.3,21
4855,Steven Boyd,"97422 Collins Way Suite 539, Castanedamouth, MN 29277",115434.66,41
4856,Tyler Vincent,"3581 Scott Square, East Kellystad, MT 63048",52841.57,29
4857,Lori Smith,"21474 Jefferson Ville Apt. 148, East Lauren, TN 58999",118386.75,62
4858,Kristy Martinez,"754 Christopher Centers Suite 783, Washingtonchester, FM 02716",58375.49,56
4859,Laura Meyer,"Unit 7992 Box 8630, DPO AP 22931",72230.27,23
4860,Ronald Bernard,"54316 Vazquez Avenue, Brendanshire, FL 22287",47268.5,28
4861,Dawn Heath,"6064 Stephanie Greens Suite 278, Russellhaven, AL 01084",108391.51,44
4862,Brian Farrell,"780 Chavez Mills Suite 583, East Emilyland, FL 77616",175110.04,31
4863,Isaiah Rogers MD,"Unit 8939 Box 8861, DPO AP 15431",96342.44,63
4864,Leah Morris,"4162 Duffy Lake, Port Lisaland, WV 65441",35012.41,40
4865,Kathy Harper,"873 Johnson Cove, North Emilystad, IL 47248",41694.11,54
4866,Cynthia Mcneil,"Unit 5258 Box 0009, DPO AA 25860",166169.83,39
4867,Andrew Christensen,"31665 Theresa Forge Suite 010, New Bobby, MO 12974",130577.85,49
4868,Frances Hodges,"92441 John Place, East Gerald, LA 61009",55278.98,52
4869,Matthew Nguyen,"2854 Williamson Mill, North Cindychester, SC 80280",135789.72,54
4870,Amanda Wilson,"611 Annette Stream Suite 527, East Biancatown, KY 21213",167063.56,43
4871,Joseph Thompson,"816 Evans Ford, Harriston, AZ 77924",122894.96,53
4872,Christopher Greene,"390 Garcia Rue, Rebeccaton, MS 30915",65426.73,27
4873,Douglas Hess,"91646 Michelle Stravenue, West Annastad, IL 05596",131079.46,23
4874,Jennifer Gamble,"19452 Jessica Crossroad Apt. 903, Jonesfurt, MA 35716",69379.55,33
4875,Edward Martinez,"26237 Hinton Grove Suite 962, Harrisstad, PR 82721",55541.76,34
4876,Sheri Clark,"7480 Coleman Loop, Port Nicolechester, MD 40646",173826.32,59
4877,Nicholas Gillespie,"4951 Kidd Hills Apt. 493, South John, KS 70140",115050.24,58
4878,Kimberly Wells,"594 Stephanie Mountains, Port Robertton, FM 73024",87064.45,29
4879,Brian Lewis,"85802 April Causeway Suite 460, New Rachel, TX 83052",140720.14,48
4880,Joseph Washington,"8043 Karen Tunnel, Lake Tiffanychester, OR 55234",45782.15,37
4881,Robert Evans,"307 White Causeway Suite 802, Lake Stephen, IN 74759",72797.79,62
4882,Laura Salazar,"77476 Anthony Tunnel Suite 105, South Andrea, ME 79215",166030.69,46
4883,Kayla Williams,"USNV Taylor, FPO AE 70037",101129.82,37
4884,Mariah Carr,"0778 Perez Ports Suite 091, West Chloehaven, MH 86882",133096.22,65
4885,Wayne Combs,"87905 Walker Summit Suite 778, North Amandaside, CT 32591",55770.37,34
4886,Jeffrey Maynard,"31699 Forbes Club, New Gregory, ND 16218",45230.92,38
4887,Bradley Mata,"94292 Beltran Manors, Markbury, ND 40568",179327.09,65
4888,Carla Evans DDS,"97357 Amanda Vista Apt. 853, Port Dominic, WV 13935",128607.83,44
4889,Hannah Moore,"Unit 5487 Box 8970, DPO AP 58783",116728.11,62
4890,Ross Freeman,"614 Logan Trafficway, Lowebury, MP 08897",153973.69,59
4891,Allison Hernandez MD,"50824 Lucas Roads, West Christianborough, MI 44416",58786.25,30
4892,Tracy Moody,"841 Reed Underpass Suite 473, Maxwellmouth, NC 84980",80872.25,48
4893,Kathleen Mendoza,"4779 Young Corner, New Scottstad, NV 48835",89946.58,59
4894,Travis Reeves,"0747 Jason Glen, New Robert, FL 54280",70887.16,38
4895,Matthew Fox,"930 Contreras Cape Suite 757, Port Annettemouth, ME 90146",53070.08,28
4896,Barbara Christian,"11595 Charles Plaza Suite 719, Floresland, MO 35462",134176.99,47
4897,Scott Schmidt,"439 Sherman Lane Apt. 108, Mcclainside, WI 47041",44564.11,61
4898,Tracey Collins DVM,"813 Rodriguez Rest Apt. 477, New Ryanfort, IN 01077",47901.25,42
4899,Natasha Burton,"92415 John Haven, North Stevenmouth, CT 27290",147820.29,30
4900,Jessica Jones,"89508 Erin Locks Suite 877, New Thomas, OH 50413",160984.03,35
4901,Jerry Clark,"252 Cabrera Spur Suite 046, Shannonmouth, IN 84016",74678.78,27
4902,Jimmy Rangel,"729 Aaron Avenue Apt. 920, New Gary, NE 27756",89687.62,35
4903,Emily Park,"788 Smith Summit Apt. 212, Laurenchester, PR 41315",89901.69,27
4904,Jeff Rodriguez,"9483 Thomas Corners Apt. 991, Gloriaview, UT 17477",148496.37,28
4905,Jordan Ruiz,"6296 Charles Trace Suite 139, Williamsside, ID 68294",60481.05,40
4906,Andrea Patterson,"416 Sullivan Mountains, New Sharon, TX 56747",120379.92,52
4907,Alexandra Graham,"17562 Greene Drive Apt. 383, North Earl, PR 55340",48853.38,43
4908,Veronica Hood,"USNS Cervantes, FPO AP 70923",136566.05,39
4909,Leslie Cobb,"384 Wilson Spurs Suite 981, Port David, TN 08927",114973.62,59
4910,Keith Hill,"PSC 2990, Box 3253, APO AA 14638",49364.59,24
4911,Daniel Mills,"8952 Olson Tunnel, Port Kelly, MP 38201",59758.38,45
4912,Jennifer Barnes,"382 Jerome Loop Suite 808, Myersland, MI 21289",61197.51,64
4913,Annette Ramos,"6203 Jenkins Light Apt. 944, Salazarside, OR 48981",175360.04,55
4914,Amber Scott,"626 Michael Pines Suite 616, New Richard, RI 87254",114992.4,46
4915,Rebecca Moses,"PSC 2810, Box 8717, APO AP 52517",104144.97,29
4916,Brittany Wilson,"868 Eric Manors Apt. 471, Dominiqueland, TN 31147",72563.85,64
4917,Bobby Vasquez,"18357 Chung Trail Suite 087, North Jordantown, VI 54165",109466.99,30
4918,Heather Rocha,"5552 Dominguez Mews Suite 415, Stephenland, RI 07265",130346.63,30
4919,Judy Lawson,"174 Sandra Plaza Apt. 804, Port Alexandermouth, MO 27410",89926.1,38
4920,Shannon Hart,"22178 York Junctions Apt. 661, Copelandstad, OK 56847",42665.37,61
4921,Theresa Miller,"96219 Gray Center Apt. 932, Schwartzmouth, UT 83771",176302.48,36
4922,Austin Cortez,"4781 Church Ramp Suite 552, New Phillipton, NV 50343",133341.21,47
4923,Richard Taylor,"01889 Murray Trafficway, Shannonside, MO 21783",137484.08,32
4924,Sean Rios,"60209 Martinez Plaza Suite 860, Madisontown, VA 79398",98649.2,43
4925,Terri Benjamin,"0618 Davis Pass Suite 204, Lake Shaun, NY 12312",150777.99,53
4926,Rebecca Moreno,"826 Thomas Lake, Howardchester, PA 05192",76588.85,48
4927,Michael Gonzalez,"804 Lewis Branch Suite 717, Spencerborough, PR 77733",110486.23,35
4928,Jennifer Mitchell,"82580 Teresa Ramp, West Christopher, MT 98347",79252.18,26
4929,Carol Miller,"796 Maxwell Harbor, Port Adamton, CA 18066",172380.92,47
4930,Michelle Nelson,"73108 Heather Walk, Lake Amandatown, MA 27708",146733.87,26
4931,Marcus Johnston MD,"USCGC Hays, FPO AE 71276",127028.12,25
4932,Gary Morse,"6897 Jason Stream Apt. 848, New Marktown, AK 01751",140843.19,26
4933,Jacob Newman,"354 Brenda Ports Apt. 209, South Kathleen, OR 43425",58941.4,24
4934,David Fisher,"77157 Tyler Cape Apt. 872, Andersonville, NH 66593",47264.84,39
4935,Carol Case,"4879 Mcdonald Loaf, Port Donald, WA 62080",115353.17,52
4936,Anthony Mosley,"252 Allison Forks, New Anntown, FL 45337",152210.3,21
4937,Sydney Thomas,"Unit 8471 Box 2449, DPO AA 63811",174514.12,48
4938,Lori Mcintyre,"5505 April Freeway Apt. 443, Edwardchester, KS 99101",133169.79,29
4939,Christopher Perez,"3318 Phillips Gardens, Herreraburgh, MP 84155",104550.11,53
4940,Christopher French,"385 Christopher Rapids Suite 795, Wyattfort, MO 03687",134342.67,64
4941,Patricia Rowe,"43205 Fox Avenue, South Frank, CT 65007",163771.68,65
4942,Kelly Gonzales,"505 Grant Trace, New Susan, MO 95792",53080.28,21
4943,Wendy Alvarez,"867 Cook Divide, Lake Amber, PR 74788",124361.56,21
4944,John Lopez,"817 Tyler Lakes, Kathrynstad, NY 74299",138553.21,65
4945,Wayne Thompson,"74111 Stephanie Gateway, Melissaville, CT 52992",112477.1,43
4946,Jeremy Bartlett,"2202 Martin Tunnel Suite 238, Lake Joseph, TX 58736",70412.81,63
4947,Devin Harris,"780 Fields Summit, New Lauraburgh, NV 44637",172875.92,54
4948,Justin Morgan,"USNV Hernandez, FPO AE 07540",134191.32,23
4949,Michael Madden,"46963 Davis Prairie Suite 412, Brendastad, MS 71126",123069.16,31
4950,Regina Carlson,"91974 Ronnie Groves, North Kimland, NV 90605",132805.71,54
4951,Robert Pena,"090 Jimmy Courts, Rodriguezfort, CO 70061",166050.8,32
4952,Jason Clark,"9219 Jeffrey Drive Suite 171, Paulfurt, VT 62252",45892.74,29
4953,Joseph Walsh,"USS Diaz, FPO AP 31007",109484.25,24
4954,Michael Johnson,"558 Morgan Club, South Edwardland, GA 67729",96294.73,45
4955,Linda Rodriguez,"49636 Mcguire Brooks Apt. 903, North Andreatown, FM 79641",59720.17,28
4956,Matthew Powell,"PSC 6508, Box 5624, APO AA 44551",84004,64
4957,Joseph Lara,"042 Sanders Plaza, Codybury, FM 62543",71215.96,55
4958,Shannon Washington,"5814 Adam Drive Apt. 459, South Joseph, AS 53125",158362.67,28
4959,Nancy Jackson,"555 Cameron Avenue Suite 878, South Paultown, FL 79681",77059.39,51
4960,Andrew Robertson,"580 Nelson Tunnel Suite 996, North Stephanie, NC 64636",77564.03,34
4961,Lori Bartlett,"51960 Hunter Circle, Monicatown, MA 46957",35323.97,61
4962,Elizabeth Bryant,"25157 Robinson Canyon, West Amberhaven, KY 75030",117482.08,34
4963,Casey Lawrence,"1109 Lynch Turnpike, New James, MO 21354",168843.17,62
4964,Edwin Cochran,"93373 Patrick Point Apt. 828, Peckborough, ND 73430",109751.71,23
4965,Raymond Norris,"4862 David Shoals Suite 369, Apriltown, AL 84633",170635.09,60
4966,Krista George,"416 Cantrell Run Apt. 163, North Anne, IA 98051",158011.01,24
4967,Shane Dawson,"777 Kevin Ferry, Jenniferville, OK 77574",86582.89,60
4968,Kevin Young,"9459 Torres Row Apt. 451, Robinsonstad, CT 49449",101751.31,40
4969,Kayla Mcbride,"PSC 4592, Box 0213, APO AA 73505",86314.45,21
4970,Christopher Fisher,"80287 Marcus Shoal, Davidmouth, IA 58212",85709.65,32
4971,Julia Torres,"628 Wells Groves Apt. 311, Ramirezside, OR 52852",93299.87,21
4972,Amy Lopez,"743 Becky Prairie, New Adamstad, AR 39721",49693.98,52
4973,Monica Davis,"46281 Morrison Forest Suite 883, North Ellenville, VA 96410",63643.94,54
4974,Natalie Everett,"8135 Craig Garden Apt. 197, Lake Susan, DE 66494",109576.2,30
4975,Russell Horton,"5351 Tran Meadow Apt. 858, Kathleenmouth, VT 18698",94554.26,52
4976,Meghan Chavez,"55889 Dawn Forge, East Luis, NM 46044",36002.02,63
4977,Karen Collins,"9704 Harold Canyon Apt. 445, East Jenniferfort, WI 04941",71269.54,51
4978,Beverly Browning,"187 Wagner Radial Apt. 868, Snyderville, KS 75799",92327.03,40
4979,Jeffrey Foster,"USS Davis, FPO AP 85396",87851.88,32
4980,Kristin Garcia,"Unit 1842 Box 5264, DPO AE 41763",112781.97,38
4981,Karina Cook,"175 Hernandez Coves, Robertaberg, GU 07242",50760.77,49
4982,Sara Levy,"7664 Brett Curve, East Susanberg, MA 71133",130160.55,49
4983,Jacqueline Calderon,"PSC 2828, Box 5971, APO AE 15593",58465.97,43
4984,Joseph Watson,"049 Velasquez Squares Suite 094, Lake Daniel, UT 76396",143328.21,21
4985,Andrea Kennedy,"1759 Antonio Springs Apt. 617, Herreraview, ME 33952",87089.33,33
4986,Samuel Alvarado,"30368 Walker Via Apt. 911, Angelaview, IL 93547",51046.52,39
4987,David Brown,"2274 Mark Hollow Apt. 439, Andrewtown, ME 89008",40837.16,46
4988,Alexandra Torres,"92763 Waller Roads, Thompsonside, WV 93788",96053.09,42
4989,Dr. Alyssa Carr,"41452 Jonathan Avenue Apt. 406, Port Alexa, ND 55086",165644.68,31
4990,Martha Watts,"Unit 8475 Box 9518, DPO AA 44973",131599.7,51
4991,Jamie King,"4406 Andrew Forest, West Angela, MH 78026",174156.33,38
4992,Julie Phillips,"712 Adrian Road Apt. 577, New Molly, MH 73222",52224.88,52
4993,Christine Green,"83457 Adrian Cove Apt. 025, Lake Carmen, MA 59452",114767.93,64
4994,Kristina Hall,"Unit 3417 Box 2050, DPO AA 95250",138576.54,41
4995,Jamie Ramos,"627 James Dale Suite 013, South Maxwell, NV 31383",143908.04,46
4996,Courtney Cunningham MD,"5233 Watson Throughway, Colleenburgh, AZ 67767",107769.49,45
4997,Michael Johnson,"443 Wood Port, Port Markburgh, NM 55732",54055.56,27
4998,Rebecca Chen,"42370 Paul Junction Suite 131, New Suzanne, IN 93421",149943.38,29
4999,Jamie Shields,"888 Howard Mountain Suite 029, Mckenzieside, WV 79462",57553.59,53
5000,Timothy Jones,"505 Amber Points, Lake Melissa, ND 20975",36979.1,64